speech_id,date,title,tone_mean,tone_median,pos_share,neg_share,neu_share,n_sent,label_majority
0,2020-03-03,Staying on Track in 2020: Sustaining Positive PH Growth Inflation Dynamics,-0.36176043614629866,-0.39181551337242126,0.20833333333333334,0.5625,0.20833333333333334,96.0,negative
1,2020-02-28,Finding Opportunities in a Borderless World,-0.12149268687600291,-0.14340704679489136,0.432,0.512,0.048,125.0,negative
2,2020-02-27,Gearing up for the Road Ahead: With Foresight and Purpose,-0.30398847364965115,-0.485687792301178,0.234375,0.5859375,0.1640625,128.0,negative
3,2020-02-06,A Strong Nation Amid A Slowing and Volatile World,-0.3111248870835669,-0.4369140565395355,0.25287356321839083,0.5747126436781609,0.14942528735632185,87.0,negative
4,2020-01-31,Welcome Dinner Remarks,0.39750635710734766,0.44769418239593506,0.6842105263157895,0.2631578947368421,0.05263157894736842,19.0,positive
5,2020-01-30,Accounting as the Language of Business: Some Perspectives from the Bangko Sentral,-0.03198693933641836,0.033092647790908813,0.503030303030303,0.45454545454545453,0.04242424242424243,165.0,positive
6,2020-01-28,"The Philippine Economy: Towards a More Inclusive, A-rated Economy",-0.1946904464858613,-0.30027756094932556,0.36363636363636365,0.5537190082644629,0.0743801652892562,121.0,negative
7,2020-01-24,"A Good 2019, A Better 2020",-0.26922026675494587,-0.3261486887931824,0.2857142857142857,0.6571428571428571,0.05714285714285714,70.0,negative
8,2020-01-21,Opening Remarks,0.5044593255377893,0.7530335187911987,0.7,0.2,0.06666666666666667,30.0,positive
9,2020-01-09,"The Philippine Economy in 2020: Looking Back, Moving Forward",-0.21753332206457685,-0.20285606384277344,0.3333333333333333,0.5259259259259259,0.11851851851851852,135.0,negative
10,2019-12-17,Speech for the Governor,0.24129622934970396,0.49864915013313293,0.65,0.35,0.0,20.0,positive
11,2019-12-02,Presentation at the Digital Payments Leaders Summit,-0.08045916701829074,-0.013990208506584167,0.5,0.5,0.0,30.0,positive
12,2019-12-02,Opening Statement,-0.27317537239114326,-0.11509165167808533,0.38461538461538464,0.6153846153846154,0.0,13.0,negative
13,2019-11-26,Keynote CMA: on BSP's 3-pronged approach to MSME financing,0.08627258965133638,0.2522810101509094,0.5373134328358209,0.373134328358209,0.05970149253731343,67.0,positive
14,2019-11-25,Speech of Governor Benjamin E. Diokno on the 4th International Islamic Finance Conference,0.2317734634002241,0.415968120098114,0.6216216216216216,0.3108108108108108,0.05405405405405406,74.0,positive
15,2019-11-25,Financial Health for Filipinos through Financial Education,0.2530206336729696,0.4287651479244232,0.6781609195402298,0.28735632183908044,0.022988505747126436,87.0,positive
16,2019-11-21,Sustainable Finance Towards a Climate-Resilient Philippine Economy,0.12300147733367686,0.22444842755794525,0.5172413793103449,0.3448275862068966,0.08045977011494253,87.0,positive
17,2019-11-20,Keynote Message,0.16083744085806223,0.40390968322753906,0.5818181818181818,0.4,0.01818181818181818,55.0,positive
18,2019-11-18,Message of Governor Benjamin E. Diokno on the Opening Ceremomies of the XXIII Pacific Rim Banknote Conference,-0.012822730054382149,-0.13810789585113525,0.4375,0.5625,0.0,16.0,negative
19,2019-11-18,Closing Remarks for DOLE on the importance of transaction accounts for employee,0.263873155037924,0.5641720294952393,0.7058823529411765,0.27450980392156865,0.0,51.0,positive
20,2019-11-18,Welcome Remarks,0.35247449268054565,0.5521859526634216,0.7272727272727273,0.2727272727272727,0.0,22.0,positive
21,2019-10-23,Keynote Message,0.15485774311754438,0.4662926197052002,0.6428571428571429,0.35714285714285715,0.0,42.0,positive
22,2019-10-17,Philippine Identification System: Paving the Way towards Financial Inclusion,0.19355864324419386,0.6741487383842468,0.6,0.35,0.05,20.0,positive
23,2019-10-16,Opening Statement,-0.29954048189187243,-0.5143333673477173,0.3,0.5714285714285714,0.11428571428571428,70.0,negative
24,2019-10-11,Financial Inclusion: A Social Mandate,0.2926569055854841,0.6460162401199341,0.7407407407407407,0.2037037037037037,0.037037037037037035,108.0,positive
25,2019-10-11,Inclusion and Digital Transformation: A Collaborative Approach to Regulating Fintech,0.234263818902911,0.6052467823028564,0.5932203389830508,0.3898305084745763,0.0,59.0,positive
26,2019-10-10,"The Philippine Economy: Moving the Financial Services Industry Forward Through Inclusive Technology, Green Initiatives",0.13700785758611683,0.3061072826385498,0.5660377358490566,0.37735849056603776,0.03773584905660377,106.0,positive
27,2019-10-08,The Philippine Economy: Bright Prospects Ahead,-0.14126883557196274,-0.3947228193283081,0.35714285714285715,0.5833333333333334,0.03571428571428571,84.0,negative
28,2019-09-25,Regulations and Policies to Empower Financial Institutions And Reach Undeserved Population through Technology and Innovation,0.2688365725824429,0.5595207810401917,0.6344086021505376,0.3333333333333333,0.03225806451612903,93.0,positive
29,2019-09-24,The Philippine Economy: Sustaining Resilience Through Transformational Reforms,-0.24618646836331493,-0.4607129395008087,0.32727272727272727,0.5818181818181818,0.07272727272727272,110.0,negative
30,2019-09-17,"One Team, One Goal: Resilient Partnership Towards Inclusive Economic Growth",-0.34399977886141875,-0.6426992416381836,0.2553191489361702,0.6382978723404256,0.0425531914893617,47.0,negative
31,2019-09-13,Message during signing ceremony of MOU between BSP and BCDA,-0.05073093119188674,-0.07844075560569763,0.48484848484848486,0.5151515151515151,0.0,33.0,negative
32,2019-09-05,A View on Meaningful Banking,-0.17274264178914817,0.06816700100898743,0.5,0.5,0.0,12.0,positive
33,2019-09-02,Opening Remarks,-0.11248545856045843,-0.22849667072296143,0.47619047619047616,0.5238095238095238,0.0,21.0,negative
34,2019-08-27,The PH Economy: Sustaining Resilience Amid Uncertainties,-0.2678096580819461,-0.4188604950904846,0.225,0.6,0.175,80.0,negative
35,2019-08-19,Opening Remarks: Evolving Inflation Dynamics,0.024750596406951625,0.15423588454723358,0.48,0.36,0.1,50.0,positive
36,2019-08-18,Dinner Remarks for BIS-BSP Research Conference,0.40610720041920156,0.5528541207313538,0.8,0.2,0.0,10.0,positive
37,2019-08-16,The Road to Financial Inclusion and Sustainable Economy,-0.007348111464044611,0.14389951527118683,0.5408163265306123,0.3979591836734694,0.05102040816326531,98.0,positive
38,2019-08-06,Philippines: Weaving an Unprecedented Growth Story,-0.24161761035367782,-0.2358437031507492,0.3178294573643411,0.5271317829457365,0.11627906976744186,129.0,negative
39,2019-07-26,Central Banking Beyond Numbers,0.1207311322228818,0.5133601427078247,0.6222222222222222,0.3111111111111111,0.044444444444444446,90.0,positive
40,2019-07-23,Fueling the Growth Engine,-0.06611232974611551,-0.052320096641778946,0.4230769230769231,0.4807692307692308,0.09615384615384616,52.0,negative
41,2019-07-03,Governor's Message during Media Launch of New Generation Banknotes bearing Gov. Diokno's Signature,0.20681833220379695,0.4072745442390442,0.6875,0.3125,0.0,16.0,positive
42,2019-06-21,Welcome Remarks to the GRIPS Academic Conference,0.48951988184864476,0.7470319271087646,0.7619047619047619,0.23809523809523808,0.0,21.0,positive
43,2019-06-19,The Philippine Economy: A Story of Cautious Optimism,-0.17434314698632297,-0.03062228485941887,0.3,0.5,0.13333333333333333,60.0,negative
44,2019-06-19,Fueling Growth of FDIs in the Philippines: The BSP as an Enabler,-0.18703807216533802,-0.4156511723995209,0.37,0.55,0.08,100.0,negative
45,2019-06-18,Sustained Partnerships in Financial Inclusion,-0.1913138848373456,-0.18282130360603333,0.39473684210526316,0.6052631578947368,0.0,38.0,negative
46,2019-06-14,Data Governance Seminar,0.48590668222442496,0.7830170392990112,0.8181818181818182,0.15151515151515152,0.030303030303030304,33.0,positive
47,2019-06-06,Sustaining the Philippine Growth Momentum,-0.16186015298116196,0.00992816872894764,0.4117647058823529,0.45098039215686275,0.12745098039215685,102.0,negative
48,2019-05-17,Ensuring Price Stability through Monetary Policy,-0.22931105720493206,-0.10531485080718994,0.3088235294117647,0.47058823529411764,0.19117647058823528,68.0,negative
49,2019-04-29,Continuing the Legacy: Key BSP Reforms for Sustained and More Inclusive Growth,-0.20331293568831732,-0.1317225843667984,0.44339622641509435,0.5377358490566038,0.009433962264150943,106.0,negative
50,2019-03-29,Beyond Conventions: Harnessing the BSP Multiplier Amidst Shifting Sands,-0.10197655462313177,-0.006504509598016739,0.37623762376237624,0.4752475247524752,0.12871287128712872,101.0,negative
51,2019-03-26,"Continuity, Collaboration and a Better Future",-0.022873955282002697,0.2184464931488037,0.5444444444444444,0.45555555555555555,0.0,90.0,positive
52,2019-03-08,Policy Continuity and Institutional Independence,-0.3424021862506487,-0.4170699119567871,0.358974358974359,0.6153846153846154,0.02564102564102564,39.0,negative
53,2019-02-28,Remarks at the Necrological Services for the Late Gov. Nestor Espenilla Jr.,0.5230033832291762,0.7194571495056152,0.8611111111111112,0.125,0.013888888888888888,72.0,positive
54,2019-02-26,In Memory of Governor Nesting,0.2563426068826882,0.6636345982551575,0.7272727272727273,0.23636363636363636,0.01818181818181818,55.0,positive
55,2019-02-18,Pinansyal na Talino at Kaalaman Para sa Kinabukasan,0.5324026256385777,0.7280325889587402,0.9264705882352942,0.058823529411764705,0.0,68.0,positive
56,2019-01-25,"Optimism, Commitment and Reform",-0.1986795979597101,-0.16512170433998108,0.36470588235294116,0.5529411764705883,0.08235294117647059,85.0,negative
57,2019-01-24,Reflections and Resolutions,-0.24532867773412895,-0.4874054789543152,0.2682926829268293,0.5853658536585366,0.13008130081300814,123.0,negative
58,2019-01-21,Weaving the Financial Stability Narrative in the Asean Region,0.4491623771738168,0.6273905038833618,0.7857142857142857,0.11904761904761904,0.05952380952380952,84.0,positive
59,2019-01-03,Learning from Eagles,0.14973603511018732,0.5365442037582397,0.6736842105263158,0.2736842105263158,0.042105263157894736,95.0,positive
60,2018-12-12,Speaking Through,0.1009315647517554,0.42950838804244995,0.6274509803921569,0.35294117647058826,0.0196078431372549,51.0,positive
61,2018-10-30,Continuity Plus Plus in the Domestic FX Market,0.02559294288861003,0.1014617383480072,0.5434782608695652,0.43478260869565216,0.0,46.0,positive
62,2018-09-17,Coming Together for MSME Development,0.103304695476899,0.277626097202301,0.5853658536585366,0.3170731707317073,0.0975609756097561,41.0,positive
63,2018-08-28,Ensuring Price Stability through Monetary Policy,-0.13297832583019373,-0.02759464457631111,0.3888888888888889,0.4444444444444444,0.14814814814814814,54.0,negative
64,2018-08-28,Press Statement for the 2017 Financial Stability Report Press Briefing,0.14441803996148178,0.4314896762371063,0.5483870967741935,0.41935483870967744,0.03225806451612903,31.0,positive
65,2018-08-17,What it Means: The BSP's Mandates and Impact on Filipino Lives*,0.0629019244559996,0.07759222388267517,0.4774774774774775,0.45045045045045046,0.06306306306306306,111.0,positive
66,2018-08-14,Monetary Policy and Inflation Dynamics,-0.20428243193724002,-0.04573720693588257,0.32558139534883723,0.45348837209302323,0.16279069767441862,86.0,negative
67,2018-08-13,Moving the Discussion Forward,0.24279684953880634,0.46408331394195557,0.6363636363636364,0.29545454545454547,0.045454545454545456,44.0,positive
68,2018-08-08,Central Bank Evolution in the Digital Age,-0.05655921904662936,0.23597125709056854,0.5,0.41964285714285715,0.044642857142857144,112.0,positive
69,2018-08-07,Opening Remarks,0.2471578564836587,0.5495105981826782,0.65625,0.34375,0.0,32.0,positive
70,2018-08-04,Governor's Remarks for the Gala Dinner,0.2994427001419461,0.6580262184143066,0.7333333333333333,0.2,0.06666666666666667,30.0,positive
71,2018-07-27,Third Pillar of Central Banking,0.24768895493986096,0.5423988699913025,0.6440677966101694,0.3559322033898305,0.0,59.0,positive
72,2018-07-27,Of Commitments and Navigation,-0.2517056963941483,-0.3920098543167114,0.37362637362637363,0.6043956043956044,0.01098901098901099,91.0,negative
73,2018-07-26,Going Back to Basics,0.21326893899446614,0.536995530128479,0.6595744680851063,0.3404255319148936,0.0,47.0,positive
74,2018-07-25,Opening Statement,-0.1748273838957189,-0.16415737569332123,0.38461538461538464,0.5384615384615384,0.07692307692307693,52.0,negative
75,2018-07-20,Opening Remarks for the Q2 2018 BSP Inflation Report Press Briefing,-0.22100798850916178,-0.10611657798290253,0.2826086956521739,0.5217391304347826,0.17391304347826086,46.0,negative
76,2018-07-17,Good Governance in the Pursuit of Mandates,-0.16423841896554986,-0.05699867755174637,0.4426229508196721,0.4918032786885246,0.04918032786885246,122.0,negative
77,2018-07-13,Changes Less Intuitive and the Digital Challenge,0.08938628306876395,0.41502419114112854,0.5979381443298969,0.35051546391752575,0.020618556701030927,97.0,positive
78,2018-07-10,"Mutualism and the ""Win-Win"" Dynamic",-0.1712848343063092,-0.4917823076248169,0.3333333333333333,0.5882352941176471,0.0392156862745098,51.0,negative
79,2018-07-03,Navigating the Future,0.22009953571550608,0.5231269598007202,0.6464646464646465,0.32323232323232326,0.020202020202020204,99.0,positive
80,2018-06-30,Providing an Enabling Environment at the Crossroads of Digital Transformation,0.11981901175552799,0.350506067276001,0.5833333333333334,0.3888888888888889,0.009259259259259259,108.0,positive
81,2018-05-28,Forging Partnerships in Financial Education,0.14281150526058134,0.49410280585289,0.6578947368421053,0.3157894736842105,0.02631578947368421,38.0,positive
82,2018-05-21,Revisiting the Role of Rural Banks in Countryside Development and Financial Inclusion,-0.2616676267667972,-0.543221116065979,0.39080459770114945,0.5977011494252874,0.011494252873563218,87.0,negative
83,2018-05-09,Message,0.40603239965789456,0.7533169984817505,0.7727272727272727,0.18181818181818182,0.045454545454545456,22.0,positive
84,2018-05-09,ACT - The Cyber-Security Game Plan,0.021516271679466323,0.298264741897583,0.5636363636363636,0.38181818181818183,0.05454545454545454,55.0,positive
85,2018-05-04,Ancient to Modern Networks,0.12109461195554053,0.12182989716529846,0.5945945945945946,0.3783783783783784,0.02702702702702703,37.0,positive
86,2018-05-03,"ASEAN+3: Emergence, Sustainability and Success",-0.15175673249695038,-0.2615326941013336,0.3333333333333333,0.6666666666666666,0.0,33.0,negative
87,2018-04-24,Investing in Sound Policies Towards Sustainable Growth,-0.2068769597630594,-0.2272178828716278,0.36363636363636365,0.5454545454545454,0.06060606060606061,132.0,negative
88,2018-04-23,In Real Time,-0.015669401275693138,0.11115795373916626,0.5609756097560976,0.43902439024390244,0.0,41.0,positive
89,2018-04-18,Thrive Not Just Survive,0.16095164971330156,0.5099942088127136,0.6470588235294118,0.3176470588235294,0.03529411764705882,85.0,positive
90,2018-04-10,Navigating the Digital Frontier,-0.1826725167350432,-0.21300108730793,0.4,0.56,0.03,100.0,negative
91,2018-03-22,Mindfulness and Vigilance,-0.15392306004854328,-0.37852516770362854,0.40625,0.546875,0.046875,128.0,negative
92,2018-03-12,Private Cryptocurrencies and Lessons from a Red Paperclip,0.4825459639936233,0.7635641694068909,0.8181818181818182,0.13636363636363635,0.03636363636363636,110.0,positive
93,2018-03-06,Having the Foresight to Future-Ready the Economy,-0.08677966150296462,0.07618804275989532,0.4523809523809524,0.4444444444444444,0.07936507936507936,126.0,positive
94,2018-01-19,"Continuity Plus-Plus, Staying Ahead of the Curves",-0.13066592638533536,-0.2562154531478882,0.4264705882352941,0.5441176470588235,0.029411764705882353,68.0,negative
95,2018-01-17,Generativity,0.010152386609600914,0.06770647317171097,0.5,0.4634146341463415,0.036585365853658534,82.0,positive
96,2018-01-12,Committed,-0.2347249701374867,-0.3244868218898773,0.39285714285714285,0.6071428571428571,0.0,28.0,negative
97,2018-01-04,"Reflecting and Acting on Our Immediate Economic Past, Present and Future",-0.08461584394316264,-0.1832428276538849,0.37373737373737376,0.5252525252525253,0.09090909090909091,99.0,negative
98,2017-12-13,Amongst Family,0.3869068066732607,0.6395680904388428,0.7758620689655172,0.1724137931034483,0.05172413793103448,58.0,positive
99,2017-11-28,The BSP and Some ABCs,0.20559105137422853,0.5431726574897766,0.6666666666666666,0.3157894736842105,0.017543859649122806,57.0,positive
100,2017-11-27,Why the Philippines,-0.15480486859155,-0.3735119104385376,0.37623762376237624,0.5445544554455446,0.06930693069306931,101.0,negative
101,2017-11-27,Moving the Capital Markets Dialogue Forward,0.10403659505652765,0.16309061646461487,0.5681818181818182,0.3409090909090909,0.045454545454545456,44.0,positive
102,2017-11-21,Ready in the Age of Great Convergence,-0.05596903876030172,0.04700995981693268,0.4473684210526316,0.4649122807017544,0.07894736842105263,114.0,negative
103,2017-11-20,Strength Without Agility is Mere Mass*,-0.01206326401368122,0.0003523528575897217,0.4731182795698925,0.4838709677419355,0.03225806451612903,93.0,positive
104,2017-11-17,Collective and Individual Competitive Advantages,-0.09994296858798397,-0.10195761919021606,0.4336283185840708,0.504424778761062,0.05309734513274336,113.0,negative
105,2017-11-11,UP Naming Mahal: Di Rin Magbabago Ang Damdamin,0.35744529568435063,0.6691046953201294,0.6885245901639344,0.23770491803278687,0.06557377049180328,122.0,positive
106,2017-11-08,"Disruptors, Enablers and Intended Consequences",0.17318433455469595,0.47018301486968994,0.6160714285714286,0.3482142857142857,0.026785714285714284,112.0,positive
107,2017-10-27,Statistical and Actual Inclusion,0.1322098938351955,0.45359688997268677,0.609375,0.28125,0.109375,64.0,positive
108,2017-10-26,Thinking out of the Bank,0.10665094139524202,0.30521976947784424,0.5433070866141733,0.41732283464566927,0.03937007874015748,127.0,positive
109,2017-10-25,Maintaining a Conducive Macroeconomic Environment,-0.12271470334367683,-0.3354988694190979,0.4,0.57,0.02,100.0,negative
110,2017-10-24,"Build, Build, Building our FIN-frastructure",-0.004398420556517672,0.05717029422521591,0.49122807017543857,0.47368421052631576,0.02631578947368421,114.0,positive
111,2017-10-23,Of BFFs and Growth,0.011580466744711143,0.18382123112678528,0.5225225225225225,0.4144144144144144,0.04504504504504504,111.0,positive
112,2017-10-18,Supporting the Backbone as we Sprint,-0.07191375348657891,-0.046732425689697266,0.4175824175824176,0.5164835164835165,0.04395604395604396,91.0,negative
113,2017-10-04,Continuity and Change: Not an Either/Or,-0.1762224542333498,-0.12170824408531189,0.41904761904761906,0.5047619047619047,0.047619047619047616,105.0,negative
114,2017-09-21,Invisible to Joined Hands,-0.14259763537517764,-0.16436047852039337,0.4051724137931034,0.5344827586206896,0.04310344827586207,116.0,negative
115,2017-09-20,Optimum Navigation,0.04583743122648917,0.3238430619239807,0.53,0.42,0.04,100.0,positive
116,2017-09-06,"Sama-sama, Para Walang Maiwan",0.536273188657863,0.7441917061805725,0.9387755102040817,0.061224489795918366,0.0,49.0,positive
117,2017-09-04,Sticktoitiveness,0.2778144996807199,0.5714919567108154,0.7102803738317757,0.24299065420560748,0.037383177570093455,107.0,positive
118,2017-08-30,The Big Picture,-0.267927125956172,-0.4732207655906677,0.3173076923076923,0.5384615384615384,0.1346153846153846,104.0,negative
119,2017-08-29,Returns,-0.05778790182083243,0.04760391265153885,0.4810126582278481,0.4430379746835443,0.06329113924050633,79.0,positive
120,2017-08-29,Super...Vision: Foresight in the Era of Digitization,0.3040429477688851,0.6996692419052124,0.7282608695652174,0.2391304347826087,0.021739130434782608,92.0,positive
121,2017-08-25,Beginning a Meaningful Conversation: First Coordination Dialogue on Developing the Local Debt Market,0.14830370302882528,0.5860380530357361,0.6567164179104478,0.34328358208955223,0.0,67.0,positive
122,2017-08-22,Truths in Lending,-0.02724234116463938,0.0851239562034607,0.51,0.44,0.04,100.0,positive
123,2017-07-28,Imagining New Possibilities: Embracing Challenges and Recognizing Opportunities in Microfinance,0.21491640048925995,0.43228045105934143,0.6486486486486487,0.25225225225225223,0.08108108108108109,111.0,positive
124,2017-07-26,Of Becoming Advocates - Partnering for a Stronger Legal Environment for Banking and Finance,0.24850649999455232,0.6756397485733032,0.7017543859649122,0.2631578947368421,0.017543859649122806,114.0,positive
125,2017-07-26,Bangko Sentral Mandates and How They Help Maintain a Stable Business Environment,0.05058485256301032,0.3789962828159332,0.5729166666666666,0.40625,0.010416666666666666,96.0,positive
126,2017-07-26,Building on Built Foundations: Continuity and Change,0.11959081196501521,0.31526312232017517,0.5274725274725275,0.4175824175824176,0.054945054945054944,91.0,positive
127,2017-07-14,BSP and BAIPHIL Moving Mountains: New Heights in Banking Excellence,0.11797363214905696,0.45885780453681946,0.6451612903225806,0.3548387096774194,0.0,93.0,positive
128,2017-07-11,Turning Vision Into Partnership,0.02325336956862805,0.39709916710853577,0.6190476190476191,0.3492063492063492,0.015873015873015872,63.0,positive
129,2017-07-10,The Philippines and Japan: Enhancing Strategic Partnership,-0.16557954527264418,-0.36826372146606445,0.42105263157894735,0.5789473684210527,0.0,57.0,negative
130,2017-07-04,Information Security in Nation Building,-0.14264798792958788,-0.21663689613342285,0.3333333333333333,0.6,0.044444444444444446,45.0,negative
131,2017-07-03,Central Banking & Symphonies,-0.23806429132369544,-0.5014512538909912,0.40298507462686567,0.582089552238806,0.014925373134328358,67.0,negative
132,2017-07-03,Continuing the Voyage of Excellence to a Bright Tomorrow,-0.07151208464667792,-0.08384004235267639,0.4387755102040816,0.5102040816326531,0.05102040816326531,98.0,negative
133,2017-06-06,Financial Education and Consumer Protection: Triggering a Positive Ripple Effect,0.19562889943359024,0.5288466215133667,0.625,0.3125,0.020833333333333332,48.0,positive
134,2017-06-06,"Running the Race, Fighting the Good Fight",0.009221391980575857,0.4551709294319153,0.5483870967741935,0.3951612903225806,0.04838709677419355,124.0,positive
135,2017-05-26,"Corporate, Environmental and Social Governance: Continuing Capacity Building",0.27056131889096824,0.5608971118927002,0.625,0.3181818181818182,0.03409090909090909,88.0,positive
136,2017-05-25,"Of Central Banking, Art and Legacies",0.12619744155113152,0.5977830290794373,0.6268656716417911,0.373134328358209,0.0,67.0,positive
137,2017-05-24,Two Sides of the Same Coin: Transforming Challenges into Opportunities,0.009219173487454553,0.12349109351634979,0.49019607843137253,0.4411764705882353,0.058823529411764705,102.0,positive
138,2017-03-31,The Transformation of the Philippine Retail Payment System,0.14761644694463472,0.5157846212387085,0.5967741935483871,0.4032258064516129,0.0,62.0,positive
139,2017-03-28,In Pursuit of Sustainable and Inclusive Growth,-0.09073296462525647,-0.0028161825612187386,0.35443037974683544,0.43670886075949367,0.189873417721519,158.0,negative
140,2017-03-23,Learning from Instabilities to Build a Better Market,0.3391322129893348,0.545505702495575,0.6451612903225806,0.25806451612903225,0.08064516129032258,62.0,positive
141,2017-03-14,Philippine Thrift Banks in a Changing Environment,0.07978687747832268,0.310378760099411,0.5360824742268041,0.4329896907216495,0.020618556701030927,97.0,positive
142,2017-03-14,Empowering LGUs with Knowledge Sharing,0.10981566751355766,0.5942672491073608,0.6071428571428571,0.39285714285714285,0.0,28.0,positive
143,2017-03-11,Philippine Banking in an Integrated Regional Financial Market,0.16806173878090708,0.5659046173095703,0.6063829787234043,0.3617021276595745,0.031914893617021274,94.0,positive
144,2017-03-10,Advancing Cooperation in an Increasingly Non-Cooperative World,-0.1912496102578548,-0.3407030999660492,0.3137254901960784,0.5686274509803921,0.11764705882352941,51.0,negative
145,2017-03-07,Financial Inclusion,0.008254017101393805,0.13050222396850586,0.5777777777777777,0.4222222222222222,0.0,45.0,positive
146,2017-01-10,"The Philippine Banking System: the Past, the Present and the Future",-0.17255319197332186,-0.28110241889953613,0.30985915492957744,0.647887323943662,0.04225352112676056,71.0,negative
147,2017-01-05,Marking Time: Anchoring Strengths Amidst Uncertainties,0.03841600135461909,0.18289224803447723,0.5135135135135135,0.32432432432432434,0.16216216216216217,111.0,positive
148,2016-12-06,2016 Outstanding Microentrepreneurs: Leading the Way to Success,0.027463567402206245,0.30205076932907104,0.5454545454545454,0.45454545454545453,0.0,44.0,positive
149,2016-11-23,A Tale of Tail Events,0.1854251806812625,0.4941874146461487,0.5784313725490197,0.2647058823529412,0.12745098039215685,102.0,positive
150,2016-11-23,A Decade of Search for Inspiring Leadership in the Financial Sector,0.06371374116217009,0.5072956681251526,0.6,0.35384615384615387,0.03076923076923077,65.0,positive
151,2016-11-21,A Vision for Resilience and Growth,0.10030382647484568,0.19136904180049896,0.53125,0.34375,0.11458333333333333,96.0,positive
152,2016-09-30,Consumer Protection: A Shared Responsibility,0.2841036218796029,0.7226037979125977,0.65,0.325,0.025,40.0,positive
153,2016-09-30,Collaborative Undertaking In Pursuit of Financial Stability,0.1969920496603677,0.4872221350669861,0.5813953488372093,0.3953488372093023,0.0,43.0,positive
154,2016-09-29,Sound Macrofundamentals - A Steady Anchor,0.022050413612543382,0.07854030281305313,0.42028985507246375,0.4057971014492754,0.15942028985507245,69.0,negative
155,2016-09-22,"Alpha, Beta, Gamma: Measured Risk-Taking and Dynamism Amidst Challenging Times",0.21084905134923843,0.5760538578033447,0.6386554621848739,0.24369747899159663,0.09243697478991597,119.0,positive
156,2016-09-21,Macro-Financial Linkages: Looking Back to Look Ahead,0.35813823296633573,0.508705198764801,0.6075949367088608,0.17721518987341772,0.189873417721519,79.0,positive
157,2016-09-06,Sustaining Relative Strength in a Dynamic Environment,-0.1549548653020008,-0.007970720529556274,0.4177215189873418,0.4936708860759494,0.05063291139240506,79.0,negative
158,2016-08-30,"Building on progress, Bringing in changes",-0.22024765138526828,-0.20708954334259033,0.30612244897959184,0.5,0.15306122448979592,98.0,negative
159,2016-08-16,Anchoring Confidence in an Era of Radical Uncertainty,0.11864835259504246,0.48633670806884766,0.5903614457831325,0.3253012048192771,0.060240963855421686,83.0,positive
160,2016-07-21,"Asset Management Growth: Recognizing Success and Managing Black Swans, Elephants in the room and Grey Rhinos",0.41316352894796876,0.5948399305343628,0.7547169811320755,0.18867924528301888,0.05660377358490566,53.0,positive
161,2016-07-15,Leveraging Capabilities and Synergies for Banking Excellence,0.4277366001695785,0.6877934336662292,0.7777777777777778,0.20833333333333334,0.013888888888888888,72.0,positive
162,2016-07-14,"ASEAN Integration, Change and Collaboration",0.30099752959442216,0.6153017282485962,0.7209302325581395,0.2558139534883721,0.023255813953488372,86.0,positive
163,2016-07-13,Great Significance and Consequences,-0.15886062222199618,0.01363760232925415,0.47540983606557374,0.47540983606557374,0.03278688524590164,61.0,negative
164,2016-07-12,Pursuing Financial Stability Thru Innovations In Cheque Clearing and Settlement,0.3935978857193729,0.5677268505096436,0.7037037037037037,0.25925925925925924,0.037037037037037035,54.0,positive
165,2016-07-05,A Culture of Inquiry and Evidence,0.0992375344395842,0.19468389451503754,0.5161290322580645,0.4032258064516129,0.08064516129032258,62.0,positive
166,2016-06-03,Mainstreaming Financial Inclusion as a Strategic Objective,0.3237372710831016,0.6100949645042419,0.7128712871287128,0.25742574257425743,0.0297029702970297,101.0,positive
167,2016-05-23,Rural Banks: Making a Difference in Financial Inclusion,0.20158971046377464,0.43314939737319946,0.6506024096385542,0.3132530120481928,0.03614457831325301,83.0,positive
168,2016-05-17,Keynote Message,-0.14906369636838251,0.024403683841228485,0.43478260869565216,0.4782608695652174,0.06521739130434782,46.0,negative
169,2016-05-16,Strengthening the Monetary Transmission Mechanism through the BSP's Interest Rate Corridor System,0.05710626898886548,-0.0032455921173095703,0.4878048780487805,0.4878048780487805,0.0,41.0,negative
170,2016-04-28,Building Inclusive Growth for Migrant Workers through Multi-Sectoral Partnerships,-0.19963860018837332,-0.1043047159910202,0.375,0.53125,0.0625,64.0,negative
171,2016-04-11,National Strategy for Financial Inclusion Tactical Plans: Working Together with the Private Sector,0.19745624212312027,0.4387970566749573,0.6111111111111112,0.37037037037037035,0.0,54.0,positive
172,2016-03-18,Sustaining the Momentum for Inclusive Growth,0.2416418356333403,0.5652962923049927,0.6781609195402298,0.21839080459770116,0.08045977011494253,87.0,positive
173,2016-03-18,"Tapping Into Our Strengths: Opportunities, Threats and Challenges for 2016 and Beyond in the Philippines and Asia",0.09496933360743588,0.07226315140724182,0.47,0.38,0.13,100.0,positive
174,2016-02-23,Philippines in 2016: Sustaining Resilience Amid Headwinds,0.07119434413219325,0.21478316187858582,0.48,0.3314285714285714,0.14857142857142858,175.0,positive
175,2016-02-10,Sustainable Inclusive Growth & Good Governance,0.07383315225892971,0.29660874605178833,0.5185185185185185,0.48148148148148145,0.0,54.0,positive
176,2016-01-19,The BSP and The Philippine Banking Sector: Sustaining Financial Stability Amid Global Volatility,-0.2614256351802817,-0.2829872965812683,0.3974358974358974,0.5512820512820513,0.02564102564102564,78.0,negative
177,2016-01-07,Looking Back to Move Ahead in 2016,-0.14371137233328868,0.01570657640695572,0.4017857142857143,0.4107142857142857,0.17857142857142858,112.0,negative
178,2015-11-24,Steer Toward True North,0.4290622677998846,0.7161670923233032,0.7950819672131147,0.18032786885245902,0.02459016393442623,122.0,positive
179,2015-11-24,Evolving Cyber Threats: Are We Prepared?,0.3444845254007583,0.7012901306152344,0.6986301369863014,0.2191780821917808,0.0684931506849315,73.0,positive
180,2015-11-14,Of Ironies and Synergy,0.23899583481747014,0.6463277339935303,0.6991150442477876,0.2920353982300885,0.008849557522123894,113.0,positive
181,2015-11-03,Launching of the Paranaque City Credit Surety Fund,0.04259967411515511,0.12956827878952026,0.5238095238095238,0.47619047619047616,0.0,42.0,positive
182,2015-10-27,Scaling Up Inroads in Financial Inclusion for a Quantum Leap,0.15312248170320264,0.3109126687049866,0.5795454545454546,0.38636363636363635,0.03409090909090909,88.0,positive
183,2015-10-20,Pushing the Island's Boundaries,0.20987104437418924,0.6501620411872864,0.6890756302521008,0.3025210084033613,0.008403361344537815,119.0,positive
184,2015-10-02,Prospects for and Developments in the Philippine Banking System,0.2265473006256225,0.6148427724838257,0.6810344827586207,0.28448275862068967,0.034482758620689655,116.0,positive
185,2015-09-29,Navigating Thru the Waters of Change...and Butterflies.,0.3291516168007771,0.6230757236480713,0.6666666666666666,0.175,0.15833333333333333,120.0,positive
186,2015-09-16,"Consultation, Collaboration and Cooperation: Moving the Capital Market Agenda Forward",0.314657068116682,0.5061867237091064,0.6153846153846154,0.2692307692307692,0.11538461538461539,52.0,positive
187,2015-09-02,Animal Spirits in a Period of Volatility,0.3369327908415124,0.7160286903381348,0.6904761904761905,0.15873015873015872,0.1349206349206349,126.0,positive
188,2015-08-28,Scaling Up for a More Inclusive and More Responsive Financial System,0.07512658257103352,0.5219926834106445,0.5657894736842105,0.40789473684210525,0.013157894736842105,76.0,positive
189,2015-08-07,Philippine History Wrought in Gold,0.3224651137157046,0.639494776725769,0.68,0.32,0.0,25.0,positive
190,2015-07-24,BANCNET 25th Anniversary,0.3222793351627339,0.6184350252151489,0.6896551724137931,0.27586206896551724,0.0,29.0,positive
191,2015-07-21,Opportunities in Financial Inclusion and Financial Integration,0.20687726164671696,0.5187661647796631,0.6559139784946236,0.2903225806451613,0.043010752688172046,93.0,positive
192,2015-07-03,We Are All Wealth Watchers,0.5776216603249689,0.7691802978515625,0.8409090909090909,0.11363636363636363,0.045454545454545456,44.0,positive
193,2015-07-02,Building Public Trust Through Responsible Governance,0.2308373355478457,0.6757841110229492,0.7105263157894737,0.2807017543859649,0.008771929824561403,114.0,positive
194,2015-07-01,National Strategy for Financial Inclusion: Our Platform to Provide Better Lives,0.04092533990294428,0.12443377077579498,0.5087719298245614,0.43859649122807015,0.05263157894736842,57.0,positive
195,2015-06-26,Celebrating Freedom and Responsibility,-0.06400897894011567,0.02867644652724266,0.48,0.47,0.05,100.0,positive
196,2015-06-17,Adapting to Change.. Creating Advantages from Challenges,0.26986162110304024,0.6713147759437561,0.7029702970297029,0.25742574257425743,0.039603960396039604,101.0,positive
197,2015-06-10,Developing the Philippine Capital Market: Leveraging Policy Intentions into Concrete Actions,0.30102216155411166,0.5871778726577759,0.7307692307692307,0.24358974358974358,0.02564102564102564,78.0,positive
198,2015-06-03,Progress and Challenges in the Philippine Financial System,-0.17193751824638867,0.009562275372445583,0.3684210526315789,0.45263157894736844,0.16842105263157894,95.0,negative
199,2015-05-22,Generating More Winners in Microfinance,0.06752211315259614,0.4931008815765381,0.6122448979591837,0.3877551020408163,0.0,49.0,positive
200,2015-05-20,Acting Together for Financial Inclusion,0.1732702777100291,0.22427907586097717,0.6037735849056604,0.37735849056603776,0.018867924528301886,53.0,positive
201,2015-05-20,Geared up for Global Reform and Regional Integration,0.22140067148046744,0.6167008280754089,0.6623376623376623,0.3246753246753247,0.0,77.0,positive
202,2015-05-18,Rural Banks: Portals of Inclusiveness for Juan and Juana dela Cruz,0.25465647104465705,0.6659342646598816,0.686046511627907,0.26744186046511625,0.03488372093023256,86.0,positive
203,2015-04-07,Strategic Challenges Ahead for Banking and for Thrift Banks,0.21937944271515325,0.5896625518798828,0.6666666666666666,0.3103448275862069,0.011494252873563218,87.0,positive
204,2015-03-24,"Sustaining the Economy's Growth Saga through The 3Ps of Policymaking: Proactive, Pre-emptive, and Prudent",0.09735889028320042,0.38536542654037476,0.6027397260273972,0.3287671232876712,0.0273972602739726,73.0,positive
205,2015-03-17,Financial Rehabilitation and Insolvency Regime in the Philippines: Progress and Remaining Challenges,0.1786690810219046,0.5502557754516602,0.5980392156862745,0.3235294117647059,0.049019607843137254,102.0,positive
206,2015-02-24,Sustaining Economic Growth,0.16684142629718474,0.4287359118461609,0.6058394160583942,0.27007299270072993,0.10218978102189781,137.0,positive
207,2015-02-20,Keeping the Economy on the Right Track: Key Challenges for Monetary Policy,0.08460919409205794,0.1599431335926056,0.45977011494252873,0.3563218390804598,0.11494252873563218,87.0,positive
208,2015-01-30,Working Together towards a Stronger Economy,0.061587575162657275,0.1231679916381836,0.504950495049505,0.31683168316831684,0.1782178217821782,101.0,positive
209,2015-01-30,Moving Forward With Financial infrastructure Integration Thru the BSP's Reverse Repurchase E-Trading System,0.04553479548906238,-0.2018972486257553,0.45454545454545453,0.5454545454545454,0.0,22.0,negative
210,2015-01-30,Building an Efficient and Inclusive National Payment System,-0.05416164663688975,-0.03318724036216736,0.4864864864864865,0.5135135135135135,0.0,37.0,negative
211,2015-01-23,The BSP and the Banking Industry: Weaving a Story of Growth and Development,-0.17216708899599983,-0.04426161199808121,0.34615384615384615,0.44871794871794873,0.19230769230769232,78.0,negative
212,2015-01-08,The Philippine Economy Going Forward,-0.1710565652631874,-0.07515603303909302,0.37755102040816324,0.4897959183673469,0.1326530612244898,98.0,negative
213,2014-12-03,Microfinance Improves Lives and Bank Profits,-0.18219518014311156,-0.45022162795066833,0.2926829268292683,0.6829268292682927,0.024390243902439025,41.0,negative
214,2014-11-27,EMPOWERING MSMEs THROUGH CSFs,-0.024616449282806634,-0.16545984148979187,0.44,0.52,0.04,25.0,negative
215,2014-11-05,Improving Financial Literacy and Increasing Financial Inclusion to Sustain Economic Growth,0.33911420263807435,0.6721630096435547,0.7653061224489796,0.21428571428571427,0.02040816326530612,98.0,positive
216,2014-10-29,Keeping the House in Order amid Mounting Uncertainties,-0.04109282251318759,0.25723275542259216,0.4931506849315068,0.3561643835616438,0.1506849315068493,73.0,positive
217,2014-10-20,From Saving to Investments and to Retirement: The Role of Inclusive Growth,0.253596141981568,0.6264655590057373,0.7142857142857143,0.2653061224489796,0.02040816326530612,98.0,positive
218,2014-10-20,Nurturing Excellence in Finance Education,0.15983710239748328,0.3478069305419922,0.6041666666666666,0.375,0.020833333333333332,48.0,positive
219,2014-09-30,"Infrastructure, Inclusiveness, Institutions - Raising the Philippines to the Next Level",-0.2363906070524908,-0.4262073338031769,0.3559322033898305,0.576271186440678,0.05084745762711865,59.0,negative
220,2014-09-25,Banking on Social Safety Nets,0.12647685738747333,0.5299853086471558,0.5753424657534246,0.3561643835616438,0.0410958904109589,73.0,positive
221,2014-09-24,Working on ASEAN Governance Standards,0.2768113245840102,0.5940220355987549,0.6944444444444444,0.2777777777777778,0.0,36.0,positive
222,2014-09-23,Convergence in a Divergent World,0.25532738944057054,0.6298562288284302,0.6762589928057554,0.2158273381294964,0.1079136690647482,139.0,positive
223,2014-09-10,The Three Cs of AFI's Success,0.13535979457144814,0.23925405740737915,0.527027027027027,0.4594594594594595,0.013513513513513514,74.0,positive
224,2014-09-09,Moving Forward Together,-0.06551221639451613,-0.1479441523551941,0.48484848484848486,0.5151515151515151,0.0,33.0,negative
225,2014-09-05,Building a Collective Brand for the Banking Industry,0.07293457065891708,0.4819106161594391,0.6015625,0.375,0.0234375,128.0,positive
226,2014-08-29,Seizing Opportunities Amid a Growing Banking Environment,-0.02828659212480397,-0.17233681678771973,0.4423076923076923,0.5192307692307693,0.019230769230769232,104.0,negative
227,2014-08-20,Been There and Done That: Why This Would Not Be Enough For What Lies Ahead,0.22695200283973918,0.5562023520469666,0.6494845360824743,0.28865979381443296,0.05154639175257732,97.0,positive
228,2014-08-18,Setting a Milestone with the Quezon City Credit Surety Fund,-0.12005610311098691,-0.5497491359710693,0.4074074074074074,0.5925925925925926,0.0,27.0,negative
229,2014-08-13,Sustaining Growth While Riding the Uncertainty,0.2974909289767364,0.7172894477844238,0.6666666666666666,0.1935483870967742,0.12903225806451613,93.0,positive
230,2014-07-09,2014 Stakeholders Awards Ceremony and Appreciation Lunch,-0.3449465449797107,-0.48910975456237793,0.2826086956521739,0.6739130434782609,0.021739130434782608,46.0,negative
231,2014-07-01,Navigating the New Rural Banking Landscape: Challenges and Opportunities,0.010058335951874043,0.3224194645881653,0.5633802816901409,0.39436619718309857,0.028169014084507043,71.0,positive
232,2014-06-18,CMA: More Than an Awards Program,-0.3003282538284698,-0.2940904200077057,0.39285714285714285,0.5714285714285714,0.03571428571428571,28.0,negative
233,2014-05-28,The Philippine Economy: Gearing up for the Challenges Ahead,0.10958718157752763,0.4735366106033325,0.5571428571428572,0.34285714285714286,0.1,140.0,positive
234,2014-05-19,Policy Challenges Amid an Evolving Investment Environment,0.09094208128726552,0.5671387910842896,0.6081081081081081,0.32432432432432434,0.06756756756756757,74.0,positive
235,2014-04-26,Sustaining Stability in the Uncertain Transition to Normalization,0.24983037781163747,0.5045650601387024,0.6057692307692307,0.2692307692307692,0.10576923076923077,104.0,positive
236,2014-03-19,The Strength of Retail: in a Wider ASEAN Economy,0.10459341739738347,0.5504403710365295,0.5925925925925926,0.345679012345679,0.04938271604938271,81.0,positive
237,2014-03-18,Enhancing Resilience to Sustain Inclusive Growth,-0.20716089406738428,-0.02628723531961441,0.3125,0.484375,0.171875,64.0,negative
238,2014-03-11,Islamic Banking and Finance in the Philippines: Opportunities and Challenges,0.3166804398473221,0.6490142345428467,0.7205882352941176,0.23529411764705882,0.029411764705882353,68.0,positive
239,2014-02-28,What lies ahead?,0.07116424872128423,0.3443692624568939,0.5357142857142857,0.42857142857142855,0.03571428571428571,28.0,positive
240,2014-02-21,Enabling Market-Based Solutions Toward Financial Inclusion,0.18665326905866908,0.36911648511886597,0.5517241379310345,0.3793103448275862,0.034482758620689655,58.0,positive
241,2014-02-18,A Responsive Capital Market: A Step on the Road beyond Investment Grade,0.05176592477221341,0.3580166697502136,0.5205479452054794,0.3424657534246575,0.1095890410958904,73.0,positive
242,2014-01-29,The Pursuit of Financial Stability: A Daunting But Necessary Prudential Agenda,0.21619311366626556,0.4909633994102478,0.6129032258064516,0.2903225806451613,0.06451612903225806,31.0,positive
243,2014-01-09,Continuing Growth Amidst Recurrent Risks and Uncertainty,-0.10263804404345372,0.005149016156792641,0.3879310344827586,0.4482758620689655,0.13793103448275862,116.0,negative
244,2013-12-03,Sustaining Growth Through Insolvency Reforms,0.1513292853725074,0.09466288983821869,0.5,0.2857142857142857,0.21428571428571427,28.0,positive
245,2013-12-03,Empowering Entrepreneurs Through Responsive Microfinance Programs,-0.05207650265061455,0.06869114190340042,0.4897959183673469,0.46938775510204084,0.04081632653061224,49.0,positive
246,2013-11-29,"The Philippine Economy: Amidst Global Headwinds, Leveraging on Domestic Tailwinds to Stay the Course",-0.018572295521827122,0.15086498856544495,0.45588235294117646,0.39705882352941174,0.11764705882352941,68.0,positive
247,2013-10-25,Philippine Banking: Responsive and Responsible,0.21942933803363904,0.6340131759643555,0.6601941747572816,0.3106796116504854,0.02912621359223301,103.0,positive
248,2013-10-09,Partnerships Against Poverty,0.015545045689838688,0.2804173529148102,0.5774647887323944,0.38028169014084506,0.028169014084507043,71.0,positive
249,2013-09-24,BSP Policy Directions in a Challenging Landscape,0.29620429368601775,0.6938930749893188,0.6807228915662651,0.2469879518072289,0.05421686746987952,166.0,positive
250,2013-08-27,The PDIC & the BSP: Continuing a Partnership for Stability,0.09914854607606297,0.5855731964111328,0.5789473684210527,0.42105263157894735,0.0,19.0,positive
251,2013-07-25,IABC's 2013 CEO Excel Lifetime Achievement Award,-0.07759120991273273,0.24125729501247406,0.4888888888888889,0.4,0.08888888888888889,45.0,positive
252,2013-07-19,The BSP and the Banking Community: Forging a Strong Partnership that Benefits the Country,0.06864978585104935,0.6193240284919739,0.5970149253731343,0.34328358208955223,0.04477611940298507,67.0,positive
253,2013-07-17,Fostering a Culture of Good Governance and Compliance,0.3815907890703457,0.7250630855560303,0.7395833333333334,0.21875,0.03125,96.0,positive
254,2013-07-16,BSP's Stakeholders' Awards: A Celebration of Solid Partnership,-0.3316264475771113,-0.5512880086898804,0.3114754098360656,0.6229508196721312,0.04918032786885246,61.0,negative
255,2013-07-08,Championing Microentrepreneurship,-0.13709723586371653,-0.07809290289878845,0.47619047619047616,0.5238095238095238,0.0,42.0,negative
256,2013-07-03,"BSP at 20: Past Progressive, Future Perfect",-0.04654089523372567,0.11164200305938721,0.494949494949495,0.3939393939393939,0.09090909090909091,99.0,positive
257,2013-07-01,Ugaliing mag-impok,0.7876075081137583,0.8244220018386841,1.0,0.0,0.0,17.0,positive
258,2013-06-26,Upgrades and Strong Growth: Dealing with the Short-term to Get to the End Goal,0.09140778528723816,0.34020692110061646,0.5303030303030303,0.36363636363636365,0.10606060606060606,66.0,positive
259,2013-06-10,Rural Banks: Working on Inclusive Growth in an Exclusive World of Banking,-0.043343116849053315,0.15081799030303955,0.5285714285714286,0.4142857142857143,0.04285714285714286,70.0,positive
260,2013-03-22,Speech of the Governor for the Opening Ceremony of the 29th Biennial Convention of FFCCCII,-0.24445312652893908,-0.3689174950122833,0.34782608695652173,0.5978260869565217,0.043478260869565216,92.0,negative
261,2013-03-20,Building Broader Horizons in 2013,0.15024930891250868,0.4605773389339447,0.6021505376344086,0.3655913978494624,0.03225806451612903,93.0,positive
262,2013-03-18,Embedding Business Continuity as a Mindset,0.3872845123749491,0.7435631155967712,0.7352941176470589,0.23529411764705882,0.0,34.0,positive
263,2013-03-12,The Philippine Economy: Primes for a Sustainable and Solid Growth,-0.0601999988630414,0.14789950847625732,0.4927536231884058,0.43478260869565216,0.057971014492753624,69.0,positive
264,2013-02-13,Promoting the Rule of Law in the Financial Sector,0.5641886945514434,0.7497390508651733,0.9642857142857143,0.03571428571428571,0.0,28.0,positive
265,2013-01-18,Vigilance Amid Stability and Growth,0.018095117644005884,0.11655716598033905,0.5161290322580645,0.46774193548387094,0.016129032258064516,62.0,positive
266,2013-01-03,Speech of the Governor during the Rotary Club of Manila's First Membership Meeting for 2013,-0.085172819115711,0.04795379191637039,0.40186915887850466,0.40186915887850466,0.1308411214953271,107.0,negative
267,2012-12-05,Financial Capability as a 21st Century Life Skill,0.2852119755959887,0.6359224915504456,0.6818181818181818,0.29545454545454547,0.022727272727272728,44.0,positive
268,2012-12-04,Crafting a Regional Agenda for Child & Youth Finance,0.0948961632579689,0.10869967937469482,0.5789473684210527,0.3508771929824561,0.05263157894736842,57.0,positive
269,2012-11-27,Currency Stability Amidst Global Volatilities,0.3659803928313524,0.7145428657531738,0.75,0.21428571428571427,0.03571428571428571,84.0,positive
270,2012-10-30,Capital Market Education: A Tool for Market Development and Financial Stability,0.48700636541438563,0.7361155152320862,0.7926829268292683,0.15853658536585366,0.04878048780487805,82.0,positive
271,2012-10-24,Keynote Address,0.49186430125937464,0.7114244699478149,0.7719298245614035,0.19298245614035087,0.03508771929824561,57.0,positive
272,2012-10-22,Nurturing World-Class Finance Leaders,-0.006898225651334381,0.1999187469482422,0.45652173913043476,0.4782608695652174,0.043478260869565216,46.0,negative
273,2012-10-05,Crafting Policy in a Shifting Operating Environment,0.3483875564551479,0.6602104902267456,0.7565217391304347,0.1565217391304348,0.06956521739130435,115.0,positive
274,2012-09-19,Managing Risks in a Financial Stability World: How Different is this Prudential World?,0.5444024034910466,0.7218179702758789,0.8469387755102041,0.10204081632653061,0.030612244897959183,98.0,positive
275,2012-09-06,Philippine Banking: Reaping the Rewards from Prudent Reforms,0.24767773123165315,0.6334647536277771,0.6896551724137931,0.2413793103448276,0.05747126436781609,87.0,positive
276,2012-08-23,Keynote Remarks,0.260177725859193,0.617711067199707,0.6310679611650486,0.18446601941747573,0.1650485436893204,103.0,positive
277,2012-07-26,Ensuring a Better and More Inclusive Microfinance Sector,-0.005099085122200931,0.14375324547290802,0.5,0.5,0.0,32.0,negative
278,2012-07-11,Capacity-Building and the BSP Reform Agenda,0.2070697319747241,0.6287824511528015,0.6847826086956522,0.29347826086956524,0.010869565217391304,92.0,positive
279,2012-06-18,Taking the Next Steps at a Time of Change,0.07757211288926935,0.24132278561592102,0.5268817204301075,0.3118279569892473,0.12903225806451613,93.0,positive
280,2012-05-16,REMARKS,-0.16572771416506396,-0.31223568320274353,0.4090909090909091,0.5909090909090909,0.0,44.0,negative
281,2012-03-26,Remarks,-0.04423782389202874,0.31489792466163635,0.55,0.45,0.0,20.0,positive
282,2012-03-21,The Thrift Banking Industry Amid an Evolving Global Landscape,0.1438336377516679,0.5186793208122253,0.6617647058823529,0.3088235294117647,0.029411764705882353,68.0,positive
283,2012-03-20,"Managing External Debt, A Move to Ensure Economic Growth",-0.024973360848277452,0.010260239243507385,0.4722222222222222,0.4444444444444444,0.08333333333333333,36.0,positive
284,2012-02-07,Financial Stability and Financial Inclusion: Two Facets of the Same Policy Objective,0.3801506001796229,0.7348736524581909,0.7009345794392523,0.2336448598130841,0.056074766355140186,107.0,positive
285,2012-01-20,The BSP and the Banking Community: Partners in Sustainable Development,-0.25878222451495386,-0.4601821303367615,0.35714285714285715,0.5571428571428572,0.08571428571428572,70.0,negative
286,2011-11-16,Cooperative Effort to Strengthen Cooperatives,-0.063256640567316,-0.2596144676208496,0.4482758620689655,0.5517241379310345,0.0,29.0,negative
287,2011-10-25,Amid Global Uncertainties: Philippines Sailing in Rough Tides,-0.18039159940653196,-0.05377868935465813,0.3780487804878049,0.4878048780487805,0.12195121951219512,82.0,negative
288,2011-10-20,"Philippine Banking: Remaining Responsive, Responsible and Relevant",0.03722978835159999,0.17537914216518402,0.5212765957446809,0.425531914893617,0.031914893617021274,94.0,positive
289,2011-08-04,Surging Together for An Inclusive Financial System,-0.1238845644289109,-0.25172021985054016,0.41237113402061853,0.5360824742268041,0.05154639175257732,97.0,negative
290,2011-07-06,"""The Benefits of Partnership: Working for Sustainable and Inclusive Growth""",-0.2309854985654561,-0.2628301680088043,0.4,0.5428571428571428,0.05714285714285714,70.0,negative
291,2011-07-05,BSP @18th: A Stable Anchor for Sustained Growth,-0.04394211150505516,0.1028246283531189,0.5048543689320388,0.47572815533980584,0.009708737864077669,103.0,positive
292,2011-05-03,The Philippine Initiative: Harnessing the Development Potential of Migrants' Remittances,-0.25267267171050445,-0.39044445753097534,0.3617021276595745,0.5957446808510638,0.02127659574468085,47.0,negative
293,2011-01-14,The Philippine Banking Sector: Stepping Up to the Challenge of Setting the Foundation for Sustained & Inclusive Growth,-0.2371498209536266,-0.4817854166030884,0.30434782608695654,0.6304347826086957,0.043478260869565216,46.0,negative
294,2011-01-06,The Philippines: Vision Toward Sustained Rapid Growth,-0.016524111547379247,0.11877389252185822,0.47572815533980584,0.4077669902912621,0.08737864077669903,103.0,positive
295,2010-11-17,Remarks for the Foreign Correspondents Association of the Philippines' (FOCAP) Breakfast Forum,-0.19541717495333588,0.008401678875088692,0.38028169014084506,0.4647887323943662,0.1267605633802817,71.0,negative
296,2010-10-27,The POS Interconnection: Giving Better Banking Services Together,-0.09755735809344854,-0.161239355802536,0.45,0.525,0.025,40.0,negative
297,2010-08-18,The Philippines: Creating Opportunities Through Effective Governance,-0.34397867865908377,-0.5012797117233276,0.22641509433962265,0.660377358490566,0.09433962264150944,53.0,negative
298,2010-08-12,12th Credit Surety Fund is in Albay,0.13938097010240483,0.2879127860069275,0.525,0.425,0.05,40.0,positive
299,2010-08-07,Closing Remarks,-0.24360336042350525,-0.44207310676574707,0.3157894736842105,0.6578947368421053,0.0,38.0,negative
300,2010-08-04,Keynote Message Launching of Strengthening Program for Rural Banks (SPRB),-0.35665896616569936,-0.3841850757598877,0.2727272727272727,0.7272727272727273,0.0,22.0,negative
301,2010-07-27,Moving Central Banking Forward Through the Legal Framework,0.34672861096257246,0.7364002466201782,0.7714285714285715,0.2,0.02857142857142857,35.0,positive
302,2010-07-27,In Praise of BSP's Top Performers,0.15567105637701678,0.7200877070426941,0.6216216216216216,0.35135135135135137,0.02702702702702703,37.0,positive
303,2010-07-20,"BAIPhil @ 70: Empowering the Banking Industry Through Continuing Education, Innovation and Research",-0.16846373807300222,-0.2802560031414032,0.46153846153846156,0.5384615384615384,0.0,65.0,negative
304,2010-07-07,Moving Forward Through Stronger Partnerships,-0.050307451655210805,0.017431244254112244,0.4126984126984127,0.47619047619047616,0.1111111111111111,63.0,negative
305,2010-07-05,The BSP @ 17: Moving the Economy Forward,-0.04785231756623726,0.3714618980884552,0.5859375,0.3828125,0.0234375,128.0,positive
306,2010-07-03,Nurturing Responsible Young Leaders through SIFE,-0.10021981870198515,-0.041686564683914185,0.48717948717948717,0.5128205128205128,0.0,39.0,negative
307,2010-07-02,Nurturing the BSP-RBAP Partnership,-0.2154191719946745,-0.25379055738449097,0.3548387096774194,0.5806451612903226,0.06451612903225806,31.0,negative
308,2010-06-17,Welcome Remarks,-0.31106471012695436,-0.5518369674682617,0.325,0.625,0.025,40.0,negative
309,2010-06-02,Microfinance: From Best Practice to Next Practice,0.027790458801133736,0.26822471618652344,0.5666666666666667,0.4166666666666667,0.016666666666666666,60.0,positive
310,2010-05-31,Strengthening Financial Inclusion & Social Protection,-0.012782609209550166,0.18722118437290192,0.5568181818181818,0.42045454545454547,0.022727272727272728,88.0,positive
311,2010-05-21,Empowering Entrepreneurial Filipinos Thru Microfinance,0.16922867828366112,0.1926659494638443,0.5476190476190477,0.4523809523809524,0.0,42.0,positive
312,2010-03-12,Moving the Economy Forward Through Banking,0.0856559050845958,0.31344085931777954,0.5694444444444444,0.3611111111111111,0.06944444444444445,72.0,positive
313,2010-01-27,Finance Education: A Cornerstone for Economic and Social Advancement,0.11829400982250632,0.14668935537338257,0.5555555555555556,0.4222222222222222,0.022222222222222223,45.0,positive
314,2010-01-14,Forging Ahead Toward Higher Ground,-0.0224762159840254,0.028999432921409607,0.4603174603174603,0.42857142857142855,0.06349206349206349,63.0,positive
315,2009-12-08,Innovations Toward Financial Inclusion,-0.032907385034141715,0.06923424452543259,0.4838709677419355,0.45161290322580644,0.04838709677419355,62.0,positive
316,2009-12-02,Supporting Overseas Workers Thru Lower Remittance Fees,0.2595348956593133,0.6648741364479065,0.5925925925925926,0.4074074074074074,0.0,27.0,positive
317,2009-11-23,ENSURING EFFICIENT & ECO-FRIENDLY ASEAN MINTS,0.07383918540703284,0.11721979081630707,0.5384615384615384,0.4230769230769231,0.038461538461538464,26.0,positive
318,2009-11-04,Prospects and Challenges in 2010: The Bond Market in the Context of the Philippine Economy?,0.2795183841197431,0.5434330701828003,0.6442307692307693,0.25961538461538464,0.07692307692307693,104.0,positive
319,2009-10-30,"What's for Asian Banking? Re-Assess, Re-evaluate, Re-tool and Re-Position?",0.19988870071237033,0.5993177890777588,0.6105263157894737,0.3263157894736842,0.06315789473684211,95.0,positive
320,2009-10-23,The Philippines on the Road to Recovery,-0.2533284936560961,-0.26669901609420776,0.3113207547169811,0.5094339622641509,0.14150943396226415,106.0,negative
321,2009-09-09,Corporate Governance Reform in the Philippines: Progress and Challenges,0.23485791641692427,0.5272547006607056,0.6515151515151515,0.2878787878787879,0.06060606060606061,66.0,positive
322,2009-09-01,BSP and SSS: Moving Towards a Common Vision,-0.2596456509405778,-0.48146429657936096,0.32051282051282054,0.5769230769230769,0.07692307692307693,78.0,negative
323,2009-08-11,The Philippine Economy: Facing Up to the Challenges,-0.27241851346776974,-0.3062118887901306,0.2719298245614035,0.5350877192982456,0.16666666666666666,114.0,negative
324,2009-07-15,Transforming Potential Into Reality,-0.13863754106537943,0.026541084051132202,0.45161290322580644,0.46774193548387094,0.06451612903225806,62.0,negative
325,2009-07-14,The BSP and Its Partners: Standing Up to the Global Challenges Today,-0.07611676047096606,-0.077280193567276,0.4418604651162791,0.4883720930232558,0.046511627906976744,43.0,negative
326,2009-07-14,RBAP: Sustaining Reforms for an Economically Vibrant Countryside,-0.19297113402049265,-0.04181298613548279,0.4444444444444444,0.5333333333333333,0.022222222222222223,45.0,negative
327,2009-07-03,BSP@16: Riding Out the Winds of Change and Weathering the Turbulence,-0.04380323323588613,0.14966842532157898,0.4845360824742268,0.3917525773195876,0.1134020618556701,97.0,positive
328,2009-07-03,"Developing a New Generation of Savers with the Program ""Banking on Your Future""",0.17907476219263943,0.5517817139625549,0.6764705882352942,0.3235294117647059,0.0,34.0,positive
329,2009-06-19,Message,0.29285303792431205,0.7012706995010376,0.6851851851851852,0.2777777777777778,0.0,54.0,positive
330,2009-05-15,Banking on Governance for Growth and Stability,-0.35270045965358066,-0.5694191455841064,0.24691358024691357,0.6790123456790124,0.06172839506172839,81.0,negative
331,2009-05-12,Microfinance: The Bright Spot in these Challenging Times,-0.23423243211293993,-0.23606523871421814,0.32231404958677684,0.512396694214876,0.14049586776859505,121.0,negative
332,2009-04-14,Philippines: Navigating Through The Global Financial Turmoil,-0.13528751621455873,0.01326906867325306,0.3870967741935484,0.45161290322580644,0.1532258064516129,124.0,negative
333,2009-03-31,Macroeconomic Policy Management in Challenging Times,0.0957023568115438,0.041663866490125656,0.4112903225806452,0.25806451612903225,0.3225806451612903,124.0,positive
334,2009-03-30,Opening Remarks,0.21205553980578512,0.5251626372337341,0.6323529411764706,0.3088235294117647,0.058823529411764705,68.0,positive
335,2009-03-25,Financial Stability Through Collaboration and Understanding,0.5383311469153695,0.6680595874786377,0.7530864197530864,0.12345679012345678,0.08641975308641975,81.0,positive
336,2009-03-18,Overcoming Global Challenges: Policies for Resilience and Stability,-0.14695227095130725,0.007552581839263439,0.35714285714285715,0.4107142857142857,0.20535714285714285,112.0,negative
337,2009-03-13,"Thrift Banks: Moving Forward Through Responsive, Responsible Banking",0.26148415720468,0.6574693918228149,0.6493506493506493,0.2857142857142857,0.06493506493506493,77.0,positive
338,2009-03-03,The Crisis in Perspective: Is There Really Cause for Alarm?,-0.027116304376490197,0.013845829293131828,0.42028985507246375,0.391304347826087,0.17391304347826086,69.0,positive
339,2009-03-02,Sustaining Growth Through Better Access to Credit,-0.15492165655231865,-0.2171841561794281,0.3684210526315789,0.5614035087719298,0.05263157894736842,57.0,negative
340,2009-02-27,Accelerating Countryside Development Thru Rural Banks,-0.1168537041224432,-0.1772080957889557,0.4358974358974359,0.5641025641025641,0.0,39.0,negative
341,2009-02-26,Are We Ready to Cross Our Rubicon?,0.1447162943236136,0.4892408847808838,0.6388888888888888,0.3055555555555556,0.05555555555555555,36.0,positive
342,2009-02-25,Challenges and Opportunities in a Global Crisis,-0.07619005104774557,0.03848843276500702,0.3958333333333333,0.3333333333333333,0.2604166666666667,96.0,positive
343,2009-02-11,The Philippine Economy: Building Resilience in a Time of Uncertainty,0.09476227595261709,0.3047208786010742,0.5037037037037037,0.3111111111111111,0.15555555555555556,135.0,positive
344,2009-02-02,Antecedents of the Global Financial Crisis: A Multi-Factorial Phenomenon,0.027711354385051495,0.04298396408557892,0.36054421768707484,0.3197278911564626,0.2789115646258503,147.0,positive
345,2009-01-28,Nurturing Successful & Ethical Finance Professionals,0.10377535855196188,0.3865445554256439,0.5901639344262295,0.3770491803278688,0.03278688524590164,61.0,positive
346,2009-01-26,Career Executives in Government: Making Lives Better for Filipinos,-0.07050163274878124,0.0032487399876117706,0.4225352112676056,0.43661971830985913,0.1267605633802817,71.0,negative
347,2009-01-16,Security Management: A Challenging Balancing Act,0.44051514982494855,0.7186567783355713,0.782608695652174,0.13043478260869565,0.08695652173913043,23.0,positive
348,2009-01-16,Sustaining Partnerships in a Year of Challenges,0.02552860266642418,0.2770513594150543,0.5079365079365079,0.38095238095238093,0.1111111111111111,63.0,positive
349,2009-01-08,Preparing for What Lies Ahead,0.03513064141558421,0.3091127276420593,0.5423728813559322,0.3474576271186441,0.1016949152542373,118.0,positive
350,2009-01-06,"Statement of Governor Amando M. Tetangco, Jr.",-0.17859277885848532,-0.07135479152202606,0.3076923076923077,0.4423076923076923,0.21153846153846154,52.0,negative
351,2008-12-17,Governor's Remarks for the BSP Christmas Party,0.05294222809951947,0.2991125285625458,0.5402298850574713,0.3563218390804598,0.10344827586206896,87.0,positive
352,2008-11-19,Keynote Address,-0.1476657863004484,-0.017734989523887634,0.475,0.5,0.025,40.0,negative
353,2008-11-14,Welcome Remarks,0.16049152903959726,0.3707895278930664,0.5357142857142857,0.30952380952380953,0.13095238095238096,84.0,positive
354,2008-10-29,The Philippine Economy: Building Resilience in a Time of Uncertainty,-0.03142643937763195,0.10624821484088898,0.45689655172413796,0.35344827586206895,0.16379310344827586,116.0,positive
355,2008-10-07,Message,-0.07099637874266623,-0.2178982049226761,0.46153846153846156,0.5384615384615384,0.0,26.0,negative
356,2008-10-03,Message,0.1651822905445537,0.5652992725372314,0.6444444444444445,0.35555555555555557,0.0,45.0,positive
357,2008-10-03,Recent Market Developments: Impact on Banking and Finance Sector,0.16837880594032367,0.3417936861515045,0.5596330275229358,0.27522935779816515,0.1559633027522936,109.0,positive
358,2008-09-29,Recent Market Volatility: Implication for Philippine Economy and Banking System,0.23273803842033075,0.5539261102676392,0.5775862068965517,0.3275862068965517,0.06896551724137931,116.0,positive
359,2008-09-17,The Philippines: Addressing the Challenges. Staying the Course,-0.2824937833114265,-0.20497187972068787,0.22093023255813954,0.47674418604651164,0.22093023255813954,86.0,negative
360,2008-09-12,Strengthening Our Fight Against Money Laundering & Terrorist Financing,0.2959848208986785,0.569758415222168,0.6458333333333334,0.3125,0.020833333333333332,48.0,positive
361,2008-08-27,The Credit Surety Fund: Sustaining Economic Growth Through Increased Credit Flows,0.41801103533936196,0.7462465763092041,0.78125,0.21875,0.0,32.0,positive
362,2008-08-23,Closing Remarks,-0.012780836161332316,0.24889853596687317,0.5192307692307693,0.40384615384615385,0.057692307692307696,52.0,positive
363,2008-07-24,Building a Stronger Economy Through Microfinance,0.014341851309856626,0.42747852206230164,0.5645161290322581,0.4032258064516129,0.03225806451612903,62.0,positive
364,2008-07-23,Remarks,-0.344290191531762,-0.4622238874435425,0.23684210526315788,0.5394736842105263,0.19736842105263158,76.0,negative
365,2008-07-15,Turning Challenges into Opportunities: The Key to Sustainable Growth,-0.4188172153354347,-0.5220470428466797,0.23076923076923078,0.676923076923077,0.07692307692307693,65.0,negative
366,2008-07-11,Keynote Address,0.02208692738121914,0.525812029838562,0.5806451612903226,0.3870967741935484,0.03225806451612903,31.0,positive
367,2008-07-08,Keynote Address,-0.21342140633957649,-0.5918192863464355,0.3815789473684211,0.5921052631578947,0.013157894736842105,76.0,negative
368,2008-07-03,15th Anniversary Remarks,-0.14367571943516536,0.16556981205940247,0.5079365079365079,0.4444444444444444,0.031746031746031744,63.0,positive
369,2008-07-03,Bangko Sentral ng Pilipinas @15,-0.16330219523353975,-0.09932994842529297,0.423728813559322,0.5423728813559322,0.03389830508474576,59.0,negative
370,2008-05-13,Microentrepreneur of the Year (MOTY) Awards 2008 Launch,-0.15476146606112987,-0.25956326723098755,0.38235294117647056,0.5588235294117647,0.029411764705882353,34.0,negative
371,2008-05-13,Housing Microfinance Product Launch,0.20714088946075762,0.5524914264678955,0.6388888888888888,0.3055555555555556,0.05555555555555555,36.0,positive
372,2008-03-26,RCBC: Banking on Emerging Corporates,-0.33084106823088416,-0.4948399066925049,0.4411764705882353,0.5294117647058824,0.029411764705882353,34.0,negative
373,2008-03-25,Remarks,0.10232947921384512,0.6225578188896179,0.6,0.4,0.0,20.0,positive
374,2008-02-27,On the Road to Sustaining Economic Stability and Growth,-0.14321728745249332,0.0023398324847221375,0.29292929292929293,0.40404040404040403,0.2727272727272727,99.0,negative
375,2008-02-13,Recent Economic Developments: Challenges and Policy Implications,-0.16307244719430602,-0.056183964014053345,0.25773195876288657,0.4742268041237113,0.25773195876288657,97.0,negative
376,2008-02-12,REMARKS FOR THE FOCAP FORUM,-0.21018162483178945,-0.0008026398718357086,0.2641509433962264,0.4528301886792453,0.24528301886792453,53.0,negative
377,2008-02-11,The Philippines: MACROECONOMIC OUTLOOK FOR 2008,-0.2687368518957477,-0.5556681156158447,0.3132530120481928,0.5542168674698795,0.13253012048192772,83.0,negative
378,2008-01-30,Breakthroughs and Break Through,-0.12044248828476203,-0.022073257714509964,0.45454545454545453,0.5,0.045454545454545456,66.0,negative
379,2008-01-15,Moving the Economy Forward to a Higher Growth Path,-0.19439786010323964,-0.037933651357889175,0.42857142857142855,0.48214285714285715,0.08928571428571429,56.0,negative
380,2008-01-08,BSP Expectations For Business and the Economy,-0.35951523479644937,-0.4835682809352875,0.2682926829268293,0.5609756097560976,0.17073170731707318,41.0,negative
381,2008-01-07,The Bangko Sentral ng Pilipinas in 2008 - One Dynamic Team (New Year's Message to BSPers),0.07563900855919968,0.3034401535987854,0.7,0.3,0.0,30.0,positive
382,2008-01-03,Pushing Ahead Through Headwinds,-0.1767730267462681,-0.31443142890930176,0.34375,0.5208333333333334,0.11458333333333333,96.0,negative
383,2007-10-09,Sustaining the Country's Economic Gains through Monetary Stability,-0.02562666307904769,0.014072887599468231,0.40816326530612246,0.3979591836734694,0.1836734693877551,98.0,positive
384,2007-09-12,The Constellation of Monetary Challenges and Responses,-0.22775323490897253,-0.22605732083320618,0.35294117647058826,0.5294117647058824,0.09803921568627451,51.0,negative
385,2007-08-29,Signing of the MOA on the Interconnection of PDS Settlement Highway (PSH) and BSP PhilPaSS,0.3686862408888204,0.5118893980979919,0.6153846153846154,0.38461538461538464,0.0,13.0,positive
386,2007-08-27,Promoting the Safety and Efficiency of the Financial System: A Steady Commitment to Reforms,-0.023605704809109878,0.05783635377883911,0.4945054945054945,0.4835164835164835,0.01098901098901099,91.0,negative
387,2007-08-14,Providing Critical Support to Disaster-Striken Areas Through the Calamity Assistance Program,0.3633784221106545,0.6831640601158142,0.6666666666666666,0.26666666666666666,0.06666666666666667,15.0,positive
388,2007-07-31,Strengthening the Bonds of Partnership for Better Education,0.22585985433333827,0.4101254343986511,0.65625,0.34375,0.0,32.0,positive
389,2007-07-31,BSP's Tulong Barya Para sa Gawad Kalinga,0.22694236662786357,0.6205685138702393,0.6451612903225806,0.3225806451612903,0.03225806451612903,31.0,positive
390,2007-07-27,Ensuring a Well-Trained Security Force,0.4425330633885375,0.7767958641052246,0.8620689655172413,0.10344827586206896,0.0,29.0,positive
391,2007-07-25,The 2006 BSP Praise Awards: A HARVEST of EXCELLENCE,0.0858257842639273,0.21837377548217773,0.6086956521739131,0.391304347826087,0.0,23.0,positive
392,2007-07-24,Strengthening the Foundation for Effective Governance,0.05282278961126029,0.18725351989269257,0.5333333333333333,0.4,0.044444444444444446,90.0,positive
393,2007-07-23,Remarks,0.07173037315846098,0.4121793806552887,0.5925925925925926,0.37037037037037035,0.0,27.0,positive
394,2007-07-20,2007 Awarding Ceremony for BSP Stakeholders,-0.4233434490569226,-0.5663055181503296,0.26666666666666666,0.6666666666666666,0.06666666666666667,15.0,negative
395,2007-07-20,Improving Lives Through Better Access to Credit,-0.030190820958632143,-0.4238150119781494,0.4,0.6,0.0,30.0,negative
396,2007-07-20,Leading the Way Toward Growth and Development,-0.4742905998599882,-0.6347124576568604,0.21739130434782608,0.782608695652174,0.0,23.0,negative
397,2007-07-10,The ING-FINEX Search for CFO of the Year Award: A Search for Inspiring Leadership,0.1264200100490639,0.5939293503761292,0.64,0.32,0.04,25.0,positive
398,2007-07-08,Keynote Address,0.4292761601052256,0.6792575716972351,0.7228915662650602,0.20481927710843373,0.060240963855421686,83.0,positive
399,2007-07-04,2007 Awarding Ceremony for BSP Stakeholders,-0.14833271616537655,-0.1943885087966919,0.4482758620689655,0.5172413793103449,0.034482758620689655,29.0,negative
400,2007-07-03,The BSP @ 14: Moving with the Power of One in the Service of the Filipino People,-0.11078477648402009,0.045979324728250504,0.5116279069767442,0.45348837209302323,0.023255813953488372,86.0,positive
401,2007-07-03,Layon: Money as Vision of a Nation,0.41919152135170473,0.6070839166641235,0.782608695652174,0.21739130434782608,0.0,23.0,positive
402,2007-06-29,Global Awareness of the Philippine Market,-0.2754931821609321,-0.4061368703842163,0.34615384615384615,0.6153846153846154,0.0,26.0,negative
403,2007-06-14,Launching Program for the BSP e-Rediscounting System (ERS) in La Union,0.06386427512168884,-0.1596788763999939,0.45161290322580644,0.5483870967741935,0.0,31.0,negative
404,2007-06-13,RBAP-MABS: Providing Wider and Deeper Access to Microfinance,-0.25164985317797933,-0.46514755487442017,0.3448275862068966,0.6551724137931034,0.0,58.0,negative
405,2007-06-06,Opening Remarks,0.06006394510540703,0.41764938831329346,0.6153846153846154,0.38461538461538464,0.0,39.0,positive
406,2007-06-05,Keynote Address,0.39890580785274504,0.7420797944068909,0.68,0.28,0.04,50.0,positive
407,2007-05-11,The 5th Microentrepreneur of the Year Awards,0.0015464003576151114,0.20892247557640076,0.5,0.48148148148148145,0.018518518518518517,54.0,positive
408,2007-04-19,Harnessing Credit for a Better Life for All,0.06572254836506734,0.20510384440422058,0.6031746031746031,0.3333333333333333,0.06349206349206349,63.0,positive
409,2007-04-12,Nurturing Financially Literate Filipinos,0.14375507446395608,0.2875930666923523,0.6896551724137931,0.3103448275862069,0.0,29.0,positive
410,2007-03-30,Trust Reforms: Positioning the Business for Growth,-0.008473179116703646,0.32219964265823364,0.5465116279069767,0.4186046511627907,0.023255813953488372,86.0,positive
411,2007-03-15,"Migration, Remittances, Economic Development and the Role of Banks",-0.33126686517528925,-0.6038188934326172,0.3157894736842105,0.6842105263157895,0.0,38.0,negative
412,2007-03-01,Remarks,0.27032623963902586,0.5439097881317139,0.65625,0.3125,0.03125,64.0,positive
413,2007-02-28,Fiscal and Debt Sustainability: Developments and Policy Implications,-0.28811761371380035,-0.49486416578292847,0.26804123711340205,0.5567010309278351,0.15463917525773196,97.0,negative
414,2007-02-26,Opening Remarks,-0.09600210629158737,-0.32385149598121643,0.4166666666666667,0.5555555555555556,0.0,36.0,negative
415,2007-02-21,Inspirational Message,-0.205562425978017,-0.33516591787338257,0.3888888888888889,0.6111111111111112,0.0,18.0,negative
416,2007-02-20,A tipping point and a rising tide is lifting up the Philippine economy,-0.3155854617170622,-0.4837035536766052,0.43478260869565216,0.5217391304347826,0.0,23.0,negative
417,2007-02-06,BSP & BMAP: Continuing Partnership for a Stronger Banking System,-0.15331120738731835,-0.3183095455169678,0.375,0.5795454545454546,0.045454545454545456,88.0,negative
418,2007-01-16,The BSP and the Banking Community: A Partnership for a Better Year in 2007,-0.3737892114023406,-0.5557011365890503,0.27419354838709675,0.6774193548387096,0.04838709677419355,62.0,negative
419,2006-12-19,Delivered by Solidarity at the BSP: The Power of One,0.17033544069223816,0.5340068340301514,0.5952380952380952,0.2857142857142857,0.11904761904761904,42.0,positive
420,2006-12-15,Remarks,0.003264529737157854,-0.005422860383987427,0.5,0.5,0.0,10.0,positive
421,2006-12-06,Keynote Address,0.37328456225737017,0.7370012998580933,0.7128712871287128,0.25742574257425743,0.0297029702970297,101.0,positive
422,2006-12-05,Keynote Address,0.17629866140843342,0.41018250584602356,0.6,0.4,0.0,15.0,positive
423,2006-12-04,Opening Statement for the FOCAP Meeting,-0.03696585926916327,0.10882186889648438,0.48717948717948717,0.4358974358974359,0.07692307692307693,39.0,positive
424,2006-11-28,Keynote Address,-0.15512956365081002,-0.32250726222991943,0.34782608695652173,0.5217391304347826,0.13043478260869565,69.0,negative
425,2006-11-23,Strengthening Partnerships for a More Resilient Banking System,-0.1322802722574606,-0.26125508546829224,0.4482758620689655,0.5517241379310345,0.0,29.0,negative
426,2006-08-04,Innovative And Efficient Delivery Channels For Banking Services,0.1687339868838504,0.5590155720710754,0.59375,0.34375,0.0,32.0,positive
427,2006-06-20,Remarks,-0.44393310879658104,-0.5846311450004578,0.22727272727272727,0.7727272727272727,0.0,22.0,negative
428,2006-06-20,Remarks,0.6432298627254125,0.7126458287239075,1.0,0.0,0.0,15.0,positive
429,2006-06-20,Bancnet and Expressnet Interconnection Unified ATM Network Infrastructure Nationwide,0.06851498466215016,0.18560172617435455,0.5416666666666666,0.4583333333333333,0.0,24.0,positive
430,2006-06-18,Closing Remarks,0.2659026975891413,0.659345269203186,0.76,0.24,0.0,50.0,positive
431,2006-06-14,Opening Remarks,0.4365476407110691,0.6438477039337158,0.8181818181818182,0.13636363636363635,0.045454545454545456,22.0,positive
432,2006-06-13,Welcome remarks,-0.10315230508129318,-0.22736257314682007,0.3333333333333333,0.6296296296296297,0.037037037037037035,27.0,negative
433,2006-06-05,"Welcome Remarks For The Meeting On ""Restoring TheSierra Madre Range""",0.23609589147956778,0.5621163249015808,0.625,0.3125,0.0625,16.0,positive
434,2006-06-01,Remarks,-0.03205064839373032,0.2595083713531494,0.48148148148148145,0.4074074074074074,0.1111111111111111,27.0,positive
435,2006-05-19,A message for the Microfinance Sector,-0.042212745060842334,0.03292190283536911,0.45454545454545453,0.45454545454545453,0.06818181818181818,44.0,negative
436,2006-05-17,The state of the Philippine Economy and Policy Directions of the Bangko Sentral ng Pilipinas,-0.3147029981455009,-0.576208233833313,0.3150684931506849,0.6164383561643836,0.0684931506849315,73.0,negative
437,2006-05-08,Message,-0.14253555336930104,-0.4849601984024048,0.3684210526315789,0.5789473684210527,0.0,19.0,negative
438,2006-03-29,Ushering the Philippine Financial Sector to Global Best Practices,0.23621738781652343,0.44055554270744324,0.654320987654321,0.30864197530864196,0.024691358024691357,81.0,positive
439,2006-03-24,The Outlook for the Philippine Economy and Policy Directions in 2006,-0.29215187663355835,-0.3104247748851776,0.34782608695652173,0.5652173913043478,0.07246376811594203,69.0,negative
440,2006-03-17,Keynote address,-0.0052521604118895985,0.04080696031451225,0.4523809523809524,0.4166666666666667,0.10714285714285714,84.0,positive
441,2006-03-17,Transparency and Communication in Central Banking,0.48943411884016524,0.7440980672836304,0.8285714285714286,0.17142857142857143,0.0,70.0,positive
442,2006-03-13,Outlook on the Country's Economic Condition and the Role of Information Technology to Uplift Economic Growth,0.20923429770705745,0.5637266635894775,0.7014925373134329,0.2835820895522388,0.0,67.0,positive
443,2006-03-08,One Step Beyond: Making Ourselves Count for Others,0.3205655622123568,0.6314292550086975,0.7631578947368421,0.21052631578947367,0.02631578947368421,38.0,positive
444,2006-03-01,Towards a Shared Vision for Capital Market Reforms,-0.0252092882406676,-0.03153451904654503,0.43103448275862066,0.5,0.05172413793103448,58.0,negative
445,2006-02-09,The Philippine Economy: Developments and Prospects,-0.4011668549323583,-0.6967111825942993,0.2375,0.675,0.075,80.0,negative
446,2006-02-03,Investor Protection and Market Discipline: A Common Goal,-0.339546573224239,-0.42639806866645813,0.32142857142857145,0.6428571428571429,0.03571428571428571,28.0,negative
447,2006-01-26,Working Together for a Better Nation,-0.04442575787002011,0.04898691177368164,0.515625,0.484375,0.0,64.0,positive
448,2006-01-24,The Philippine Economy: The Continuing Challenge,-0.2661477275516992,-0.38849562406539917,0.30434782608695654,0.5760869565217391,0.10869565217391304,92.0,negative
449,2006-01-17,New Year Message 2006,-0.25993745812580954,-0.2659311890602112,0.4,0.5333333333333333,0.03333333333333333,30.0,negative
450,2006-01-14,Turning Challenges into Opportunities,-0.15393509338662992,-0.35228103399276733,0.36065573770491804,0.5901639344262295,0.03278688524590164,61.0,negative
451,2006-01-05,"Philippine Economy: Recent Economic Developments, Outlook and Policy Directions for 2006; Making the Best of Times",-0.275816807317394,-0.24945800006389618,0.2604166666666667,0.5729166666666666,0.15625,96.0,negative
452,2005-12-04,Welcome remarks,0.24709822538400256,0.3885260224342346,0.5384615384615384,0.34615384615384615,0.11538461538461539,26.0,positive
453,2005-11-25,Closing keynote address,-0.33902137765100787,-0.525137186050415,0.2923076923076923,0.6461538461538462,0.03076923076923077,65.0,negative
454,2005-11-24,Welcome Remarks,0.5737891430058116,0.7406145334243774,0.9375,0.0625,0.0,16.0,positive
455,2005-11-15,Remarks,-0.3945091182787373,-0.7348664999008179,0.2222222222222222,0.7222222222222222,0.05555555555555555,18.0,negative
456,2005-11-14,The BSP's Barya sa Pagkakawanggawa,0.1551062749232685,0.6570152640342712,0.6170212765957447,0.3617021276595745,0.02127659574468085,47.0,positive
457,2005-11-11,Accounting Reforms Toward Good Corporate Governance,0.2700535234544313,0.46918249130249023,0.5740740740740741,0.35185185185185186,0.07407407407407407,54.0,positive
458,2005-11-11,Banking for Sustainable Development Through a Socially-Responsible Financial Sector,0.3253394055670665,0.5691686272621155,0.6382978723404256,0.2553191489361702,0.10638297872340426,94.0,positive
459,2005-09-19,Stimulating the Growth of Microfinance in the Philippines,-0.06709790710258572,0.01740388199687004,0.4507042253521127,0.4788732394366197,0.056338028169014086,71.0,negative
460,2005-08-23,Capital Market: A Cornerstone of BSP Financial Reform Agenda,-0.12334252699221891,-0.16158324480056763,0.3150684931506849,0.5616438356164384,0.0821917808219178,73.0,negative
461,2005-07-04,"Continuity in a Time of Change (Inaugural Speech of Governor Amando M. Tetangco, Jr.)",0.0710427640052638,0.24883058667182922,0.5662650602409639,0.39759036144578314,0.024096385542168676,83.0,positive
462,2005-03-04,A Perspective on Reforms for Sustainable Economic Growth,-0.2283463914025879,-0.27377691864967346,0.2898550724637681,0.5797101449275363,0.10144927536231885,69.0,negative
463,2005-02-26,Welcome Remarks,0.2655833238833829,0.7042937278747559,0.64,0.24,0.08,25.0,positive
464,2005-02-21,Opening Remarks,-0.03916306072284305,-0.23299847543239594,0.36363636363636365,0.6363636363636364,0.0,22.0,negative
465,2005-02-17,Taking Up the Challenge,-0.10922894357754712,-0.05409817397594452,0.4375,0.525,0.0375,80.0,negative
466,2005-02-14,"Keeping Up the Tempo of Progress in the Year of the Rooster,",-0.30804470115870336,-0.3941512107849121,0.24561403508771928,0.631578947368421,0.10526315789473684,57.0,negative
467,2005-02-05,Opening Remarks,0.15373155712612688,0.2889616787433624,0.5068493150684932,0.3287671232876712,0.1232876712328767,73.0,positive
468,2005-01-21,Opening Remarks,0.5125769891361199,0.6590491533279419,0.7777777777777778,0.2222222222222222,0.0,18.0,positive
469,2005-01-21,Closing Remarks,0.05293734600447645,-0.08020003139972687,0.42105263157894735,0.5263157894736842,0.05263157894736842,19.0,negative
470,2005-01-19,Deepening Domestic Financial Reforms,-0.07981404440113432,0.015027211979031563,0.38461538461538464,0.47435897435897434,0.11538461538461539,78.0,negative
471,2005-01-18,New Year Message 2005,-0.043745205961944894,0.03546592965722084,0.45454545454545453,0.3939393939393939,0.12121212121212122,66.0,positive
472,2005-01-17,Keynote Address,0.5213955845529022,0.8460812568664551,0.88,0.12,0.0,25.0,positive
473,2005-01-10,Closing Remarks,-0.1508305305927719,-0.3655620217323303,0.35714285714285715,0.6428571428571429,0.0,28.0,negative
474,2005-01-10,Opening Remarks,0.20110698636186305,0.4608171880245209,0.56,0.4,0.04,25.0,positive
475,2004-11-23,BSP-BAP Partnership: A Vote for Continuing Innovation,-0.01754604168179207,0.06233450770378113,0.5,0.5,0.0,26.0,positive
476,2004-11-18,Opening Remarks,-0.13909770218767578,-0.12755973637104034,0.4444444444444444,0.5277777777777778,0.0,36.0,negative
477,2004-11-13,Building a Coalition of the Willing for a Progressive Philippine Financial System,0.029667860214826616,0.2664329409599304,0.4945054945054945,0.4175824175824176,0.06593406593406594,91.0,positive
478,2004-10-29,Opening Remarks,0.23967976167157132,0.2913418114185333,0.5294117647058824,0.23529411764705882,0.17647058823529413,17.0,positive
479,2004-10-25,Welcome Remarks,-0.20564131548061318,-0.2474229484796524,0.36363636363636365,0.5909090909090909,0.045454545454545456,22.0,negative
480,2004-08-26,Raising the Bar on Consumer Banking Service,0.01517853990549504,-0.24527713656425476,0.391304347826087,0.5217391304347826,0.08695652173913043,23.0,negative
481,2004-08-25,Keynote Address,0.14859399468329612,0.34880131483078003,0.6363636363636364,0.36363636363636365,0.0,55.0,positive
482,2004-07-30,Sustaining Macroeconomic Stability Through Fiscal Consolidation,0.047281823001035506,0.04134197533130646,0.46774193548387094,0.3387096774193548,0.16129032258064516,62.0,positive
483,2004-07-29,Housing as Catalyst for Economic Recovery,-0.11640436362261093,0.017843298614025116,0.4166666666666667,0.47619047619047616,0.10714285714285714,84.0,negative
484,2004-07-28,Fostering Economic Recovery Through Capital Market Development,-0.08944992390343402,0.017843298614025116,0.4146341463414634,0.47560975609756095,0.10975609756097561,82.0,negative
485,2004-07-26,Message,0.4669378844329289,0.7857925891876221,0.8333333333333334,0.16666666666666666,0.0,18.0,positive
486,2004-07-21,Strong Corporate Governance - Banks' Passport to Basel 2,0.4793873985525893,0.8048338294029236,0.8090909090909091,0.17272727272727273,0.00909090909090909,110.0,positive
487,2004-07-21,Closing Remarks,-0.003886217552478304,0.1522180140018463,0.5416666666666666,0.4583333333333333,0.0,24.0,positive
488,2004-07-07,Message,0.18981434872888697,0.5764472484588623,0.6451612903225806,0.3548387096774194,0.0,31.0,positive
489,2004-07-05,Strengthening the Financial System Through a World-Class Payments and Settlements System,0.20382825117641026,0.49996304512023926,0.5945945945945946,0.3783783783783784,0.02702702702702703,37.0,positive
490,2004-07-05,FSF: Strengthening the Philippine Financial System,0.07689129622971139,0.40722811222076416,0.5789473684210527,0.42105263157894735,0.0,38.0,positive
491,2004-07-05,Mind the Gap,0.21881300040305515,0.34102386236190796,0.525,0.375,0.1,40.0,positive
492,2004-07-05,11th BSP Anniversary Message,0.10684938468591146,0.4502973258495331,0.59,0.34,0.05,100.0,positive
493,2004-06-30,The Rural Banking System: Recent Developments and Key Challenges,-0.13845999899078093,-0.2866520583629608,0.37735849056603776,0.5660377358490566,0.05660377358490566,53.0,negative
494,2004-06-16,Opening Statement for FOCAP Meeting,-0.23784979836857734,-0.42952924966812134,0.35714285714285715,0.5714285714285714,0.0,14.0,negative
495,2004-06-16,The Financial System in Post-Election Philippines,0.06925140087661383,0.43129852414131165,0.5540540540540541,0.36486486486486486,0.06756756756756757,74.0,positive
496,2004-06-10,Inspirational Message,-0.212287329164697,-0.4585916996002197,0.3333333333333333,0.6666666666666666,0.0,48.0,negative
497,2004-06-09,Inspirational Message,-0.24116026778070818,-0.40854907035827637,0.2711864406779661,0.559322033898305,0.1694915254237288,59.0,negative
498,2004-06-04,The 2nd Citibank Microentrepreneur of the Year Award,0.04567137188067641,0.0799640417098999,0.5,0.48333333333333334,0.016666666666666666,60.0,positive
499,2004-06-04,DENR and BSP: Forging an Enduring Partnership,0.1038215234322144,0.42405879497528076,0.55,0.45,0.0,20.0,positive
500,2004-06-01,Welcome Remarks,-0.12222354814184655,0.005931203253567219,0.4,0.4,0.2,15.0,negative
501,2004-05-28,Inspirational Message,0.2535181148652581,0.6060706377029419,0.76,0.24,0.0,25.0,positive
502,2004-05-20,Remarks,-0.3522250089539677,-0.748772919178009,0.22727272727272727,0.6363636363636364,0.13636363636363635,22.0,negative
503,2004-05-13,Corporate Governance Reforms in the Banking Sector,0.14833571732986967,0.2914356291294098,0.4897959183673469,0.40816326530612246,0.10204081632653061,49.0,positive
504,2004-04-19,Opening Remarks,0.18247475117561798,0.4649397134780884,0.5172413793103449,0.4482758620689655,0.034482758620689655,29.0,positive
505,2004-04-16,Some Thoughts on the Budget Deficit,0.04175674002931331,0.09768693894147873,0.41346153846153844,0.25961538461538464,0.25961538461538464,104.0,positive
506,2004-04-14,Closing Remarks,0.2354324745865597,0.5783406496047974,0.6190476190476191,0.2857142857142857,0.09523809523809523,21.0,positive
507,2004-04-13,HSBC: Keeping Faith in the Philippines and its Potentials,0.14480662546326628,0.4971691966056824,0.6363636363636364,0.36363636363636365,0.0,22.0,positive
508,2004-04-02,Remarks,0.36947849477744765,0.6692845821380615,0.7346938775510204,0.20408163265306123,0.061224489795918366,49.0,positive
509,2004-03-31,PRAISE: Excellence Beyond Expectations,0.101213239133358,0.37876904010772705,0.6410256410256411,0.3076923076923077,0.05128205128205128,39.0,positive
510,2004-03-30,Response,0.2675748351154412,0.6619381904602051,0.6086956521739131,0.34782608695652173,0.043478260869565216,23.0,positive
511,2004-03-29,Closing Remarks,-0.22069201099429706,-0.47164809703826904,0.38095238095238093,0.6190476190476191,0.0,21.0,negative
512,2004-03-22,Banking Reforms and the Development of the Domestic Capital Market,-0.08867572219353821,-0.10070125758647919,0.40789473684210525,0.5131578947368421,0.07894736842105263,76.0,negative
513,2004-03-11,The State of the Thrift Banking Industry and its Future,-0.15956036235654622,-0.007015081122517586,0.4225352112676056,0.49295774647887325,0.08450704225352113,71.0,negative
514,2004-03-04,Message,-0.3201957208810339,-0.5226244926452637,0.21739130434782608,0.782608695652174,0.0,23.0,negative
515,2004-02-18,Promoting Microfinance: The Role of the Central Bank,0.163781933654795,0.3743724524974823,0.6,0.35384615384615387,0.03076923076923077,65.0,positive
516,2004-02-17,E-Banking Climate in the Philippines,0.27247346592109617,0.5162166953086853,0.7017543859649122,0.2631578947368421,0.017543859649122806,57.0,positive
517,2004-01-30,Remarks,0.04115738109408731,0.2913397252559662,0.5384615384615384,0.46153846153846156,0.0,13.0,positive
518,2004-01-28,Remarks,-0.2670168375354889,-0.5391474962234497,0.2972972972972973,0.6756756756756757,0.0,37.0,negative
519,2004-01-07,Remarks,-0.0567913399113772,0.1393989622592926,0.36666666666666664,0.4,0.23333333333333334,30.0,negative
520,2003-12-18,Christmas Message,0.12312123493692062,0.25847071409225464,0.68,0.24,0.04,25.0,positive
521,2003-12-15,Payment Systems Reforms and Anti-Money Laundering Initiatives,0.40596935880030877,0.5940723419189453,0.7291666666666666,0.1875,0.08333333333333333,48.0,positive
522,2003-12-03,Coming Home to Bangko Sentral ng Pilipinas,0.26350580157163495,0.5830122232437134,0.6888888888888889,0.28888888888888886,0.022222222222222223,45.0,positive
523,2003-11-30,Regional Initiatives in Developing the Regional Bond Market,-0.08004914268527832,-0.13925451040267944,0.3484848484848485,0.5909090909090909,0.045454545454545456,66.0,negative
524,2003-11-25,Remarks,-0.009086051313303905,0.13625863194465637,0.5789473684210527,0.42105263157894735,0.0,19.0,positive
525,2003-11-21,Strengthening Risk Management in Philippine Banking,0.17695536633409098,0.2730550169944763,0.5694444444444444,0.375,0.041666666666666664,72.0,positive
526,2003-11-19,Closing Remarks,0.09102803927855553,0.1952337622642517,0.5454545454545454,0.42424242424242425,0.030303030303030304,33.0,positive
527,2003-11-14,Inspirational Message,0.4850820475226341,0.6733709573745728,0.6896551724137931,0.3103448275862069,0.0,29.0,positive
528,2003-11-13,Remarks,0.02475328812254904,0.04239156097173691,0.44642857142857145,0.39285714285714285,0.16071428571428573,56.0,positive
529,2003-09-15,Keeping the Public Trust,0.40762361092941307,0.71368807554245,0.6428571428571429,0.25,0.03571428571428571,28.0,positive
530,2003-09-12,Closing Remarks,0.12170729715274706,0.45420289039611816,0.5625,0.40625,0.0,32.0,positive
531,2003-09-11,Opening Remarks,0.426280400088392,0.7524017095565796,0.7575757575757576,0.18181818181818182,0.030303030303030304,33.0,positive
532,2003-09-10,Opening Remarks,-0.11798678607992844,0.011615697294473648,0.3548387096774194,0.3548387096774194,0.2903225806451613,31.0,positive
533,2003-09-05,Building Capabilities Through MABS Service Providers,-0.18838063284772555,-0.44984668493270874,0.3333333333333333,0.6666666666666666,0.0,27.0,negative
534,2003-08-28,Keeping Faith in the Face of Adversity,0.3623049141963662,0.4101659655570984,0.5901639344262295,0.13114754098360656,0.26229508196721313,61.0,positive
535,2003-08-27,Presentation of Megalink's Electronic Settlement Facility,-0.009737659210056352,-0.333930641412735,0.4782608695652174,0.5217391304347826,0.0,23.0,negative
536,2003-07-24,PRIME-ing the Local Banking Industry,0.44508250727600057,0.602398157119751,0.8,0.2,0.0,30.0,positive
537,2003-07-23,Message,0.009625452218436394,0.36050093173980713,0.525,0.45,0.025,40.0,positive
538,2003-07-21,BSP PRAISE Awardees - Raising the Bar for Excellence,0.18033568930270066,0.41163286566734314,0.6071428571428571,0.32142857142857145,0.0,28.0,positive
539,2003-07-16,Remarks,-0.2634849265850649,-0.34495389461517334,0.35,0.65,0.0,20.0,negative
540,2003-07-07,Towards a Resilient Rural Banking Industry,0.055988353565740195,0.053313396871089935,0.45454545454545453,0.43636363636363634,0.10909090909090909,55.0,positive
541,2003-07-04,Message,0.008034091504341966,0.2873328626155853,0.5428571428571428,0.37142857142857144,0.05714285714285714,35.0,positive
542,2003-07-03,Official Launch and Inauguration of The PICC Forum,-0.1000825767715772,-0.05750115215778351,0.5,0.5,0.0,20.0,positive
543,2003-07-03,"Recent Economic Developments, Prospects and BSP Initiatives",-0.01932929328856591,0.04873593896627426,0.463768115942029,0.4057971014492754,0.11594202898550725,69.0,positive
544,2003-07-03,Message,0.22388892514778888,0.3162374198436737,0.6585365853658537,0.2682926829268293,0.04878048780487805,41.0,positive
545,2003-07-03,Bangko Sentral ng Pilipinas @ 10,0.2270672135032364,0.622421145439148,0.7142857142857143,0.23214285714285715,0.03571428571428571,56.0,positive
546,2003-06-17,The Challenge of Being the Governor of Bangko Sentral ng Pilipinas,-0.05170729087481811,0.008880487643182278,0.46511627906976744,0.46511627906976744,0.046511627906976744,86.0,positive
547,2003-01-13,Strengthening Links with Our Partners at PNP,0.27360119696421215,0.5868405699729919,0.6481481481481481,0.21296296296296297,0.12037037037037036,108.0,positive
548,2003-01-10,New Year's Message 2003,0.1278108333896068,0.39700743556022644,0.5625,0.3125,0.08333333333333333,48.0,positive
549,2002-12-16,BSP and USAID: Joining Forces in the Fight Against Poverty,-0.10187282860279083,0.011251330375671387,0.4444444444444444,0.5,0.05555555555555555,18.0,negative
550,2002-12-12,Joining Hands for a World-Class Philippine Payment System (PhilPass),0.11919178817723249,0.1653740406036377,0.5172413793103449,0.3448275862068966,0.034482758620689655,29.0,positive
551,2002-11-19,The First Citibank Microentreprenuer of the Year Award,0.06829281544424422,0.20861370861530304,0.5961538461538461,0.36538461538461536,0.0,52.0,positive
552,2002-11-14,Welcome Remarks,0.35268010286723867,0.48793765902519226,0.7142857142857143,0.2857142857142857,0.0,7.0,positive
553,2002-11-08,Closing Remarks,0.12022371692400352,0.2765052020549774,0.6216216216216216,0.3783783783783784,0.0,37.0,positive
554,2002-11-07,CFAs: Developing a Culture that Rewards Ethical Behavior,0.343374657504102,0.6245710849761963,0.75,0.21153846153846154,0.038461538461538464,52.0,positive
555,2002-10-25,Closing Remarks,0.28694716576072904,0.614486813545227,0.6818181818181818,0.3181818181818182,0.0,22.0,positive
556,2002-10-24,Opening Remarks,0.0045208491911469485,0.592361330986023,0.6521739130434783,0.34782608695652173,0.0,23.0,positive
557,2002-09-11,Welcome Remarks,-0.01914991252310388,-0.08924686908721924,0.45454545454545453,0.5454545454545454,0.0,33.0,negative
558,2002-09-06,A Monetary Policy Framework to Support Economic Recovery and Maintain Price Stability,-0.26312151303224485,-0.4410156011581421,0.2702702702702703,0.5405405405405406,0.16216216216216217,111.0,negative
559,2002-09-06,Taking the High Road,0.6383705476049992,0.8166372179985046,0.8725490196078431,0.09803921568627451,0.029411764705882353,102.0,positive
560,2002-08-29,Building Local Economies Through Rural Banks,0.324042313774937,0.6799964308738708,0.6708860759493671,0.25316455696202533,0.0379746835443038,79.0,positive
561,2002-08-27,Bankers and Chambers: Creating Good Synergy for the Country,0.2747701500807227,0.6232028603553772,0.6440677966101694,0.2542372881355932,0.1016949152542373,59.0,positive
562,2002-08-07,Championing Corporate Governance in Banking,0.054845289816486016,0.08361776173114777,0.4772727272727273,0.4090909090909091,0.11363636363636363,44.0,positive
563,2002-07-23,A Salute to Prime Assets of the Bangko Sentral ng Pilipinas,0.17492003656146438,0.5829237699508667,0.6666666666666666,0.3333333333333333,0.0,66.0,positive
564,2002-07-18,Message,-0.07364029493091141,0.005795054137706757,0.3548387096774194,0.4838709677419355,0.16129032258064516,31.0,negative
565,2002-07-17,Team Philippines: Sustaining Growth for the Long-Term,-0.29371173266289097,-0.3200809359550476,0.3287671232876712,0.5616438356164384,0.1095890410958904,73.0,negative
566,2002-07-03,BSP at 9: High Scores for Price and Banking Stability,-0.04897977818478793,-0.005128741264343262,0.43529411764705883,0.47058823529411764,0.08235294117647059,85.0,negative
567,2002-07-01,Remarks,-0.42512444040131947,-0.725980281829834,0.2,0.8,0.0,10.0,negative
568,2002-05-22,Stronger RP-U.S. Links Against Money Laundering,0.10880726361703016,0.3095289170742035,0.5,0.4166666666666667,0.0,12.0,positive
569,2002-05-14,Strengthening Links with AMLC Partners,0.3637624198206049,0.5674062967300415,0.7916666666666666,0.16666666666666666,0.041666666666666664,24.0,positive
570,2002-05-05,Closing Remarks,0.04580385836639574,-0.36591678857803345,0.46153846153846156,0.5384615384615384,0.0,13.0,negative
571,2002-05-03,Opening Remarks,0.10039773887191207,0.24266614019870758,0.5,0.4444444444444444,0.05555555555555555,18.0,positive
572,2002-04-26,Speech,0.0027895107318501953,0.2252936065196991,0.5471698113207547,0.41509433962264153,0.03773584905660377,53.0,positive
573,2002-04-12,Opening Remarks,-0.26279334953905625,-0.42668306827545166,0.25,0.75,0.0,20.0,negative
574,2002-04-03,Message,-0.031530582200625774,-0.07104204595088959,0.5,0.5,0.0,6.0,positive
575,2002-03-26,Remarks,0.12945805682724565,0.20102977752685547,0.5121951219512195,0.36585365853658536,0.0975609756097561,41.0,positive
576,2002-03-25,Remarks,0.5248596309783542,0.7920729517936707,0.7551020408163265,0.10204081632653061,0.10204081632653061,49.0,positive
577,2001-12-10,Looking Beyond R.A. 9160,0.3461782379972075,0.629133939743042,0.6190476190476191,0.21428571428571427,0.11904761904761904,42.0,positive
578,2001-12-04,Working Towards a Revitalized Banking Industry,0.12229606436308352,0.29347291588783264,0.5555555555555556,0.3434343434343434,0.08080808080808081,99.0,positive
579,2001-11-08,Remarks,-0.012999159563098207,-0.012464582920074463,0.45454545454545453,0.5454545454545454,0.0,11.0,negative
580,2001-11-07,Remarks,-0.09680956326458309,-0.012283064424991608,0.4177215189873418,0.4810126582278481,0.0759493670886076,79.0,negative
581,2001-10-16,The Role of Communications in Times of Economic Uncertainty,-0.05986233740329334,0.056173697113990784,0.4731182795698925,0.4731182795698925,0.043010752688172046,93.0,negative
582,2001-10-16,Effects of the Anti-Money Laundering Law on the Banking And Financial System,0.33603955472912356,0.726509690284729,0.6621621621621622,0.25675675675675674,0.08108108108108109,74.0,positive
583,2001-10-06,Keynote Address,0.3875776125320076,0.6847192049026489,0.7804878048780488,0.21951219512195122,0.0,41.0,positive
584,2001-10-05,Republic Act 9160 in Perspective,0.5490397560202286,0.6705694198608398,0.75,0.078125,0.171875,64.0,positive
585,2001-09-10,Microfinance: An Opportunity for the Banking System,0.3274550330249051,0.6753785610198975,0.6716417910447762,0.29850746268656714,0.029850746268656716,67.0,positive
586,2001-09-05,"The Philippine Economy: Monetary, External and",-0.02918152343298238,0.00013074837625026703,0.4125,0.425,0.1375,80.0,negative
587,2001-09-05,Anti-Money Laundering Law: A Work in Progress,0.3090092566201074,0.3647112548351288,0.5454545454545454,0.14545454545454545,0.2909090909090909,55.0,positive
588,2001-09-04,Message,0.12813608712098729,0.16361147165298462,0.5,0.5,0.0,6.0,positive
589,2001-08-31,Rural Banks: Pillars in the Development of Local Economies,-0.15403844078458492,-0.16210342943668365,0.34615384615384615,0.5512820512820513,0.07692307692307693,78.0,negative
590,2001-08-29,Towards Innovation in the Rural Banking Industry,-0.13737408161684653,-0.28728389739990234,0.36666666666666664,0.5166666666666667,0.1,60.0,negative
591,2001-08-24,Speech,-0.026115817530940444,0.24621205031871796,0.5,0.4074074074074074,0.05555555555555555,54.0,positive
592,2001-08-09,The BSP: Ensuring the Proper Environment for Sustainable Growth,-0.20873471711985656,-0.2563151717185974,0.26865671641791045,0.5522388059701493,0.11940298507462686,67.0,negative
593,2001-08-06,Remarks,0.24196099819891626,0.29202744364738464,0.5,0.29411764705882354,0.20588235294117646,34.0,positive
594,2001-07-31,BSP Supports Global Campaign Against Money Laundering,0.45477979162172727,0.5831366181373596,0.6326530612244898,0.16326530612244897,0.14285714285714285,49.0,positive
595,2001-07-25,Remarks on Signing of Syndicated Notes Facility Agreement,-0.38624631902895684,-0.6517696380615234,0.21428571428571427,0.7857142857142857,0.0,14.0,negative
596,2001-07-18,Moving Towards Bank Excellent and Financial Stability in the 21st Century,0.011003157111562717,0.16899941861629486,0.5294117647058824,0.45588235294117646,0.0,68.0,positive
597,2001-07-13,Monument More Enduring Than Bronze,0.34456266124912893,0.6351298093795776,0.6666666666666666,0.24561403508771928,0.08771929824561403,57.0,positive
598,2001-07-03,Anniversary Message,-0.11588072689698527,-0.048199623823165894,0.4067796610169492,0.5084745762711864,0.06779661016949153,59.0,negative
599,2001-06-29,The Role of the Philippine Banking Sector in the Promotion of Sustainable Development,0.015902326803550783,-0.06421813368797302,0.4444444444444444,0.5555555555555556,0.0,36.0,negative
600,2001-06-25,Opening Statement,0.09357231798958843,0.6296918392181396,0.6111111111111112,0.3888888888888889,0.0,36.0,positive
601,2001-06-20,Closing Address,0.16141346301372508,0.3733663558959961,0.56,0.4,0.0,25.0,positive
602,2001-05-25,Laying the Foundation for Higher Gear,-0.012676379506171448,0.071858249604702,0.4533333333333333,0.38666666666666666,0.14666666666666667,75.0,positive
603,2001-05-17,Policy Thrusts and Prospects in an Uncertain Global Economic Environment,-0.13610176481695505,-0.15844373404979706,0.3229166666666667,0.5520833333333334,0.09375,96.0,negative
604,2001-05-08,An Assessment of Philippine Compliance with International Standards in Banking,-0.02366852095207343,-0.2013595551252365,0.4722222222222222,0.5,0.027777777777777776,36.0,negative
605,2001-05-08,"Philippines: Monetary Sector, External Sector and the Financial System",-0.03898020802607418,0.00977614801377058,0.40425531914893614,0.43617021276595747,0.11702127659574468,94.0,negative
606,2001-04-26,Sustaining Economic Recovery Through Sound Monetary Policy,-0.19218627378931114,-0.13007789850234985,0.32727272727272727,0.5272727272727272,0.10909090909090909,55.0,negative
607,2001-04-25,Ensuring Sustainability of Economic Development,-0.0016334571641763288,-0.1024484634399414,0.45098039215686275,0.5098039215686274,0.0196078431372549,51.0,negative
608,2001-04-20,Credit Management in the New Economy,0.2364561770402186,0.47572773694992065,0.5666666666666667,0.31666666666666665,0.11666666666666667,60.0,positive
609,2001-04-19,Welcome Remarks,0.25150224182093256,0.37101471424102783,0.6666666666666666,0.3333333333333333,0.0,15.0,positive
610,2001-04-17,Promoting the Growth and Stability of the Banking System,-0.016717640148978946,0.011617913842201233,0.45569620253164556,0.4430379746835443,0.08860759493670886,79.0,positive
611,2001-03-29,Keynote Address,0.05181206089176544,-0.010408759117126465,0.5,0.5,0.0,46.0,positive
612,2001-03-23,Recent Developments in the Philippine Economy,-0.4225511176557648,-0.634850263595581,0.14925373134328357,0.6567164179104478,0.16417910447761194,67.0,negative
613,2001-03-16,Outlook for Monetary and Banking Policies in the Philippines,0.018299626086747903,0.02003336139023304,0.4819277108433735,0.4578313253012048,0.04819277108433735,83.0,positive
614,2001-03-07,Moving Forward with Monetary Policy in 2001,0.04819944385247539,0.04269850254058838,0.4946236559139785,0.3763440860215054,0.12903225806451613,93.0,positive
615,2001-03-07,Opening Statement,0.009089075847931788,0.012174092233181,0.36363636363636365,0.41818181818181815,0.21818181818181817,55.0,negative
616,2001-02-26,Opening Remarks,0.38723061642143114,0.7557052373886108,0.7209302325581395,0.18604651162790697,0.09302325581395349,43.0,positive
617,2001-02-23,Closing Remarks,0.30159086422232645,0.4525144696235657,0.6956521739130435,0.30434782608695654,0.0,23.0,positive
618,2001-02-01,Key Emerging Economies Drive to Participate in the Global Markets - What Role for the Financial Services Industry in the Philippines,0.023542629492057616,0.33552905917167664,0.5263157894736842,0.38596491228070173,0.08771929824561403,57.0,positive
619,2001-01-22,Philippines: Recent Economic Developments and Outlook,-0.16109161771928077,-0.3004918694496155,0.2692307692307692,0.5128205128205128,0.20512820512820512,78.0,negative
620,2001-01-05,Year 2000: A Tale of Two Stories,-0.18832383231731645,0.006824251264333725,0.26666666666666666,0.36666666666666664,0.3333333333333333,30.0,negative
621,2001-01-04,"he Philippine Economy: Recent Developments, Policy Directions and Outlook for 2001",-0.17982776971677175,-0.15596312284469604,0.29069767441860467,0.5232558139534884,0.18604651162790697,86.0,negative
622,2000-11-20,Moving The Financial Markets Forward,0.19273707652275074,0.5970762968063354,0.6375,0.3125,0.05,80.0,positive
623,2000-11-06,Providing Support to the Corporate Sector,0.138648619606607,0.23666884005069733,0.5285714285714286,0.3142857142857143,0.14285714285714285,70.0,positive
624,2000-10-31,The Near-Term prospects for the Philippine Economy,-0.10875361961936039,0.013483918271958828,0.40384615384615385,0.4230769230769231,0.11538461538461539,52.0,negative
625,2000-10-30,An Update on the Monetary Situation,0.10662048644715082,0.2526305913925171,0.49230769230769234,0.27692307692307694,0.23076923076923078,65.0,positive
626,2000-10-26,An Update on the Foreign Exchange Situation,0.1539836063446793,0.5046433210372925,0.5692307692307692,0.24615384615384617,0.18461538461538463,65.0,positive
627,2000-10-17,Recent Developments and Directions for the Philippine Economy and Banking System,-0.248395199671362,-0.2532017230987549,0.3,0.5714285714285714,0.08571428571428572,70.0,negative
628,2000-09-19,ome Thoughts on the Prospects for Asian Economic Cooperation,-0.023405147129219078,0.03148401901125908,0.47368421052631576,0.4605263157894737,0.05263157894736842,76.0,positive
629,2000-09-06,The Philippines: Recent Economic Development and Policy Thrusts,-0.17927235478142442,-0.41855016350746155,0.38028169014084506,0.5633802816901409,0.04225352112676056,71.0,negative
630,2000-08-28,Confidence in the Financial System: How Do We Protect Our Investments?,-0.08991244684996717,-0.05022725462913513,0.42857142857142855,0.4805194805194805,0.07792207792207792,77.0,negative
631,2000-08-07,"Shangri-La Hotel, Makati City",-0.5373568011857394,-0.776456356048584,0.1702127659574468,0.7872340425531915,0.02127659574468085,47.0,negative
632,2000-07-07,Closing Address: SEACEN Workshop on Concepts and Measurements of Core Inflation and Inflation Forecasting,0.2889335804591978,0.48911887407302856,0.7037037037037037,0.2962962962962963,0.0,27.0,positive
633,2000-07-04,Keynote Speech,0.021008512256372028,0.06614801287651062,0.47619047619047616,0.40476190476190477,0.09523809523809523,42.0,positive
634,2000-07-03,The BSP in the New Millennium,0.138184536231589,0.5272841453552246,0.5869565217391305,0.3695652173913043,0.021739130434782608,46.0,positive
635,2000-07-03,BSP Dividend Remittance fir 1999: P2.97 Billion,-0.010641915261911482,0.31979382038116455,0.52,0.48,0.0,25.0,positive
636,2000-06-23,The Philippines: Recent Economic Developments,-0.22671074852273726,-0.3052457571029663,0.23255813953488372,0.5232558139534884,0.22093023255813954,86.0,negative
637,2000-06-14,Speaking Notes,0.18001372247532593,0.18160851299762726,0.5,0.26785714285714285,0.21428571428571427,56.0,positive
638,2000-06-01,EIU Presentation,-0.08002830340235259,0.0008008759468793869,0.3614457831325301,0.4578313253012048,0.18072289156626506,83.0,negative
639,2000-05-29,Open Conference on Corporate Governance,0.4460912603994965,0.793105959892273,0.7317073170731707,0.24390243902439024,0.024390243902439025,41.0,positive
640,2000-04-28,A REGULATOR'S PERSPECTIVE ON BANK CONSOLIDATION,0.040713930606178714,0.32534655928611755,0.5735294117647058,0.39705882352941174,0.014705882352941176,68.0,positive
641,2000-04-06,The Bangko Sentral and the Economy's Move Toward Broad-Based Growth,-0.3853876315732197,-0.7822116017341614,0.20833333333333334,0.7083333333333334,0.041666666666666664,24.0,negative
642,2000-03-30,THE PHILIPPINE ECONOMY: GEARING UP FOR SUSTAINED AND BROAD-BASED GROWTH,-0.26913453062217746,-0.29283279180526733,0.24050632911392406,0.5822784810126582,0.16455696202531644,79.0,negative
643,2000-03-20,Financial Sector Reform: Building a Banking System for a Global Economy,0.10757363316939621,0.24622929096221924,0.5396825396825397,0.4126984126984127,0.031746031746031744,63.0,positive
644,2000-03-13,THE PHILIPPINES: CONSOLIDATING ECONOMIC GROWTH,-0.24126891777811518,-0.4007532000541687,0.2777777777777778,0.5416666666666666,0.1388888888888889,72.0,negative
645,2000-02-17,Fostering the Proper Environment in Developing the Philippine Capital Market,0.08086226650794442,0.022391021251678467,0.4647887323943662,0.4647887323943662,0.04225352112676056,71.0,positive
646,2000-02-14,PHILIPPINE BANKS: THE LANDSCAPE BEYOND 2000,-0.029544863855122245,0.014191020280122757,0.43283582089552236,0.43283582089552236,0.11940298507462686,67.0,positive
647,2000-01-27,THE PHILIPPINES: GEARING UP FOR HIGHER GROWTH,-0.3591044186614454,-0.2920207977294922,0.20967741935483872,0.5483870967741935,0.24193548387096775,62.0,negative
648,2000-01-19,THE FINANCIAL EXECUTIVE: IN PURSUIT OF EXCELLENCE IN A GLOBAL SETTING FROM THE POINT OF VIEW OF A CENTRAL BANKER,0.11557869909621758,0.29673802852630615,0.5365853658536586,0.4146341463414634,0.04878048780487805,41.0,positive
649,2000-01-18,BSP Policy Thrusts for the New Millenium,-0.1621050735199353,-0.10994476079940796,0.3333333333333333,0.5507246376811594,0.08695652173913043,69.0,negative
650,2000-01-13,Building the Infrastructure for Effective Governance in the Banking System,0.38505195423718197,0.5975499153137207,0.7176470588235294,0.17647058823529413,0.09411764705882353,85.0,positive
651,1999-12-08,Keynote Address,0.15836360221435267,0.2547057867050171,0.5465116279069767,0.3488372093023256,0.06976744186046512,86.0,positive
652,1999-12-07,Keynote Address - Euromoney,-0.13172579994678738,-0.0009885132312774658,0.3333333333333333,0.45977011494252873,0.13793103448275862,87.0,negative
653,1999-12-06,Monetary and Fiscal Policy: Looking Ahead,0.05756941730812941,0.17889580130577087,0.5327102803738317,0.3644859813084112,0.102803738317757,107.0,positive
654,1999-11-22,THE PHILIPPINES: ECONOMIC RECOVERY WITH A STRONGER BANKING SYSTEM,-0.13008934406816722,-0.11109541356563568,0.33035714285714285,0.5089285714285714,0.13392857142857142,112.0,negative
655,1999-11-19,The Bangko Sentral and the International Capital Market,-0.30578293332400724,-0.5527811050415039,0.25,0.7083333333333334,0.041666666666666664,24.0,negative
656,1999-11-18,Banking Reform and the Role of the Thrift Banking Industry,0.05179554106077442,0.006177544593811035,0.4461538461538462,0.4153846153846154,0.07692307692307693,65.0,positive
657,1999-11-13,Commitment to Banking Reforms: A Pillar of Asian Recovery,-0.24082400372634105,-0.37251031398773193,0.2830188679245283,0.6415094339622641,0.05660377358490566,53.0,negative
658,1999-11-02,The Bangko Sentral and the Banking System,0.492540144469992,0.7030438184738159,0.8043478260869565,0.10869565217391304,0.08695652173913043,46.0,positive
659,1999-10-28,The BSP's Short-and Medium-Term Plans,0.049397146490372135,0.01429007388651371,0.4444444444444444,0.42857142857142855,0.09523809523809523,63.0,positive
660,1999-10-27,REFLECTIONS ON MONETARY AND BANKING POLICIES IN THE PHILIPPINES,-0.003119420140929633,0.0250130295753479,0.39344262295081966,0.39344262295081966,0.18032786885245902,61.0,positive
661,1999-10-20,Promoting Monetary and Financial Stability in Asia,0.12897547363976417,0.17730270326137543,0.49645390070921985,0.3191489361702128,0.15602836879432624,141.0,positive
662,1999-08-17,The Philippine Economy: Turning the Corner,-0.2530681638646934,-0.26872265338897705,0.2857142857142857,0.7142857142857143,0.0,14.0,negative
663,1999-07-20,Continuity and Focus: Pathways to Sustained Growth,0.25720374175036576,0.7160488367080688,0.6642857142857143,0.24285714285714285,0.07857142857142857,140.0,positive
664,1999-05-31,IS THE WORST REALLY OVER?,-0.23489758364062965,-0.11859017610549927,0.27586206896551724,0.4827586206896552,0.19540229885057472,87.0,negative
665,1999-05-14,Towards a Sound Financial System: The Philippine Experience,0.10971349997636243,0.16014519333839417,0.4864864864864865,0.2972972972972973,0.17567567567567569,74.0,positive
666,1999-01-07,Out of the Asian Crisis,-0.02031971242664605,0.042384132742881775,0.4148936170212766,0.35106382978723405,0.22340425531914893,94.0,positive
667,1998-11-11,THE PHILIPPINES: CAPITALIZING ON SUSTAINED FINANCIAL STABILITY,-0.0998628249934225,-0.1308944821357727,0.3287671232876712,0.5068493150684932,0.136986301369863,73.0,negative
668,1998-07-03,BSP ON ITS 5TH YEAR ANNIVERSARY: MANAGING THE CURRENCY CRISIS AS WE PREPARE FOR THE NEXT MILLENNIUM,-0.22485700702669348,-0.1363411694765091,0.34,0.54,0.1,50.0,negative
669,1998-05-28,ON WITH THE ECONOMIC RECOVERY...CAREFULLY,-0.09258677883618852,0.024884570389986038,0.34285714285714286,0.35714285714285715,0.2571428571428571,70.0,negative
670,1998-05-22,An Update on Recent Economic Developments,-0.12018212235739947,-0.007609722204506397,0.34328358208955223,0.373134328358209,0.22388059701492538,67.0,negative
671,1998-04-07,The Philippines: From Crisis to Recovery,-0.10848031821309968,0.012645094655454159,0.423728813559322,0.4745762711864407,0.1016949152542373,59.0,negative
672,1998-03-10,Strategic Issues in Managing Capital Flows: The Experience of the Philippines,0.03176967082677122,0.15216919779777527,0.42857142857142855,0.30952380952380953,0.21428571428571427,84.0,positive
