window_scheme,horizon_h,model,tone_spec,origin_date,y_true,y_pred,error
expanding,1,ElasticNet,NEG,2016-01-01,2.52504,3.454415722818281,-0.9293757228182806
expanding,1,ElasticNet,NEG,2016-02-01,2.5197684210526314,3.6176635007264846,-1.0978950796738531
expanding,1,ElasticNet,NEG,2016-03-01,2.528319047619048,3.2208797249437,-0.6925606773246518
expanding,1,ElasticNet,NEG,2016-04-01,2.523847619047619,3.626085066550894,-1.102237447503275
expanding,1,ElasticNet,NEG,2016-05-01,2.525338095238096,3.8898998678288708,-1.3645617725907746
expanding,1,ElasticNet,NEG,2016-06-01,2.51565,4.282156470984237,-1.766506470984237
expanding,1,ElasticNet,NEG,2016-07-01,2.5214052631578947,3.666986827678935,-1.14558156452104
expanding,1,ElasticNet,NEG,2016-08-01,2.517215,3.405479071091675,-0.8882640710916747
expanding,1,ElasticNet,NEG,2016-09-01,2.514826315789474,3.4794939072622846,-0.9646675914728107
expanding,1,ElasticNet,NEG,2016-10-01,2.5058625,3.569051702114935,-1.063189202114935
expanding,1,ElasticNet,NEG,2016-11-01,2.5015650000000003,3.573809112620962,-1.0722441126209619
expanding,1,ElasticNet,NEG,2016-12-01,2.518775,3.8964079644716696,-1.3776329644716694
expanding,1,ElasticNet,NEG,2017-01-01,2.527788888888889,4.027806596194602,-1.5000177073057133
expanding,1,ElasticNet,NEG,2017-02-01,2.51759375,4.0448350882693305,-1.5272413382693304
expanding,1,ElasticNet,NEG,2017-03-01,2.535536363636364,4.22405364566569,-1.6885172820293262
expanding,1,ElasticNet,NEG,2017-04-01,2.5772411764705883,4.16448454895057,-1.587243372479982
expanding,1,ElasticNet,NEG,2017-05-01,2.57815,3.3804344163264366,-0.8022844163264367
expanding,1,ElasticNet,NEG,2017-06-01,2.5543,3.671900307694134,-1.117600307694134
expanding,1,ElasticNet,NEG,2017-07-01,2.5655,3.0386244981872284,-0.47312449818722824
expanding,1,ElasticNet,NEG,2017-08-01,2.553335294117648,2.7290810318971856,-0.1757457377795375
expanding,1,ElasticNet,NEG,2017-09-01,2.5712,3.562294928025768,-0.9910949280257677
expanding,1,ElasticNet,NEG,2017-10-01,2.65784,3.3047521219494085,-0.6469121219494083
expanding,1,ElasticNet,NEG,2017-11-01,2.69046,4.003580184265283,-1.3131201842652835
expanding,1,ElasticNet,NEG,2017-12-01,3.0855473684210524,4.154269629083608,-1.0687222606625553
expanding,1,ElasticNet,NEG,2018-01-01,3.0982380952380955,4.212596118856521,-1.1143580236184252
expanding,1,ElasticNet,NEG,2018-02-01,3.075673684210526,4.180572692498594,-1.104899008288068
expanding,1,ElasticNet,NEG,2018-03-01,3.065655,4.361784179321533,-1.2961291793215328
expanding,1,ElasticNet,NEG,2018-04-01,3.15159,4.233030056406093,-1.0814400564060933
expanding,1,ElasticNet,NEG,2018-05-01,3.30657619047619,4.8764791908032565,-1.5699030003270664
expanding,1,ElasticNet,NEG,2018-06-01,3.4621947368421053,4.45407785634905,-0.9918831195069449
expanding,1,ElasticNet,NEG,2018-07-01,3.6392136363636367,4.9683527009675785,-1.3291390646039418
expanding,1,ElasticNet,NEG,2018-08-01,3.934538095238095,5.372568871243243,-1.438030776005148
expanding,1,ElasticNet,NEG,2018-09-01,4.20315,5.007545843320437,-0.804395843320437
expanding,1,ElasticNet,NEG,2018-10-01,4.641321739130435,5.3372173571985355,-0.6958956180681009
expanding,1,ElasticNet,NEG,2018-11-01,4.782921052631579,5.141089119497472,-0.3581680668658933
expanding,1,ElasticNet,NEG,2018-12-01,4.948788235294118,4.6384624284921765,0.31032580680194144
expanding,1,ElasticNet,NEG,2019-01-01,5.096627272727273,4.4132836894723475,0.6833435832549251
expanding,1,ElasticNet,NEG,2019-02-01,5.116333333333333,4.590285660966907,0.5260476723664267
expanding,1,ElasticNet,NEG,2019-03-01,5.169666666666667,4.342722231083751,0.8269444355829156
expanding,1,ElasticNet,NEG,2019-04-01,5.220527777777778,4.358910232791263,0.8616175449865144
expanding,1,ElasticNet,NEG,2019-05-01,5.035757142857143,4.344891940961723,0.69086520189542
expanding,1,ElasticNet,NEG,2019-06-01,4.934044444444444,4.461762396963916,0.4722820474805278
expanding,1,ElasticNet,NEG,2019-07-01,4.7935,4.369051603804123,0.42444839619587693
expanding,1,ElasticNet,NEG,2019-08-01,4.410036842105264,4.307709353496418,0.10232748860884566
expanding,1,ElasticNet,NEG,2019-09-01,4.32444761904762,3.860291501660934,0.4641561173866866
expanding,1,ElasticNet,NEG,2019-10-01,4.088347826086957,3.612172787192208,0.47617503889474877
expanding,1,ElasticNet,NEG,2019-11-01,4.01318,3.3914886809627784,0.6216913190372217
expanding,1,ElasticNet,NEG,2019-12-01,3.979216666666667,3.6207886950017674,0.3584279716648995
expanding,1,ElasticNet,None,2016-01-01,2.52504,3.420531611489094,-0.8954916114890938
expanding,1,ElasticNet,None,2016-02-01,2.5197684210526314,3.6212569727720667,-1.1014885517194353
expanding,1,ElasticNet,None,2016-03-01,2.528319047619048,3.1888120322642988,-0.6604929846452507
expanding,1,ElasticNet,None,2016-04-01,2.523847619047619,3.6492093480444585,-1.1253617289968396
expanding,1,ElasticNet,None,2016-05-01,2.525338095238096,3.926951859998246,-1.4016137647601496
expanding,1,ElasticNet,None,2016-06-01,2.51565,4.295239291855535,-1.779589291855535
expanding,1,ElasticNet,None,2016-07-01,2.5214052631578947,3.6612933179118037,-1.139888054753909
expanding,1,ElasticNet,None,2016-08-01,2.517215,3.3849643148102757,-0.8677493148102755
expanding,1,ElasticNet,None,2016-09-01,2.514826315789474,3.4220252314848434,-0.9071989156953695
expanding,1,ElasticNet,None,2016-10-01,2.5058625,3.485732897275626,-0.9798703972756257
expanding,1,ElasticNet,None,2016-11-01,2.5015650000000003,3.5453739862287774,-1.0438089862287772
expanding,1,ElasticNet,None,2016-12-01,2.518775,3.9694584066073104,-1.4506834066073102
expanding,1,ElasticNet,None,2017-01-01,2.527788888888889,3.9388338491893156,-1.4110449603004267
expanding,1,ElasticNet,None,2017-02-01,2.51759375,3.9676038998960723,-1.4500101498960722
expanding,1,ElasticNet,None,2017-03-01,2.535536363636364,4.220954838549989,-1.6854184749136252
expanding,1,ElasticNet,None,2017-04-01,2.5772411764705883,4.167984662560681,-1.5907434860900924
expanding,1,ElasticNet,None,2017-05-01,2.57815,3.3924383134015113,-0.8142883134015113
expanding,1,ElasticNet,None,2017-06-01,2.5543,3.683440290567666,-1.129140290567666
expanding,1,ElasticNet,None,2017-07-01,2.5655,3.0642320316439906,-0.4987320316439905
expanding,1,ElasticNet,None,2017-08-01,2.553335294117648,2.7356127206366256,-0.1822774265189775
expanding,1,ElasticNet,None,2017-09-01,2.5712,3.5928868838794807,-1.0216868838794806
expanding,1,ElasticNet,None,2017-10-01,2.65784,3.3178450683467804,-0.6600050683467802
expanding,1,ElasticNet,None,2017-11-01,2.69046,4.007333717423379,-1.3168737174233796
expanding,1,ElasticNet,None,2017-12-01,3.0855473684210524,4.163320849608828,-1.077773481187776
expanding,1,ElasticNet,None,2018-01-01,3.0982380952380955,4.243191150338209,-1.1449530551001135
expanding,1,ElasticNet,None,2018-02-01,3.075673684210526,4.220021528203489,-1.1443478439929629
expanding,1,ElasticNet,None,2018-03-01,3.065655,4.368837886906262,-1.3031828869062623
expanding,1,ElasticNet,None,2018-04-01,3.15159,4.27495197343612,-1.1233619734361198
expanding,1,ElasticNet,None,2018-05-01,3.30657619047619,4.8697354924248595,-1.5631593019486694
expanding,1,ElasticNet,None,2018-06-01,3.4621947368421053,4.5006374236841555,-1.0384426868420502
expanding,1,ElasticNet,None,2018-07-01,3.6392136363636367,4.970812553654404,-1.331598917290767
expanding,1,ElasticNet,None,2018-08-01,3.934538095238095,5.327152965024546,-1.3926148697864513
expanding,1,ElasticNet,None,2018-09-01,4.20315,4.96841566295998,-0.7652656629599797
expanding,1,ElasticNet,None,2018-10-01,4.641321739130435,5.3519137997103945,-0.7105920605799598
expanding,1,ElasticNet,None,2018-11-01,4.782921052631579,5.148019319749181,-0.3650982671176015
expanding,1,ElasticNet,None,2018-12-01,4.948788235294118,4.683958365122816,0.2648298701713019
expanding,1,ElasticNet,None,2019-01-01,5.096627272727273,4.37495340687518,0.7216738658520923
expanding,1,ElasticNet,None,2019-02-01,5.116333333333333,4.640449747775435,0.47588358555789867
expanding,1,ElasticNet,None,2019-03-01,5.169666666666667,4.346095205587084,0.8235714610795828
expanding,1,ElasticNet,None,2019-04-01,5.220527777777778,4.394086973478846,0.8264408042989322
expanding,1,ElasticNet,None,2019-05-01,5.035757142857143,4.335142303504166,0.7006148393529772
expanding,1,ElasticNet,None,2019-06-01,4.934044444444444,4.4475458461934805,0.48649859825096353
expanding,1,ElasticNet,None,2019-07-01,4.7935,4.3917947300370965,0.40170526996290334
expanding,1,ElasticNet,None,2019-08-01,4.410036842105264,4.283159993849197,0.1268768482560665
expanding,1,ElasticNet,None,2019-09-01,4.32444761904762,3.911917141308299,0.4125304777393213
expanding,1,ElasticNet,None,2019-10-01,4.088347826086957,3.6350988550437395,0.45324897104321726
expanding,1,ElasticNet,None,2019-11-01,4.01318,3.419258864411505,0.593921135588495
expanding,1,ElasticNet,None,2019-12-01,3.979216666666667,3.6740849961684154,0.3051316704982514
expanding,1,ElasticNet,POSNEG,2016-01-01,2.52504,3.9985811454553777,-1.4735411454553775
expanding,1,ElasticNet,POSNEG,2016-02-01,2.5197684210526314,3.653657156225178,-1.1338887351725466
expanding,1,ElasticNet,POSNEG,2016-03-01,2.528319047619048,3.2621631902084656,-0.7338441425894175
expanding,1,ElasticNet,POSNEG,2016-04-01,2.523847619047619,3.51282807924357,-0.9889804601959513
expanding,1,ElasticNet,POSNEG,2016-05-01,2.525338095238096,4.167611801408795,-1.6422737061706991
expanding,1,ElasticNet,POSNEG,2016-06-01,2.51565,3.998126041339752,-1.4824760413397522
expanding,1,ElasticNet,POSNEG,2016-07-01,2.5214052631578947,3.5722680864583585,-1.0508628233004638
expanding,1,ElasticNet,POSNEG,2016-08-01,2.517215,3.7448875627249887,-1.2276725627249885
expanding,1,ElasticNet,POSNEG,2016-09-01,2.514826315789474,3.6490402458935733,-1.1342139301040994
expanding,1,ElasticNet,POSNEG,2016-10-01,2.5058625,3.837630900220648,-1.331768400220648
expanding,1,ElasticNet,POSNEG,2016-11-01,2.5015650000000003,3.6347476050074103,-1.13318260500741
expanding,1,ElasticNet,POSNEG,2016-12-01,2.518775,3.987925957839722,-1.4691509578397217
expanding,1,ElasticNet,POSNEG,2017-01-01,2.527788888888889,4.382832248660805,-1.8550433597719165
expanding,1,ElasticNet,POSNEG,2017-02-01,2.51759375,4.462524534485845,-1.944930784485845
expanding,1,ElasticNet,POSNEG,2017-03-01,2.535536363636364,4.3377610577148795,-1.8022246940785154
expanding,1,ElasticNet,POSNEG,2017-04-01,2.5772411764705883,4.236369933270307,-1.6591287567997188
expanding,1,ElasticNet,POSNEG,2017-05-01,2.57815,3.272901362346091,-0.694751362346091
expanding,1,ElasticNet,POSNEG,2017-06-01,2.5543,3.640599862009632,-1.086299862009632
expanding,1,ElasticNet,POSNEG,2017-07-01,2.5655,3.252395928374896,-0.6868959283748959
expanding,1,ElasticNet,POSNEG,2017-08-01,2.553335294117648,2.9223101993267964,-0.3689749052091482
expanding,1,ElasticNet,POSNEG,2017-09-01,2.5712,3.355976268902743,-0.7847762689027427
expanding,1,ElasticNet,POSNEG,2017-10-01,2.65784,3.6330812453064576,-0.9752412453064574
expanding,1,ElasticNet,POSNEG,2017-11-01,2.69046,4.275216830776294,-1.5847568307762945
expanding,1,ElasticNet,POSNEG,2017-12-01,3.0855473684210524,4.086277234566796,-1.0007298661457438
expanding,1,ElasticNet,POSNEG,2018-01-01,3.0982380952380955,4.479024374238339,-1.3807862790002434
expanding,1,ElasticNet,POSNEG,2018-02-01,3.075673684210526,4.471889941696434,-1.3962162574859076
expanding,1,ElasticNet,POSNEG,2018-03-01,3.065655,4.358944590119671,-1.2932895901196706
expanding,1,ElasticNet,POSNEG,2018-04-01,3.15159,4.51209691906752,-1.3605069190675203
expanding,1,ElasticNet,POSNEG,2018-05-01,3.30657619047619,4.852103790133128,-1.5455275996569382
expanding,1,ElasticNet,POSNEG,2018-06-01,3.4621947368421053,4.47178718879382,-1.0095924519517143
expanding,1,ElasticNet,POSNEG,2018-07-01,3.6392136363636367,5.013504173726033,-1.3742905373623961
expanding,1,ElasticNet,POSNEG,2018-08-01,3.934538095238095,5.352116069002173,-1.4175779737640783
expanding,1,ElasticNet,POSNEG,2018-09-01,4.20315,5.006449359610051,-0.8032993596100511
expanding,1,ElasticNet,POSNEG,2018-10-01,4.641321739130435,5.626209895116119,-0.9848881559856846
expanding,1,ElasticNet,POSNEG,2018-11-01,4.782921052631579,5.367591257785333,-0.5846702051537536
expanding,1,ElasticNet,POSNEG,2018-12-01,4.948788235294118,4.719893000993254,0.22889523430086367
expanding,1,ElasticNet,POSNEG,2019-01-01,5.096627272727273,4.4529077067299205,0.643719565997352
expanding,1,ElasticNet,POSNEG,2019-02-01,5.116333333333333,3.9759328995494445,1.140400433783889
expanding,1,ElasticNet,POSNEG,2019-03-01,5.169666666666667,4.452547076293619,0.7171195903730485
expanding,1,ElasticNet,POSNEG,2019-04-01,5.220527777777778,4.479516031065374,0.7410117467124042
expanding,1,ElasticNet,POSNEG,2019-05-01,5.035757142857143,4.4188151672095035,0.6169419756476398
expanding,1,ElasticNet,POSNEG,2019-06-01,4.934044444444444,4.437665879684019,0.4963785647604251
expanding,1,ElasticNet,POSNEG,2019-07-01,4.7935,4.275266007887798,0.5182339921122017
expanding,1,ElasticNet,POSNEG,2019-08-01,4.410036842105264,4.270146103987408,0.13989073811785602
expanding,1,ElasticNet,POSNEG,2019-09-01,4.32444761904762,4.053866155608757,0.27058146343886325
expanding,1,ElasticNet,POSNEG,2019-10-01,4.088347826086957,3.755008183080443,0.33333964300651386
expanding,1,ElasticNet,POSNEG,2019-11-01,4.01318,3.4692044404307927,0.5439755595692075
expanding,1,ElasticNet,POSNEG,2019-12-01,3.979216666666667,3.787095991109293,0.19212067555737367
expanding,1,ElasticNet,ToneMean,2016-01-01,2.52504,3.502757657661773,-0.9777176576617728
expanding,1,ElasticNet,ToneMean,2016-02-01,2.5197684210526314,3.6532552441505,-1.1334868230978685
expanding,1,ElasticNet,ToneMean,2016-03-01,2.528319047619048,3.150414740951351,-0.622095693332303
expanding,1,ElasticNet,ToneMean,2016-04-01,2.523847619047619,3.6598021641636223,-1.1359545451160034
expanding,1,ElasticNet,ToneMean,2016-05-01,2.525338095238096,4.0306328433017,-1.505294748063604
expanding,1,ElasticNet,ToneMean,2016-06-01,2.51565,4.245975916842857,-1.7303259168428573
expanding,1,ElasticNet,ToneMean,2016-07-01,2.5214052631578947,3.632707945478394,-1.1113026823204994
expanding,1,ElasticNet,ToneMean,2016-08-01,2.517215,3.4183499346371606,-0.9011349346371604
expanding,1,ElasticNet,ToneMean,2016-09-01,2.514826315789474,3.3941186583492815,-0.8792923425598076
expanding,1,ElasticNet,ToneMean,2016-10-01,2.5058625,3.4563110286796332,-0.9504485286796331
expanding,1,ElasticNet,ToneMean,2016-11-01,2.5015650000000003,3.5139647492533985,-1.0123997492533983
expanding,1,ElasticNet,ToneMean,2016-12-01,2.518775,4.120121331831543,-1.6013463318315426
expanding,1,ElasticNet,ToneMean,2017-01-01,2.527788888888889,3.9334454551178553,-1.4056565662289664
expanding,1,ElasticNet,ToneMean,2017-02-01,2.51759375,3.9371983766684115,-1.4196046266684115
expanding,1,ElasticNet,ToneMean,2017-03-01,2.535536363636364,4.248158945161528,-1.7126225815251637
expanding,1,ElasticNet,ToneMean,2017-04-01,2.5772411764705883,4.175611764904048,-1.5983705884334594
expanding,1,ElasticNet,ToneMean,2017-05-01,2.57815,3.416194670088605,-0.8380446700886051
expanding,1,ElasticNet,ToneMean,2017-06-01,2.5543,3.7017323725554028,-1.1474323725554028
expanding,1,ElasticNet,ToneMean,2017-07-01,2.5655,3.1681271345980426,-0.6026271345980425
expanding,1,ElasticNet,ToneMean,2017-08-01,2.553335294117648,2.801059363668325,-0.24772406955067705
expanding,1,ElasticNet,ToneMean,2017-09-01,2.5712,3.6336706968201335,-1.0624706968201334
expanding,1,ElasticNet,ToneMean,2017-10-01,2.65784,3.409374448464333,-0.7515344484643327
expanding,1,ElasticNet,ToneMean,2017-11-01,2.69046,4.070957454177424,-1.3804974541774238
expanding,1,ElasticNet,ToneMean,2017-12-01,3.0855473684210524,4.1497119961168725,-1.06416462769582
expanding,1,ElasticNet,ToneMean,2018-01-01,3.0982380952380955,4.327289144716891,-1.2290510494787958
expanding,1,ElasticNet,ToneMean,2018-02-01,3.075673684210526,4.307164156758297,-1.231490472547771
expanding,1,ElasticNet,ToneMean,2018-03-01,3.065655,4.375257124592026,-1.309602124592026
expanding,1,ElasticNet,ToneMean,2018-04-01,3.15159,4.339016119179965,-1.1874261191799653
expanding,1,ElasticNet,ToneMean,2018-05-01,3.30657619047619,4.863738173921001,-1.5571619834448107
expanding,1,ElasticNet,ToneMean,2018-06-01,3.4621947368421053,4.530096641879438,-1.0679019050373326
expanding,1,ElasticNet,ToneMean,2018-07-01,3.6392136363636367,4.975319893700527,-1.33610625733689
expanding,1,ElasticNet,ToneMean,2018-08-01,3.934538095238095,5.309881623630803,-1.3753435283927078
expanding,1,ElasticNet,ToneMean,2018-09-01,4.20315,4.950812758892039,-0.747662758892039
expanding,1,ElasticNet,ToneMean,2018-10-01,4.641321739130435,5.395804151296156,-0.7544824121657214
expanding,1,ElasticNet,ToneMean,2018-11-01,4.782921052631579,5.190415616856732,-0.4074945642251526
expanding,1,ElasticNet,ToneMean,2018-12-01,4.948788235294118,4.70244617201038,0.24634206328373764
expanding,1,ElasticNet,ToneMean,2019-01-01,5.096627272727273,4.362293539150196,0.7343337335770768
expanding,1,ElasticNet,ToneMean,2019-02-01,5.116333333333333,4.606138575080549,0.5101947582527844
expanding,1,ElasticNet,ToneMean,2019-03-01,5.169666666666667,4.35823289398644,0.8114337726802274
expanding,1,ElasticNet,ToneMean,2019-04-01,5.220527777777778,4.422918170785937,0.7976096069918412
expanding,1,ElasticNet,ToneMean,2019-05-01,5.035757142857143,4.335153000179149,0.7006041426779941
expanding,1,ElasticNet,ToneMean,2019-06-01,4.934044444444444,4.435650443841897,0.4983940006025467
expanding,1,ElasticNet,ToneMean,2019-07-01,4.7935,4.390389455000289,0.403110544999711
expanding,1,ElasticNet,ToneMean,2019-08-01,4.410036842105264,4.269835691005847,0.14020115109941678
expanding,1,ElasticNet,ToneMean,2019-09-01,4.32444761904762,3.959732147988829,0.36471547105879143
expanding,1,ElasticNet,ToneMean,2019-10-01,4.088347826086957,3.6682534940728324,0.4200943320141244
expanding,1,ElasticNet,ToneMean,2019-11-01,4.01318,3.442814095203903,0.5703659047960974
expanding,1,ElasticNet,ToneMean,2019-12-01,3.979216666666667,3.7236842098892673,0.25553245677739955
expanding,1,Lasso,NEG,2016-01-01,2.52504,3.460308632855061,-0.935268632855061
expanding,1,Lasso,NEG,2016-02-01,2.5197684210526314,3.6210930015426364,-1.101324580490005
expanding,1,Lasso,NEG,2016-03-01,2.528319047619048,3.2102550452103076,-0.6819359975912596
expanding,1,Lasso,NEG,2016-04-01,2.523847619047619,3.6173900907193026,-1.0935424716716837
expanding,1,Lasso,NEG,2016-05-01,2.525338095238096,3.8825396400020837,-1.3572015447639876
expanding,1,Lasso,NEG,2016-06-01,2.51565,4.277048665070007,-1.7613986650700069
expanding,1,Lasso,NEG,2016-07-01,2.5214052631578947,3.6525910431783153,-1.1311857800204206
expanding,1,Lasso,NEG,2016-08-01,2.517215,3.3879695574462207,-0.8707545574462205
expanding,1,Lasso,NEG,2016-09-01,2.514826315789474,3.4627301560756027,-0.9479038402861288
expanding,1,Lasso,NEG,2016-10-01,2.5058625,3.563041569280216,-1.0571790692802159
expanding,1,Lasso,NEG,2016-11-01,2.5015650000000003,3.5762036410652867,-1.0746386410652864
expanding,1,Lasso,NEG,2016-12-01,2.518775,3.887970648048822,-1.3691956480488217
expanding,1,Lasso,NEG,2017-01-01,2.527788888888889,4.01209701968779,-1.484308130798901
expanding,1,Lasso,NEG,2017-02-01,2.51759375,4.055014426532582,-1.5374206765325815
expanding,1,Lasso,NEG,2017-03-01,2.535536363636364,4.2332333070071,-1.6976969433707358
expanding,1,Lasso,NEG,2017-04-01,2.5772411764705883,4.1796081795470155,-1.6023670030764272
expanding,1,Lasso,NEG,2017-05-01,2.57815,3.4055625886554175,-0.8274125886554176
expanding,1,Lasso,NEG,2017-06-01,2.5543,3.6860349661677145,-1.1317349661677145
expanding,1,Lasso,NEG,2017-07-01,2.5655,3.0615044515354515,-0.49600445153545136
expanding,1,Lasso,NEG,2017-08-01,2.553335294117648,2.752866986257988,-0.19953169214034006
expanding,1,Lasso,NEG,2017-09-01,2.5712,3.5726079445990075,-1.0014079445990074
expanding,1,Lasso,NEG,2017-10-01,2.65784,3.318826240578494,-0.6609862405784939
expanding,1,Lasso,NEG,2017-11-01,2.69046,4.010122934453979,-1.3196629344539792
expanding,1,Lasso,NEG,2017-12-01,3.0855473684210524,4.155506378588023,-1.0699590101669707
expanding,1,Lasso,NEG,2018-01-01,3.0982380952380955,4.21002724754562,-1.1117891523075243
expanding,1,Lasso,NEG,2018-02-01,3.075673684210526,4.1868031010567135,-1.1111294168461874
expanding,1,Lasso,NEG,2018-03-01,3.065655,4.374716636061699,-1.3090616360616987
expanding,1,Lasso,NEG,2018-04-01,3.15159,4.251608593663557,-1.1000185936635565
expanding,1,Lasso,NEG,2018-05-01,3.30657619047619,4.877304457772393,-1.5707282672962029
expanding,1,Lasso,NEG,2018-06-01,3.4621947368421053,4.462481740742889,-1.0002870039007834
expanding,1,Lasso,NEG,2018-07-01,3.6392136363636367,4.945792013557042,-1.306578377193405
expanding,1,Lasso,NEG,2018-08-01,3.934538095238095,5.32988928847704,-1.395351193238945
expanding,1,Lasso,NEG,2018-09-01,4.20315,4.986455084509074,-0.7833050845090739
expanding,1,Lasso,NEG,2018-10-01,4.641321739130435,5.29298437409045,-0.6516626349600152
expanding,1,Lasso,NEG,2018-11-01,4.782921052631579,5.104643269618079,-0.32172221698650016
expanding,1,Lasso,NEG,2018-12-01,4.948788235294118,4.629675234696138,0.3191130005979801
expanding,1,Lasso,NEG,2019-01-01,5.096627272727273,4.3936713775653695,0.702955895161903
expanding,1,Lasso,NEG,2019-02-01,5.116333333333333,4.576468569124012,0.5398647642093213
expanding,1,Lasso,NEG,2019-03-01,5.169666666666667,4.324399584563355,0.8452670821033124
expanding,1,Lasso,NEG,2019-04-01,5.220527777777778,4.33880352970956,0.8817242480682177
expanding,1,Lasso,NEG,2019-05-01,5.035757142857143,4.322352095160099,0.7134050476970444
expanding,1,Lasso,NEG,2019-06-01,4.934044444444444,4.448245428912577,0.48579901553186744
expanding,1,Lasso,NEG,2019-07-01,4.7935,4.362648427925259,0.430851572074741
expanding,1,Lasso,NEG,2019-08-01,4.410036842105264,4.249818310562745,0.16021853154251886
expanding,1,Lasso,NEG,2019-09-01,4.32444761904762,3.8543685679617115,0.47007905108590897
expanding,1,Lasso,NEG,2019-10-01,4.088347826086957,3.6263241000998425,0.4620237259871143
expanding,1,Lasso,NEG,2019-11-01,4.01318,3.4118116235026985,0.6013683764973017
expanding,1,Lasso,NEG,2019-12-01,3.979216666666667,3.635356231417627,0.34386043524903975
expanding,1,Lasso,None,2016-01-01,2.52504,3.4289302575945206,-0.9038902575945205
expanding,1,Lasso,None,2016-02-01,2.5197684210526314,3.624478963238981,-1.1047105421863495
expanding,1,Lasso,None,2016-03-01,2.528319047619048,3.1808755405270146,-0.6525564929079666
expanding,1,Lasso,None,2016-04-01,2.523847619047619,3.6388602119792095,-1.1150125929315906
expanding,1,Lasso,None,2016-05-01,2.525338095238096,3.9167797950653505,-1.3914416998272543
expanding,1,Lasso,None,2016-06-01,2.51565,4.2887902650621434,-1.7731402650621435
expanding,1,Lasso,None,2016-07-01,2.5214052631578947,3.6473572442239948,-1.1259519810661
expanding,1,Lasso,None,2016-08-01,2.517215,3.3691743271551307,-0.8519593271551305
expanding,1,Lasso,None,2016-09-01,2.514826315789474,3.409511733409132,-0.8946854176196579
expanding,1,Lasso,None,2016-10-01,2.5058625,3.4860695117682825,-0.9802070117682824
expanding,1,Lasso,None,2016-11-01,2.5015650000000003,3.5504226207313545,-1.0488576207313542
expanding,1,Lasso,None,2016-12-01,2.518775,3.9540808192530994,-1.4353058192530992
expanding,1,Lasso,None,2017-01-01,2.527788888888889,3.9259971933242075,-1.3982083044353186
expanding,1,Lasso,None,2017-02-01,2.51759375,3.9859580932466345,-1.4683643432466345
expanding,1,Lasso,None,2017-03-01,2.535536363636364,4.230634535922697,-1.6950981722863325
expanding,1,Lasso,None,2017-04-01,2.5772411764705883,4.182342586644084,-1.6051014101734955
expanding,1,Lasso,None,2017-05-01,2.57815,3.4170039296875045,-0.8388539296875046
expanding,1,Lasso,None,2017-06-01,2.5543,3.6957707436597382,-1.1414707436597382
expanding,1,Lasso,None,2017-07-01,2.5655,3.0835558629954605,-0.5180558629954604
expanding,1,Lasso,None,2017-08-01,2.553335294117648,2.758635623312527,-0.20530032919487873
expanding,1,Lasso,None,2017-09-01,2.5712,3.5990150533069976,-1.0278150533069974
expanding,1,Lasso,None,2017-10-01,2.65784,3.3303724815875344,-0.6725324815875342
expanding,1,Lasso,None,2017-11-01,2.69046,4.01330290795315,-1.3228429079531505
expanding,1,Lasso,None,2017-12-01,3.0855473684210524,4.163330560023176,-1.0777831916021232
expanding,1,Lasso,None,2018-01-01,3.0982380952380955,4.2370312008451,-1.1387931056070042
expanding,1,Lasso,None,2018-02-01,3.075673684210526,4.219347248311028,-1.1436735641005016
expanding,1,Lasso,None,2018-03-01,3.065655,4.3773784338115185,-1.3117234338115185
expanding,1,Lasso,None,2018-04-01,3.15159,4.289267187198605,-1.1376771871986047
expanding,1,Lasso,None,2018-05-01,3.30657619047619,4.870818254760342,-1.5642420642841515
expanding,1,Lasso,None,2018-06-01,3.4621947368421053,4.504406334279258,-1.0422115974371526
expanding,1,Lasso,None,2018-07-01,3.6392136363636367,4.947230295086933,-1.3080166587232962
expanding,1,Lasso,None,2018-08-01,3.934538095238095,5.287545955548825,-1.3530078603107296
expanding,1,Lasso,None,2018-09-01,4.20315,4.950666211279139,-0.7475162112791391
expanding,1,Lasso,None,2018-10-01,4.641321739130435,5.305526838839886,-0.6642050997094513
expanding,1,Lasso,None,2018-11-01,4.782921052631579,5.1102355803568775,-0.32731452772529845
expanding,1,Lasso,None,2018-12-01,4.948788235294118,4.6701080192053634,0.2786802160887545
expanding,1,Lasso,None,2019-01-01,5.096627272727273,4.359288853730659,0.7373384189966137
expanding,1,Lasso,None,2019-02-01,5.116333333333333,4.621312779149829,0.49502055418350466
expanding,1,Lasso,None,2019-03-01,5.169666666666667,4.3271634855531005,0.8425031811135666
expanding,1,Lasso,None,2019-04-01,5.220527777777778,4.369905732916213,0.8506220448615647
expanding,1,Lasso,None,2019-05-01,5.035757142857143,4.313550496917319,0.7222066459398242
expanding,1,Lasso,None,2019-06-01,4.934044444444444,4.435512316972836,0.49853212747160836
expanding,1,Lasso,None,2019-07-01,4.7935,4.382758444389722,0.4107415556102776
expanding,1,Lasso,None,2019-08-01,4.410036842105264,4.22786591244972,0.18217092965554382
expanding,1,Lasso,None,2019-09-01,4.32444761904762,3.9001402564022367,0.4243073626453837
expanding,1,Lasso,None,2019-10-01,4.088347826086957,3.6467253146064267,0.4416225114805301
expanding,1,Lasso,None,2019-11-01,4.01318,3.4363887584617996,0.5767912415382006
expanding,1,Lasso,None,2019-12-01,3.979216666666667,3.6819172761765184,0.2972993904901484
expanding,1,Lasso,POSNEG,2016-01-01,2.52504,3.999383425329149,-1.474343425329149
expanding,1,Lasso,POSNEG,2016-02-01,2.5197684210526314,3.656844711762199,-1.1370762907095675
expanding,1,Lasso,POSNEG,2016-03-01,2.528319047619048,3.2542649730562694,-0.7259459254372214
expanding,1,Lasso,POSNEG,2016-04-01,2.523847619047619,3.505634992916464,-0.981787373868845
expanding,1,Lasso,POSNEG,2016-05-01,2.525338095238096,4.154374642251836,-1.6290365470137402
expanding,1,Lasso,POSNEG,2016-06-01,2.51565,3.992202524370513,-1.476552524370513
expanding,1,Lasso,POSNEG,2016-07-01,2.5214052631578947,3.559309317564113,-1.0379040544062184
expanding,1,Lasso,POSNEG,2016-08-01,2.517215,3.7252700780828647,-1.2080550780828645
expanding,1,Lasso,POSNEG,2016-09-01,2.514826315789474,3.63193690426705,-1.1171105884775763
expanding,1,Lasso,POSNEG,2016-10-01,2.5058625,3.8296206440517833,-1.3237581440517832
expanding,1,Lasso,POSNEG,2016-11-01,2.5015650000000003,3.638135999899869,-1.1365709998998685
expanding,1,Lasso,POSNEG,2016-12-01,2.518775,3.977521426703809,-1.4587464267038088
expanding,1,Lasso,POSNEG,2017-01-01,2.527788888888889,4.356811436071496,-1.829022547182607
expanding,1,Lasso,POSNEG,2017-02-01,2.51759375,4.467833835488249,-1.950240085488249
expanding,1,Lasso,POSNEG,2017-03-01,2.535536363636364,4.344865258028109,-1.8093288943917445
expanding,1,Lasso,POSNEG,2017-04-01,2.5772411764705883,4.249740861125553,-1.672499684654965
expanding,1,Lasso,POSNEG,2017-05-01,2.57815,3.303984540146031,-0.7258345401460309
expanding,1,Lasso,POSNEG,2017-06-01,2.5543,3.655222349271219,-1.1009223492712188
expanding,1,Lasso,POSNEG,2017-07-01,2.5655,3.272875432261128,-0.7073754322611281
expanding,1,Lasso,POSNEG,2017-08-01,2.553335294117648,2.9445156339504583,-0.3911803398328102
expanding,1,Lasso,POSNEG,2017-09-01,2.5712,3.3697333685534767,-0.7985333685534766
expanding,1,Lasso,POSNEG,2017-10-01,2.65784,3.6410201004599316,-0.9831801004599314
expanding,1,Lasso,POSNEG,2017-11-01,2.69046,4.275032339076576,-1.5845723390765762
expanding,1,Lasso,POSNEG,2017-12-01,3.0855473684210524,4.087906023180322,-1.0023586547592696
expanding,1,Lasso,POSNEG,2018-01-01,3.0982380952380955,4.468714060159619,-1.3704759649215235
expanding,1,Lasso,POSNEG,2018-02-01,3.075673684210526,4.470323066590644,-1.3946493823801176
expanding,1,Lasso,POSNEG,2018-03-01,3.065655,4.3713019985068975,-1.3056469985068975
expanding,1,Lasso,POSNEG,2018-04-01,3.15159,4.522857022962437,-1.3712670229624373
expanding,1,Lasso,POSNEG,2018-05-01,3.30657619047619,4.851393935271155,-1.5448177447949645
expanding,1,Lasso,POSNEG,2018-06-01,3.4621947368421053,4.478221460976828,-1.0160267241347225
expanding,1,Lasso,POSNEG,2018-07-01,3.6392136363636367,4.9867412158127555,-1.3475275794491188
expanding,1,Lasso,POSNEG,2018-08-01,3.934538095238095,5.3064118192635625,-1.3718737240254675
expanding,1,Lasso,POSNEG,2018-09-01,4.20315,4.983651710589583,-0.7805017105895828
expanding,1,Lasso,POSNEG,2018-10-01,4.641321739130435,5.570797313096206,-0.929475573965771
expanding,1,Lasso,POSNEG,2018-11-01,4.782921052631579,5.3220567950063895,-0.5391357423748104
expanding,1,Lasso,POSNEG,2018-12-01,4.948788235294118,4.706940161135133,0.2418480741589848
expanding,1,Lasso,POSNEG,2019-01-01,5.096627272727273,4.43145486180228,0.6651724109249928
expanding,1,Lasso,POSNEG,2019-02-01,5.116333333333333,3.974636803510684,1.1416965298226494
expanding,1,Lasso,POSNEG,2019-03-01,5.169666666666667,4.4301965699946795,0.7394700966719876
expanding,1,Lasso,POSNEG,2019-04-01,5.220527777777778,4.454837802432694,0.7656899753450839
expanding,1,Lasso,POSNEG,2019-05-01,5.035757142857143,4.393866285517121,0.6418908573400222
expanding,1,Lasso,POSNEG,2019-06-01,4.934044444444444,4.424439097873019,0.5096053465714254
expanding,1,Lasso,POSNEG,2019-07-01,4.7935,4.271455845762247,0.5220441542377525
expanding,1,Lasso,POSNEG,2019-08-01,4.410036842105264,4.213110572871996,0.19692626923326717
expanding,1,Lasso,POSNEG,2019-09-01,4.32444761904762,4.042881811072132,0.2815658079754888
expanding,1,Lasso,POSNEG,2019-10-01,4.088347826086957,3.766517707162797,0.3218301189241597
expanding,1,Lasso,POSNEG,2019-11-01,4.01318,3.488801911760537,0.5243780882394633
expanding,1,Lasso,POSNEG,2019-12-01,3.979216666666667,3.7979527518553162,0.18126391481135062
expanding,1,Lasso,ToneMean,2016-01-01,2.52504,3.5087937874996955,-0.9837537874996953
expanding,1,Lasso,ToneMean,2016-02-01,2.5197684210526314,3.6554983506552055,-1.135729929602574
expanding,1,Lasso,ToneMean,2016-03-01,2.528319047619048,3.1448811623526614,-0.6165621147336133
expanding,1,Lasso,ToneMean,2016-04-01,2.523847619047619,3.6492361164849303,-1.1253884974373114
expanding,1,Lasso,ToneMean,2016-05-01,2.525338095238096,4.016129950318881,-1.4907918550807846
expanding,1,Lasso,ToneMean,2016-06-01,2.51565,4.2399352090622555,-1.7242852090622556
expanding,1,Lasso,ToneMean,2016-07-01,2.5214052631578947,3.61987363698913,-1.0984683738312353
expanding,1,Lasso,ToneMean,2016-08-01,2.517215,3.402171801606881,-0.8849568016068807
expanding,1,Lasso,ToneMean,2016-09-01,2.514826315789474,3.383162087849377,-0.8683357720599032
expanding,1,Lasso,ToneMean,2016-10-01,2.5058625,3.4580039170436754,-0.9521414170436753
expanding,1,Lasso,ToneMean,2016-11-01,2.5015650000000003,3.520711413485793,-1.0191464134857928
expanding,1,Lasso,ToneMean,2016-12-01,2.518775,4.09967448640899,-1.5808994864089896
expanding,1,Lasso,ToneMean,2017-01-01,2.527788888888889,3.9187278050520233,-1.3909389161631345
expanding,1,Lasso,ToneMean,2017-02-01,2.51759375,3.956731219612797,-1.4391374696127968
expanding,1,Lasso,ToneMean,2017-03-01,2.535536363636364,4.2568360704878465,-1.7212997068514824
expanding,1,Lasso,ToneMean,2017-04-01,2.5772411764705883,4.189525987935289,-1.6122848114647006
expanding,1,Lasso,ToneMean,2017-05-01,2.57815,3.4414775336775714,-0.8633275336775714
expanding,1,Lasso,ToneMean,2017-06-01,2.5543,3.713331669658037,-1.1590316696580372
expanding,1,Lasso,ToneMean,2017-07-01,2.5655,3.1842811490137537,-0.6187811490137536
expanding,1,Lasso,ToneMean,2017-08-01,2.553335294117648,2.822156689309623,-0.2688213951919747
expanding,1,Lasso,ToneMean,2017-09-01,2.5712,3.637818095884352,-1.0666180958843516
expanding,1,Lasso,ToneMean,2017-10-01,2.65784,3.4178564579216095,-0.7600164579216093
expanding,1,Lasso,ToneMean,2017-11-01,2.69046,4.073335996494186,-1.3828759964941861
expanding,1,Lasso,ToneMean,2017-12-01,3.0855473684210524,4.150033226442573,-1.0644858580215204
expanding,1,Lasso,ToneMean,2018-01-01,3.0982380952380955,4.316063243064904,-1.2178251478268085
expanding,1,Lasso,ToneMean,2018-02-01,3.075673684210526,4.300748433868889,-1.2250747496583627
expanding,1,Lasso,ToneMean,2018-03-01,3.065655,4.380520658306079,-1.3148656583060787
expanding,1,Lasso,ToneMean,2018-04-01,3.15159,4.348796579633124,-1.1972065796331237
expanding,1,Lasso,ToneMean,2018-05-01,3.30657619047619,4.864944398096054,-1.5583682076198642
expanding,1,Lasso,ToneMean,2018-06-01,3.4621947368421053,4.531071122081781,-1.0688763852396757
expanding,1,Lasso,ToneMean,2018-07-01,3.6392136363636367,4.950659320974287,-1.3114456846106504
expanding,1,Lasso,ToneMean,2018-08-01,3.934538095238095,5.271168193034331,-1.336630097796236
expanding,1,Lasso,ToneMean,2018-09-01,4.20315,4.93404412075474,-0.7308941207547397
expanding,1,Lasso,ToneMean,2018-10-01,4.641321739130435,5.345128288145261,-0.7038065490148266
expanding,1,Lasso,ToneMean,2018-11-01,4.782921052631579,5.148636871869019,-0.36571581923744034
expanding,1,Lasso,ToneMean,2018-12-01,4.948788235294118,4.686775765917295,0.2620124693768231
expanding,1,Lasso,ToneMean,2019-01-01,5.096627272727273,4.3473981226765,0.7492291500507724
expanding,1,Lasso,ToneMean,2019-02-01,5.116333333333333,4.589481296730049,0.5268520366032847
expanding,1,Lasso,ToneMean,2019-03-01,5.169666666666667,4.33791291808094,0.8317537485857267
expanding,1,Lasso,ToneMean,2019-04-01,5.220527777777778,4.39593041453471,0.8245973632430683
expanding,1,Lasso,ToneMean,2019-05-01,5.035757142857143,4.313392282945519,0.7223648599116244
expanding,1,Lasso,ToneMean,2019-06-01,4.934044444444444,4.42434570975827,0.5096987346861743
expanding,1,Lasso,ToneMean,2019-07-01,4.7935,4.381457690292557,0.41204230970744327
expanding,1,Lasso,ToneMean,2019-08-01,4.410036842105264,4.215294689406045,0.19474215269921835
expanding,1,Lasso,ToneMean,2019-09-01,4.32444761904762,3.9441815000111795,0.3802661190364409
expanding,1,Lasso,ToneMean,2019-10-01,4.088347826086957,3.6778731403581535,0.4104746857288033
expanding,1,Lasso,ToneMean,2019-11-01,4.01318,3.458808312451846,0.5543716875481541
expanding,1,Lasso,ToneMean,2019-12-01,3.979216666666667,3.728747427405435,0.250469239261232
expanding,1,OLS,NEG,2016-01-01,2.52504,3.4344107697692103,-0.9093707697692102
expanding,1,OLS,NEG,2016-02-01,2.5197684210526314,3.607043511195259,-1.0872750901426276
expanding,1,OLS,NEG,2016-03-01,2.528319047619048,3.192660945391815,-0.6643418977727671
expanding,1,OLS,NEG,2016-04-01,2.523847619047619,3.627116105107202,-1.1032684860595832
expanding,1,OLS,NEG,2016-05-01,2.525338095238096,3.916147459840054,-1.390809364601958
expanding,1,OLS,NEG,2016-06-01,2.51565,4.341447721325743,-1.8257977213257428
expanding,1,OLS,NEG,2016-07-01,2.5214052631578947,3.6743138393885264,-1.1529085762306317
expanding,1,OLS,NEG,2016-08-01,2.517215,3.3918050400683812,-0.874590040068381
expanding,1,OLS,NEG,2016-09-01,2.514826315789474,3.4731863270887087,-0.9583600112992348
expanding,1,OLS,NEG,2016-10-01,2.5058625,3.562503705975927,-1.056641205975927
expanding,1,OLS,NEG,2016-11-01,2.5015650000000003,3.548346273170809,-1.0467812731708088
expanding,1,OLS,NEG,2016-12-01,2.518775,3.889329322786037,-1.3705543227860368
expanding,1,OLS,NEG,2017-01-01,2.527788888888889,4.037042995919034,-1.509254107030145
expanding,1,OLS,NEG,2017-02-01,2.51759375,4.0296868464569435,-1.5120930964569435
expanding,1,OLS,NEG,2017-03-01,2.535536363636364,4.218627995652973,-1.683091632016609
expanding,1,OLS,NEG,2017-04-01,2.5772411764705883,4.151878609230967,-1.5746374327603787
expanding,1,OLS,NEG,2017-05-01,2.57815,3.347814884455719,-0.769664884455719
expanding,1,OLS,NEG,2017-06-01,2.5543,3.665706726903796,-1.111406726903796
expanding,1,OLS,NEG,2017-07-01,2.5655,2.9748270312245313,-0.4093270312245312
expanding,1,OLS,NEG,2017-08-01,2.553335294117648,2.66179800827667,-0.10846271415902198
expanding,1,OLS,NEG,2017-09-01,2.5712,3.5563167696885714,-0.9851167696885712
expanding,1,OLS,NEG,2017-10-01,2.65784,3.2698320987156873,-0.611992098715687
expanding,1,OLS,NEG,2017-11-01,2.69046,4.010362342868469,-1.3199023428684695
expanding,1,OLS,NEG,2017-12-01,3.0855473684210524,4.177741343308148,-1.092193974887096
expanding,1,OLS,NEG,2018-01-01,3.0982380952380955,4.22328127540138,-1.1250431801632845
expanding,1,OLS,NEG,2018-02-01,3.075673684210526,4.158684891689571,-1.083011207479045
expanding,1,OLS,NEG,2018-03-01,3.065655,4.349256762410558,-1.2836017624105582
expanding,1,OLS,NEG,2018-04-01,3.15159,4.204960064765505,-1.0533700647655047
expanding,1,OLS,NEG,2018-05-01,3.30657619047619,4.897243696366717,-1.5906675058905266
expanding,1,OLS,NEG,2018-06-01,3.4621947368421053,4.448636004915075,-0.9864412680729697
expanding,1,OLS,NEG,2018-07-01,3.6392136363636367,5.027654373770713,-1.3884407374070764
expanding,1,OLS,NEG,2018-08-01,3.934538095238095,5.460029821168167,-1.5254917259300718
expanding,1,OLS,NEG,2018-09-01,4.20315,5.0411051804261575,-0.8379551804261576
expanding,1,OLS,NEG,2018-10-01,4.641321739130435,5.408276899387433,-0.7669551602569982
expanding,1,OLS,NEG,2018-11-01,4.782921052631579,5.195559378842795,-0.41263832621121566
expanding,1,OLS,NEG,2018-12-01,4.948788235294118,4.645568977638644,0.3032192576554742
expanding,1,OLS,NEG,2019-01-01,5.096627272727273,4.4278624617450095,0.668764810982263
expanding,1,OLS,NEG,2019-02-01,5.116333333333333,4.607677643546853,0.5086556897864805
expanding,1,OLS,NEG,2019-03-01,5.169666666666667,4.36526151700515,0.804405149661517
expanding,1,OLS,NEG,2019-04-01,5.220527777777778,4.386924720771637,0.8336030570061412
expanding,1,OLS,NEG,2019-05-01,5.035757142857143,4.376018735861657,0.6597384069954861
expanding,1,OLS,NEG,2019-06-01,4.934044444444444,4.480510185955276,0.4535342584891682
expanding,1,OLS,NEG,2019-07-01,4.7935,4.377149700207242,0.41635029979275817
expanding,1,OLS,NEG,2019-08-01,4.410036842105264,4.391029270054713,0.01900757205055026
expanding,1,OLS,NEG,2019-09-01,4.32444761904762,3.863346545967742,0.46110107307987835
expanding,1,OLS,NEG,2019-10-01,4.088347826086957,3.580044542929926,0.5083032831570309
expanding,1,OLS,NEG,2019-11-01,4.01318,3.347690665756425,0.665489334243575
expanding,1,OLS,NEG,2019-12-01,3.979216666666667,3.589522105628669,0.3896945610379978
expanding,1,OLS,None,2016-01-01,2.52504,3.3972125684230297,-0.8721725684230295
expanding,1,OLS,None,2016-02-01,2.5197684210526314,3.611111242818386,-1.0913428217657546
expanding,1,OLS,None,2016-03-01,2.528319047619048,3.1574915738480347,-0.6291725262289867
expanding,1,OLS,None,2016-04-01,2.523847619047619,3.653045880396583,-1.129198261348964
expanding,1,OLS,None,2016-05-01,2.525338095238096,3.9572006982815076,-1.4318626030434114
expanding,1,OLS,None,2016-06-01,2.51565,4.355444961417927,-1.839794961417927
expanding,1,OLS,None,2016-07-01,2.5214052631578947,3.668131042548233,-1.1467257793903385
expanding,1,OLS,None,2016-08-01,2.517215,3.3695138728520413,-0.8522988728520411
expanding,1,OLS,None,2016-09-01,2.514826315789474,3.4098041058197612,-0.8949777900302873
expanding,1,OLS,None,2016-10-01,2.5058625,3.4694889875713275,-0.9636264875713274
expanding,1,OLS,None,2016-11-01,2.5015650000000003,3.516113237131859,-1.0145482371318586
expanding,1,OLS,None,2016-12-01,2.518775,3.9736487261989364,-1.4548737261989362
expanding,1,OLS,None,2017-01-01,2.527788888888889,3.9373402267955013,-1.4095513379066125
expanding,1,OLS,None,2017-02-01,2.51759375,3.9400329332260764,-1.4224391832260763
expanding,1,OLS,None,2017-03-01,2.535536363636364,4.214658661962416,-1.6791222983260514
expanding,1,OLS,None,2017-04-01,2.5772411764705883,4.156620083236838,-1.5793789067662498
expanding,1,OLS,None,2017-05-01,2.57815,3.3628080291374856,-0.7846580291374856
expanding,1,OLS,None,2017-06-01,2.5543,3.6782731687330594,-1.1239731687330594
expanding,1,OLS,None,2017-07-01,2.5655,3.007205461150752,-0.44170546115075204
expanding,1,OLS,None,2017-08-01,2.553335294117648,2.669754676560931,-0.11641938244328287
expanding,1,OLS,None,2017-09-01,2.5712,3.593171667513373,-1.0219716675133728
expanding,1,OLS,None,2017-10-01,2.65784,3.2865743551208864,-0.6287343551208862
expanding,1,OLS,None,2017-11-01,2.69046,4.015010475834133,-1.3245504758341333
expanding,1,OLS,None,2017-12-01,3.0855473684210524,4.18709329944486,-1.1015459310238076
expanding,1,OLS,None,2018-01-01,3.0982380952380955,4.2613476760582785,-1.163109580820183
expanding,1,OLS,None,2018-02-01,3.075673684210526,4.204406628734119,-1.1287329445235925
expanding,1,OLS,None,2018-03-01,3.065655,4.357223831561494,-1.2915688315614937
expanding,1,OLS,None,2018-04-01,3.15159,4.252772345585563,-1.101182345585563
expanding,1,OLS,None,2018-05-01,3.30657619047619,4.889174809623576,-1.5825986191473858
expanding,1,OLS,None,2018-06-01,3.4621947368421053,4.501046358928001,-1.0388516220858954
expanding,1,OLS,None,2018-07-01,3.6392136363636367,5.029396886034775,-1.390183249671138
expanding,1,OLS,None,2018-08-01,3.934538095238095,5.407896971893006,-1.473358876654911
expanding,1,OLS,None,2018-09-01,4.20315,4.996525940227839,-0.7933759402278389
expanding,1,OLS,None,2018-10-01,4.641321739130435,5.4240708980662795,-0.7827491589358448
expanding,1,OLS,None,2018-11-01,4.782921052631579,5.202624638588494,-0.41970358595691515
expanding,1,OLS,None,2018-12-01,4.948788235294118,4.696491208494999,0.2522970267991189
expanding,1,OLS,None,2019-01-01,5.096627272727273,4.384277299976652,0.7123499727506202
expanding,1,OLS,None,2019-02-01,5.116333333333333,4.663866954396404,0.4524663789369292
expanding,1,OLS,None,2019-03-01,5.169666666666667,4.3688171886905405,0.8008494779761266
expanding,1,OLS,None,2019-04-01,5.220527777777778,4.426584028853353,0.7939437489244252
expanding,1,OLS,None,2019-05-01,5.035757142857143,4.364635826506832,0.6711213163503116
expanding,1,OLS,None,2019-06-01,4.934044444444444,4.464073873321916,0.46997057112252794
expanding,1,OLS,None,2019-07-01,4.7935,4.403056424680302,0.390443575319698
expanding,1,OLS,None,2019-08-01,4.410036842105264,4.362556090514832,0.04748075159043186
expanding,1,OLS,None,2019-09-01,4.32444761904762,3.9223822731964177,0.4020653458512027
expanding,1,OLS,None,2019-10-01,4.088347826086957,3.6067381540437755,0.4816096720431813
expanding,1,OLS,None,2019-11-01,4.01318,3.3800292531874554,0.6331507468125448
expanding,1,OLS,None,2019-12-01,3.979216666666667,3.6513549005410324,0.32786176612563445
expanding,1,OLS,POSNEG,2016-01-01,2.52504,3.986191578055604,-1.461151578055604
expanding,1,OLS,POSNEG,2016-02-01,2.5197684210526314,3.6436953096252527,-1.1239268885726212
expanding,1,OLS,POSNEG,2016-03-01,2.528319047619048,3.2378160327304784,-0.7094969851114303
expanding,1,OLS,POSNEG,2016-04-01,2.523847619047619,3.5124873065308004,-0.9886396874831815
expanding,1,OLS,POSNEG,2016-05-01,2.525338095238096,4.19487893066102,-1.6695408354229242
expanding,1,OLS,POSNEG,2016-06-01,2.51565,4.049396839830573,-1.533746839830573
expanding,1,OLS,POSNEG,2016-07-01,2.5214052631578947,3.578636447095577,-1.0572311839376822
expanding,1,OLS,POSNEG,2016-08-01,2.517215,3.737759539408839,-1.2205445394088388
expanding,1,OLS,POSNEG,2016-09-01,2.514826315789474,3.6468121973956262,-1.1319858816061523
expanding,1,OLS,POSNEG,2016-10-01,2.5058625,3.836112874354689,-1.330250374354689
expanding,1,OLS,POSNEG,2016-11-01,2.5015650000000003,3.611966414548431,-1.1104014145484307
expanding,1,OLS,POSNEG,2016-12-01,2.518775,3.9813466231126524,-1.4625716231126522
expanding,1,OLS,POSNEG,2017-01-01,2.527788888888889,4.39814580802509,-1.870356919136201
expanding,1,OLS,POSNEG,2017-02-01,2.51759375,4.455117709408174,-1.9375239594081743
expanding,1,OLS,POSNEG,2017-03-01,2.535536363636364,4.333393742023111,-1.7978573783867464
expanding,1,OLS,POSNEG,2017-04-01,2.5772411764705883,4.225248030665702,-1.6480068541951134
expanding,1,OLS,POSNEG,2017-05-01,2.57815,3.2392067393365713,-0.6610567393365714
expanding,1,OLS,POSNEG,2017-06-01,2.5543,3.6316884613105667,-1.0773884613105666
expanding,1,OLS,POSNEG,2017-07-01,2.5655,3.193966532332894,-0.6284665323328937
expanding,1,OLS,POSNEG,2017-08-01,2.553335294117648,2.859573703249894,-0.30623840913224587
expanding,1,OLS,POSNEG,2017-09-01,2.5712,3.346836019578008,-0.7756360195780077
expanding,1,OLS,POSNEG,2017-10-01,2.65784,3.6040912295608885,-0.9462512295608883
expanding,1,OLS,POSNEG,2017-11-01,2.69046,4.285107893083032,-1.5946478930830326
expanding,1,OLS,POSNEG,2017-12-01,3.0855473684210524,4.106586070264429,-1.0210387018433766
expanding,1,OLS,POSNEG,2018-01-01,3.0982380952380955,4.4927343581167,-1.3944962628786048
expanding,1,OLS,POSNEG,2018-02-01,3.075673684210526,4.45363204337515,-1.3779583591646243
expanding,1,OLS,POSNEG,2018-03-01,3.065655,4.345493112515595,-1.2798381125155953
expanding,1,OLS,POSNEG,2018-04-01,3.15159,4.487958462990495,-1.3363684629904946
expanding,1,OLS,POSNEG,2018-05-01,3.30657619047619,4.870088999700854,-1.5635128092246635
expanding,1,OLS,POSNEG,2018-06-01,3.4621947368421053,4.465164925923121,-1.0029701890810157
expanding,1,OLS,POSNEG,2018-07-01,3.6392136363636367,5.070597521745494,-1.4313838853818575
expanding,1,OLS,POSNEG,2018-08-01,3.934538095238095,5.435456278729009,-1.500918183490914
expanding,1,OLS,POSNEG,2018-09-01,4.20315,5.0382194213058105,-0.8350694213058105
expanding,1,OLS,POSNEG,2018-10-01,4.641321739130435,5.699708573497908,-1.0583868343674734
expanding,1,OLS,POSNEG,2018-11-01,4.782921052631579,5.4227375815048084,-0.6398165288732294
expanding,1,OLS,POSNEG,2018-12-01,4.948788235294118,4.726105014552144,0.222683220741974
expanding,1,OLS,POSNEG,2019-01-01,5.096627272727273,4.467225924676453,0.6294013480508198
expanding,1,OLS,POSNEG,2019-02-01,5.116333333333333,3.9803767785423254,1.135956554791008
expanding,1,OLS,POSNEG,2019-03-01,5.169666666666667,4.476470749741594,0.693195916925073
expanding,1,OLS,POSNEG,2019-04-01,5.220527777777778,4.5086563125890065,0.7118714651887714
expanding,1,OLS,POSNEG,2019-05-01,5.035757142857143,4.450891327932872,0.5848658149242709
expanding,1,OLS,POSNEG,2019-06-01,4.934044444444444,4.455611106246396,0.4784333381980481
expanding,1,OLS,POSNEG,2019-07-01,4.7935,4.281753943195295,0.5117460568047045
expanding,1,OLS,POSNEG,2019-08-01,4.410036842105264,4.352543267242778,0.05749357486248563
expanding,1,OLS,POSNEG,2019-09-01,4.32444761904762,4.0609243640304955,0.2635232550171249
expanding,1,OLS,POSNEG,2019-10-01,4.088347826086957,3.726871652466765,0.3614761736201917
expanding,1,OLS,POSNEG,2019-11-01,4.01318,3.428395140294268,0.5847848597057324
expanding,1,OLS,POSNEG,2019-12-01,3.979216666666667,3.759985972764199,0.21923069390246797
expanding,1,OLS,ToneMean,2016-01-01,2.52504,3.479090866969521,-0.9540508669695207
expanding,1,OLS,ToneMean,2016-02-01,2.5197684210526314,3.642973251060117,-1.1232048300074857
expanding,1,OLS,ToneMean,2016-03-01,2.528319047619048,3.1204812428060906,-0.5921621951870426
expanding,1,OLS,ToneMean,2016-04-01,2.523847619047619,3.6637021971668107,-1.1398545781191918
expanding,1,OLS,ToneMean,2016-05-01,2.525338095238096,4.0592370991413445,-1.5338990039032483
expanding,1,OLS,ToneMean,2016-06-01,2.51565,4.305309162171323,-1.789659162171323
expanding,1,OLS,ToneMean,2016-07-01,2.5214052631578947,3.6399142649246725,-1.1185090017667778
expanding,1,OLS,ToneMean,2016-08-01,2.517215,3.4033828488891116,-0.8861678488891114
expanding,1,OLS,ToneMean,2016-09-01,2.514826315789474,3.382760513324396,-0.8679341975349222
expanding,1,OLS,ToneMean,2016-10-01,2.5058625,3.4406868087291844,-0.9348243087291843
expanding,1,OLS,ToneMean,2016-11-01,2.5015650000000003,3.485653593665541,-0.9840885936655406
expanding,1,OLS,ToneMean,2016-12-01,2.518775,4.122796904018446,-1.6040219040184458
expanding,1,OLS,ToneMean,2017-01-01,2.527788888888889,3.9323806940460235,-1.4045918051571347
expanding,1,OLS,ToneMean,2017-02-01,2.51759375,3.912443829139166,-1.3948500791391658
expanding,1,OLS,ToneMean,2017-03-01,2.535536363636364,4.241003128853508,-1.7054667652171442
expanding,1,OLS,ToneMean,2017-04-01,2.5772411764705883,4.165321154839615,-1.5880799783690271
expanding,1,OLS,ToneMean,2017-05-01,2.57815,3.3821359376743674,-0.8039859376743674
expanding,1,OLS,ToneMean,2017-06-01,2.5543,3.692428160055021,-1.1381281600550208
expanding,1,OLS,ToneMean,2017-07-01,2.5655,3.111907242840744,-0.5464072428407438
expanding,1,OLS,ToneMean,2017-08-01,2.553335294117648,2.734680580160148,-0.18134528604249978
expanding,1,OLS,ToneMean,2017-09-01,2.5712,3.63358085992495,-1.06238085992495
expanding,1,OLS,ToneMean,2017-10-01,2.65784,3.378807769556226,-0.7209677695562258
expanding,1,OLS,ToneMean,2017-11-01,2.69046,4.077807006463901,-1.3873470064639015
expanding,1,OLS,ToneMean,2017-12-01,3.0855473684210524,4.171979027068578,-1.0864316586475256
expanding,1,OLS,ToneMean,2018-01-01,3.0982380952380955,4.34623606306231,-1.2479979678242148
expanding,1,OLS,ToneMean,2018-02-01,3.075673684210526,4.292030055239857,-1.2163563710293306
expanding,1,OLS,ToneMean,2018-03-01,3.065655,4.363243845943799,-1.2975888459437992
expanding,1,OLS,ToneMean,2018-04-01,3.15159,4.314647338235261,-1.163057338235261
expanding,1,OLS,ToneMean,2018-05-01,3.30657619047619,4.882907225675134,-1.576331035198944
expanding,1,OLS,ToneMean,2018-06-01,3.4621947368421053,4.529281002630078,-1.0670862657879723
expanding,1,OLS,ToneMean,2018-07-01,3.6392136363636367,5.033047657794847,-1.3938340214312102
expanding,1,OLS,ToneMean,2018-08-01,3.934538095238095,5.39035270718633,-1.455814611948235
expanding,1,OLS,ToneMean,2018-09-01,4.20315,4.97870976775134,-0.7755597677513402
expanding,1,OLS,ToneMean,2018-10-01,4.641321739130435,5.466439256762969,-0.8251175176325347
expanding,1,OLS,ToneMean,2018-11-01,4.782921052631579,5.2431638601847865,-0.46024280755320746
expanding,1,OLS,ToneMean,2018-12-01,4.948788235294118,4.71383904852317,0.23494918677094834
expanding,1,OLS,ToneMean,2019-01-01,5.096627272727273,4.37184406101575,0.7247832117115225
expanding,1,OLS,ToneMean,2019-02-01,5.116333333333333,4.630640633782781,0.48569269955055283
expanding,1,OLS,ToneMean,2019-03-01,5.169666666666667,4.380220494760874,0.7894461719057935
expanding,1,OLS,ToneMean,2019-04-01,5.220527777777778,4.453971960665488,0.7665558171122901
expanding,1,OLS,ToneMean,2019-05-01,5.035757142857143,4.36444163189862,0.6713155109585234
expanding,1,OLS,ToneMean,2019-06-01,4.934044444444444,4.452497080575848,0.48154736386859565
expanding,1,OLS,ToneMean,2019-07-01,4.7935,4.401697835808891,0.3918021641911089
expanding,1,OLS,ToneMean,2019-08-01,4.410036842105264,4.349474272308999,0.0605625697962644
expanding,1,OLS,ToneMean,2019-09-01,4.32444761904762,3.968457161646592,0.3559904574010284
expanding,1,OLS,ToneMean,2019-10-01,4.088347826086957,3.6390407513904957,0.44930707469646114
expanding,1,OLS,ToneMean,2019-11-01,4.01318,3.4033641424375563,0.6098158575624439
expanding,1,OLS,ToneMean,2019-12-01,3.979216666666667,3.700131458345801,0.2790852083208657
expanding,1,Ridge,NEG,2016-01-01,2.52504,3.442531266306575,-0.9174912663065746
expanding,1,Ridge,NEG,2016-02-01,2.5197684210526314,3.6110525993243403,-1.0912841782717089
expanding,1,Ridge,NEG,2016-03-01,2.528319047619048,3.214534699794497,-0.686215652175449
expanding,1,Ridge,NEG,2016-04-01,2.523847619047619,3.6311660879673795,-1.1073184689197606
expanding,1,Ridge,NEG,2016-05-01,2.525338095238096,3.9051105966076536,-1.3797725013695574
expanding,1,Ridge,NEG,2016-06-01,2.51565,4.310608256204591,-1.7949582562045912
expanding,1,Ridge,NEG,2016-07-01,2.5214052631578947,3.677872627977731,-1.1564673648198363
expanding,1,Ridge,NEG,2016-08-01,2.517215,3.408767254368589,-0.8915522543685888
expanding,1,Ridge,NEG,2016-09-01,2.514826315789474,3.4855883123344817,-0.9707619965450078
expanding,1,Ridge,NEG,2016-10-01,2.5058625,3.5692065755758087,-1.0633440755758086
expanding,1,Ridge,NEG,2016-11-01,2.5015650000000003,3.5609020449911557,-1.0593370449911554
expanding,1,Ridge,NEG,2016-12-01,2.518775,3.8974625289073757,-1.3786875289073754
expanding,1,Ridge,NEG,2017-01-01,2.527788888888889,4.043656748062141,-1.5158678591732517
expanding,1,Ridge,NEG,2017-02-01,2.51759375,4.0311001093435666,-1.5135063593435665
expanding,1,Ridge,NEG,2017-03-01,2.535536363636364,4.216547014636985,-1.681010651000621
expanding,1,Ridge,NEG,2017-04-01,2.5772411764705883,4.149061724160075,-1.5718205476894864
expanding,1,Ridge,NEG,2017-05-01,2.57815,3.3551416235724107,-0.7769916235724108
expanding,1,Ridge,NEG,2017-06-01,2.5543,3.664134269136749,-1.109834269136749
expanding,1,Ridge,NEG,2017-07-01,2.5655,2.995591125113769,-0.4300911251137687
expanding,1,Ridge,NEG,2017-08-01,2.553335294117648,2.684876521378396,-0.1315412272607479
expanding,1,Ridge,NEG,2017-09-01,2.5712,3.55340341500741,-0.9822034150074099
expanding,1,Ridge,NEG,2017-10-01,2.65784,3.2791131034872114,-0.6212731034872112
expanding,1,Ridge,NEG,2017-11-01,2.69046,4.002471198577643,-1.3120111985776433
expanding,1,Ridge,NEG,2017-12-01,3.0855473684210524,4.166148216685953,-1.080600848264901
expanding,1,Ridge,NEG,2018-01-01,3.0982380952380955,4.215507308747736,-1.117269213509641
expanding,1,Ridge,NEG,2018-02-01,3.075673684210526,4.162237990452297,-1.0865643062417711
expanding,1,Ridge,NEG,2018-03-01,3.065655,4.348814758614419,-1.2831597586144192
expanding,1,Ridge,NEG,2018-04-01,3.15159,4.20969722106816,-1.0581072210681595
expanding,1,Ridge,NEG,2018-05-01,3.30657619047619,4.885689860653493,-1.5791136701773025
expanding,1,Ridge,NEG,2018-06-01,3.4621947368421053,4.446701672250242,-0.9845069354081368
expanding,1,Ridge,NEG,2018-07-01,3.6392136363636367,5.0078222370638,-1.368608600700163
expanding,1,Ridge,NEG,2018-08-01,3.934538095238095,5.435878016936858,-1.5013399216987628
expanding,1,Ridge,NEG,2018-09-01,4.20315,5.0337749930827504,-0.8306249930827505
expanding,1,Ridge,NEG,2018-10-01,4.641321739130435,5.393415077629382,-0.7520933384989474
expanding,1,Ridge,NEG,2018-11-01,4.782921052631579,5.185348023200785,-0.4024269705692056
expanding,1,Ridge,NEG,2018-12-01,4.948788235294118,4.645768981952221,0.3030192533418967
expanding,1,Ridge,NEG,2019-01-01,5.096627272727273,4.429638930257534,0.6669883424697387
expanding,1,Ridge,NEG,2019-02-01,5.116333333333333,4.605439383616989,0.510893949716344
expanding,1,Ridge,NEG,2019-03-01,5.169666666666667,4.362725997087706,0.8069406695789612
expanding,1,Ridge,NEG,2019-04-01,5.220527777777778,4.382650725140881,0.8378770526368973
expanding,1,Ridge,NEG,2019-05-01,5.035757142857143,4.371486690801164,0.6642704520559795
expanding,1,Ridge,NEG,2019-06-01,4.934044444444444,4.477737337710256,0.4563071067341884
expanding,1,Ridge,NEG,2019-07-01,4.7935,4.376216833418269,0.4172831665817309
expanding,1,Ridge,NEG,2019-08-01,4.410036842105264,4.378140103907455,0.03189673819780836
expanding,1,Ridge,NEG,2019-09-01,4.32444761904762,3.864606942797239,0.4598406762503813
expanding,1,Ridge,NEG,2019-10-01,4.088347826086957,3.588708083260265,0.4996397428266919
expanding,1,Ridge,NEG,2019-11-01,4.01318,3.3589525776069267,0.6542274223930735
expanding,1,Ridge,NEG,2019-12-01,3.979216666666667,3.59747048949916,0.38174617716750703
expanding,1,Ridge,None,2016-01-01,2.52504,3.405802851404946,-0.8807628514049459
expanding,1,Ridge,None,2016-02-01,2.5197684210526314,3.614951981684233,-1.0951835606316016
expanding,1,Ridge,None,2016-03-01,2.528319047619048,3.179597207617188,-0.6512781599981401
expanding,1,Ridge,None,2016-04-01,2.523847619047619,3.65642126204169,-1.1325736429940712
expanding,1,Ridge,None,2016-05-01,2.525338095238096,3.9454780410010115,-1.4201399457629154
expanding,1,Ridge,None,2016-06-01,2.51565,4.324898944703371,-1.8092489447033708
expanding,1,Ridge,None,2016-07-01,2.5214052631578947,3.671692084871393,-1.1502868217134985
expanding,1,Ridge,None,2016-08-01,2.517215,3.3864882330517236,-0.8692732330517234
expanding,1,Ridge,None,2016-09-01,2.514826315789474,3.423127365271794,-0.9083010494823203
expanding,1,Ridge,None,2016-10-01,2.5058625,3.47805798052289,-0.9721954805228901
expanding,1,Ridge,None,2016-11-01,2.5015650000000003,3.529301562187882,-1.0277365621878816
expanding,1,Ridge,None,2016-12-01,2.518775,3.9793724834463604,-1.4605974834463602
expanding,1,Ridge,None,2017-01-01,2.527788888888889,3.9460163605249825,-1.4182274716360936
expanding,1,Ridge,None,2017-02-01,2.51759375,3.9439903378547903,-1.4263965878547902
expanding,1,Ridge,None,2017-03-01,2.535536363636364,4.2127997160151756,-1.6772633523788114
expanding,1,Ridge,None,2017-04-01,2.5772411764705883,4.153749172576937,-1.5765079961063488
expanding,1,Ridge,None,2017-05-01,2.57815,3.369710399764562,-0.7915603997645619
expanding,1,Ridge,None,2017-06-01,2.5543,3.6764461950587632,-1.1221461950587632
expanding,1,Ridge,None,2017-07-01,2.5655,3.0268182472987144,-0.4613182472987143
expanding,1,Ridge,None,2017-08-01,2.553335294117648,2.6924413975037016,-0.13910610338605345
expanding,1,Ridge,None,2017-09-01,2.5712,3.589405008756067,-1.018205008756067
expanding,1,Ridge,None,2017-10-01,2.65784,3.295415476772653,-0.6375754767726529
expanding,1,Ridge,None,2017-11-01,2.69046,4.007255103499055,-1.3167951034990555
expanding,1,Ridge,None,2017-12-01,3.0855473684210524,4.175601990991549,-1.0900546225704963
expanding,1,Ridge,None,2018-01-01,3.0982380952380955,4.252929862174471,-1.1546917669363759
expanding,1,Ridge,None,2018-02-01,3.075673684210526,4.206988513902881,-1.131314829692355
expanding,1,Ridge,None,2018-03-01,3.065655,4.35671440276785,-1.2910594027678504
expanding,1,Ridge,None,2018-04-01,3.15159,4.2566381580648756,-1.1050481580648754
expanding,1,Ridge,None,2018-05-01,3.30657619047619,4.878191465521874,-1.5716152750456835
expanding,1,Ridge,None,2018-06-01,3.4621947368421053,4.498480230682956,-1.0362854938408508
expanding,1,Ridge,None,2018-07-01,3.6392136363636367,5.010477865705919,-1.3712642293422825
expanding,1,Ridge,None,2018-08-01,3.934538095238095,5.3856780586444195,-1.4511399634063245
expanding,1,Ridge,None,2018-09-01,4.20315,4.990323052543927,-0.7871730525439267
expanding,1,Ridge,None,2018-10-01,4.641321739130435,5.409776050342729,-0.7684543112122943
expanding,1,Ridge,None,2018-11-01,4.782921052631579,5.1930665041812105,-0.41014545154963145
expanding,1,Ridge,None,2018-12-01,4.948788235294118,4.69650959316277,0.25227864213134765
expanding,1,Ridge,None,2019-01-01,5.096627272727273,4.386766983171721,0.7098602895555519
expanding,1,Ridge,None,2019-02-01,5.116333333333333,4.661298114156449,0.4550352191768843
expanding,1,Ridge,None,2019-03-01,5.169666666666667,4.3665166053869156,0.8031500612797515
expanding,1,Ridge,None,2019-04-01,5.220527777777778,4.4221135743009725,0.7984142034768054
expanding,1,Ridge,None,2019-05-01,5.035757142857143,4.360469193500994,0.6752879493561492
expanding,1,Ridge,None,2019-06-01,4.934044444444444,4.461685194765574,0.47235924967887044
expanding,1,Ridge,None,2019-07-01,4.7935,4.40186144863033,0.3916385513696703
expanding,1,Ridge,None,2019-08-01,4.410036842105264,4.350410696436812,0.05962614566845126
expanding,1,Ridge,None,2019-09-01,4.32444761904762,3.9228626888069265,0.40158493024069397
expanding,1,Ridge,None,2019-10-01,4.088347826086957,3.614790887929908,0.4735569381570488
expanding,1,Ridge,None,2019-11-01,4.01318,3.3905825977071986,0.6225974022928016
expanding,1,Ridge,None,2019-12-01,3.979216666666667,3.6583832946597887,0.3208333720068781
expanding,1,Ridge,POSNEG,2016-01-01,2.52504,3.992863500528016,-1.467823500528016
expanding,1,Ridge,POSNEG,2016-02-01,2.5197684210526314,3.6474609835392897,-1.1276925624866583
expanding,1,Ridge,POSNEG,2016-03-01,2.528319047619048,3.255978354478022,-0.7276593068589738
expanding,1,Ridge,POSNEG,2016-04-01,2.523847619047619,3.516461186553028,-0.9926135675054093
expanding,1,Ridge,POSNEG,2016-05-01,2.525338095238096,4.1865349832285546,-1.6611968879904584
expanding,1,Ridge,POSNEG,2016-06-01,2.51565,4.0234615275874255,-1.5078115275874255
expanding,1,Ridge,POSNEG,2016-07-01,2.5214052631578947,3.581929425270725,-1.0605241621128303
expanding,1,Ridge,POSNEG,2016-08-01,2.517215,3.7522836501370644,-1.2350686501370642
expanding,1,Ridge,POSNEG,2016-09-01,2.514826315789474,3.6571686747573047,-1.1423423589678308
expanding,1,Ridge,POSNEG,2016-10-01,2.5058625,3.8411641769513145,-1.3353016769513144
expanding,1,Ridge,POSNEG,2016-11-01,2.5015650000000003,3.6225574603921498,-1.1209924603921495
expanding,1,Ridge,POSNEG,2016-12-01,2.518775,3.990271874684245,-1.4714968746842447
expanding,1,Ridge,POSNEG,2017-01-01,2.527788888888889,4.403508090229973,-1.8757192013410844
expanding,1,Ridge,POSNEG,2017-02-01,2.51759375,4.455733837447941,-1.9381400874479406
expanding,1,Ridge,POSNEG,2017-03-01,2.535536363636364,4.331834564065254,-1.7962982004288897
expanding,1,Ridge,POSNEG,2017-04-01,2.5772411764705883,4.222980987263358,-1.6457398107927697
expanding,1,Ridge,POSNEG,2017-05-01,2.57815,3.2452391531035696,-0.6670891531035696
expanding,1,Ridge,POSNEG,2017-06-01,2.5543,3.630282581012992,-1.0759825810129922
expanding,1,Ridge,POSNEG,2017-07-01,2.5655,3.2138296111191447,-0.6483296111191446
expanding,1,Ridge,POSNEG,2017-08-01,2.553335294117648,2.881082807342744,-0.32774751322509577
expanding,1,Ridge,POSNEG,2017-09-01,2.5712,3.3439933416786825,-0.7727933416786823
expanding,1,Ridge,POSNEG,2017-10-01,2.65784,3.6140669287803826,-0.9562269287803824
expanding,1,Ridge,POSNEG,2017-11-01,2.69046,4.2792040621069125,-1.5887440621069127
expanding,1,Ridge,POSNEG,2017-12-01,3.0855473684210524,4.096165353939245,-1.0106179855181927
expanding,1,Ridge,POSNEG,2018-01-01,3.0982380952380955,4.487731666000317,-1.3894935707622218
expanding,1,Ridge,POSNEG,2018-02-01,3.075673684210526,4.459157861100207,-1.3834841768896813
expanding,1,Ridge,POSNEG,2018-03-01,3.065655,4.345892025113807,-1.280237025113807
expanding,1,Ridge,POSNEG,2018-04-01,3.15159,4.494671115886982,-1.343081115886982
expanding,1,Ridge,POSNEG,2018-05-01,3.30657619047619,4.86064876491351,-1.5540725744373196
expanding,1,Ridge,POSNEG,2018-06-01,3.4621947368421053,4.464814150685599,-1.0026194138434934
expanding,1,Ridge,POSNEG,2018-07-01,3.6392136363636367,5.053950700134797,-1.41473706377116
expanding,1,Ridge,POSNEG,2018-08-01,3.934538095238095,5.4148490598181045,-1.4803109645800094
expanding,1,Ridge,POSNEG,2018-09-01,4.20315,5.032636650572993,-0.829486650572993
expanding,1,Ridge,POSNEG,2018-10-01,4.641321739130435,5.689064743166859,-1.0477430040364242
expanding,1,Ridge,POSNEG,2018-11-01,4.782921052631579,5.416692359676916,-0.633771307045337
expanding,1,Ridge,POSNEG,2018-12-01,4.948788235294118,4.728750902079045,0.2200373332150729
expanding,1,Ridge,POSNEG,2019-01-01,5.096627272727273,4.470024146934774,0.6266031257924984
expanding,1,Ridge,POSNEG,2019-02-01,5.116333333333333,3.978198530054573,1.1381348032787604
expanding,1,Ridge,POSNEG,2019-03-01,5.169666666666667,4.4751727215486365,0.6944939451180305
expanding,1,Ridge,POSNEG,2019-04-01,5.220527777777778,4.506001680026479,0.7145260977512988
expanding,1,Ridge,POSNEG,2019-05-01,5.035757142857143,4.4470365684231785,0.5887205744339647
expanding,1,Ridge,POSNEG,2019-06-01,4.934044444444444,4.453073462362933,0.48097098208151134
expanding,1,Ridge,POSNEG,2019-07-01,4.7935,4.280352854341954,0.5131471456580456
expanding,1,Ridge,POSNEG,2019-08-01,4.410036842105264,4.339724393207662,0.07031244889760124
expanding,1,Ridge,POSNEG,2019-09-01,4.32444761904762,4.062699279745487,0.2617483393021338
expanding,1,Ridge,POSNEG,2019-10-01,4.088347826086957,3.734936876175754,0.3534109499112028
expanding,1,Ridge,POSNEG,2019-11-01,4.01318,3.4386078007944683,0.5745721992055319
expanding,1,Ridge,POSNEG,2019-12-01,3.979216666666667,3.7677594688637694,0.2114571978028974
expanding,1,Ridge,ToneMean,2016-01-01,2.52504,3.4892340575558154,-0.9641940575558152
expanding,1,Ridge,ToneMean,2016-02-01,2.5197684210526314,3.6474547382940363,-1.127686317241405
expanding,1,Ridge,ToneMean,2016-03-01,2.528319047619048,3.140437717603039,-0.6121186699839911
expanding,1,Ridge,ToneMean,2016-04-01,2.523847619047619,3.66716256428888,-1.143314945241261
expanding,1,Ridge,ToneMean,2016-05-01,2.525338095238096,4.050862992542606,-1.5255248973045097
expanding,1,Ridge,ToneMean,2016-06-01,2.51565,4.2750112353791465,-1.7593612353791466
expanding,1,Ridge,ToneMean,2016-07-01,2.5214052631578947,3.6426682602888327,-1.121262997130938
expanding,1,Ridge,ToneMean,2016-08-01,2.517215,3.420313216619279,-0.9030982166192789
expanding,1,Ridge,ToneMean,2016-09-01,2.514826315789474,3.3947570757338896,-0.8799307599444157
expanding,1,Ridge,ToneMean,2016-10-01,2.5058625,3.448174316937134,-0.9423118169371341
expanding,1,Ridge,ToneMean,2016-11-01,2.5015650000000003,3.497407469570202,-0.995842469570202
expanding,1,Ridge,ToneMean,2016-12-01,2.518775,4.132089659181588,-1.613314659181588
expanding,1,Ridge,ToneMean,2017-01-01,2.527788888888889,3.9405364636252225,-1.4127475747363336
expanding,1,Ridge,ToneMean,2017-02-01,2.51759375,3.915367027321849,-1.397773277321849
expanding,1,Ridge,ToneMean,2017-03-01,2.535536363636364,4.240081802970984,-1.7045454393346198
expanding,1,Ridge,ToneMean,2017-04-01,2.5772411764705883,4.162905992477988,-1.5856648160073998
expanding,1,Ridge,ToneMean,2017-05-01,2.57815,3.389453923707814,-0.8113039237078139
expanding,1,Ridge,ToneMean,2017-06-01,2.5543,3.6912998164292796,-1.1369998164292796
expanding,1,Ridge,ToneMean,2017-07-01,2.5655,3.134007706362763,-0.5685077063627628
expanding,1,Ridge,ToneMean,2017-08-01,2.553335294117648,2.758582346900221,-0.20524705278257294
expanding,1,Ridge,ToneMean,2017-09-01,2.5712,3.6313784199675876,-1.0601784199675874
expanding,1,Ridge,ToneMean,2017-10-01,2.65784,3.390483427077127,-0.7326434270771269
expanding,1,Ridge,ToneMean,2017-11-01,2.69046,4.072672242053733,-1.3822122420537335
expanding,1,Ridge,ToneMean,2017-12-01,3.0855473684210524,4.160505211928552,-1.0749578435074993
expanding,1,Ridge,ToneMean,2018-01-01,3.0982380952380955,4.3413880076839675,-1.243149912445872
expanding,1,Ridge,ToneMean,2018-02-01,3.075673684210526,4.298453857262769,-1.2227801730522425
expanding,1,Ridge,ToneMean,2018-03-01,3.065655,4.363244926110972,-1.2975899261109718
expanding,1,Ridge,ToneMean,2018-04-01,3.15159,4.321967908694,-1.1703779086939998
expanding,1,Ridge,ToneMean,2018-05-01,3.30657619047619,4.871975968993009,-1.5653997785168192
expanding,1,Ridge,ToneMean,2018-06-01,3.4621947368421053,4.528754724075726,-1.0665599872336204
expanding,1,Ridge,ToneMean,2018-07-01,3.6392136363636367,5.015093550357439,-1.3758799139938023
expanding,1,Ridge,ToneMean,2018-08-01,3.934538095238095,5.367794727959901,-1.4332566327218061
expanding,1,Ridge,ToneMean,2018-09-01,4.20315,4.972109606770113,-0.768959606770113
expanding,1,Ridge,ToneMean,2018-10-01,4.641321739130435,5.4549203659716,-0.8135986268411655
expanding,1,Ridge,ToneMean,2018-11-01,4.782921052631579,5.236482953827225,-0.45356190119564577
expanding,1,Ridge,ToneMean,2018-12-01,4.948788235294118,4.715258471824209,0.2335297634699085
expanding,1,Ridge,ToneMean,2019-01-01,5.096627272727273,4.373863242024922,0.7227640307023506
expanding,1,Ridge,ToneMean,2019-02-01,5.116333333333333,4.626290719378072,0.4900426139552616
expanding,1,Ridge,ToneMean,2019-03-01,5.169666666666667,4.378912893507249,0.7907537731594179
expanding,1,Ridge,ToneMean,2019-04-01,5.220527777777778,4.451528783483038,0.7689989942947397
expanding,1,Ridge,ToneMean,2019-05-01,5.035757142857143,4.360420413653363,0.6753367292037806
expanding,1,Ridge,ToneMean,2019-06-01,4.934044444444444,4.4495774173807545,0.4844670270636895
expanding,1,Ridge,ToneMean,2019-07-01,4.7935,4.400424011673187,0.3930759883268129
expanding,1,Ridge,ToneMean,2019-08-01,4.410036842105264,4.336768381443912,0.0732684606613514
expanding,1,Ridge,ToneMean,2019-09-01,4.32444761904762,3.97156383531063,0.35288378373699025
expanding,1,Ridge,ToneMean,2019-10-01,4.088347826086957,3.6484526105595503,0.4398952155274065
expanding,1,Ridge,ToneMean,2019-11-01,4.01318,3.414600649366908,0.5985793506330923
expanding,1,Ridge,ToneMean,2019-12-01,3.979216666666667,3.7088849464137867,0.2703317202528801
expanding,1,SVR,NEG,2016-01-01,2.52504,2.050123398510527,0.47491660148947323
expanding,1,SVR,NEG,2016-02-01,2.5197684210526314,2.9347192791941907,-0.4149508581415593
expanding,1,SVR,NEG,2016-03-01,2.528319047619048,2.260824314919491,0.26749473269955715
expanding,1,SVR,NEG,2016-04-01,2.523847619047619,2.6981346900937826,-0.1742870710461637
expanding,1,SVR,NEG,2016-05-01,2.525338095238096,3.8380307040936374,-1.3126926088555413
expanding,1,SVR,NEG,2016-06-01,2.51565,3.8503414386879804,-1.3346914386879805
expanding,1,SVR,NEG,2016-07-01,2.5214052631578947,2.780875006920656,-0.25946974376276133
expanding,1,SVR,NEG,2016-08-01,2.517215,2.519998604823936,-0.0027836048239358036
expanding,1,SVR,NEG,2016-09-01,2.514826315789474,2.7621731590410987,-0.24734684325162481
expanding,1,SVR,NEG,2016-10-01,2.5058625,3.044878871405677,-0.539016371405677
expanding,1,SVR,NEG,2016-11-01,2.5015650000000003,2.410898952370826,0.09066604762917407
expanding,1,SVR,NEG,2016-12-01,2.518775,4.2818345910481845,-1.7630595910481843
expanding,1,SVR,NEG,2017-01-01,2.527788888888889,4.441186218588685,-1.9133973296997961
expanding,1,SVR,NEG,2017-02-01,2.51759375,3.396002959842474,-0.8784092098424741
expanding,1,SVR,NEG,2017-03-01,2.535536363636364,3.450674585246009,-0.9151382216096446
expanding,1,SVR,NEG,2017-04-01,2.5772411764705883,3.1280421023397746,-0.5508009258691864
expanding,1,SVR,NEG,2017-05-01,2.57815,1.9764146119179662,0.6017353880820338
expanding,1,SVR,NEG,2017-06-01,2.5543,2.4907500899001573,0.06354991009984268
expanding,1,SVR,NEG,2017-07-01,2.5655,2.470464959608593,0.09503504039140731
expanding,1,SVR,NEG,2017-08-01,2.553335294117648,2.0038627446607267,0.5494725494569215
expanding,1,SVR,NEG,2017-09-01,2.5712,3.037280990797199,-0.4660809907971988
expanding,1,SVR,NEG,2017-10-01,2.65784,2.4453733131558755,0.21246668684412473
expanding,1,SVR,NEG,2017-11-01,2.69046,2.653396350593325,0.03706364940667495
expanding,1,SVR,NEG,2017-12-01,3.0855473684210524,2.9743318056334584,0.11121556278759392
expanding,1,SVR,NEG,2018-01-01,3.0982380952380955,3.4628739690793076,-0.3646358738412121
expanding,1,SVR,NEG,2018-02-01,3.075673684210526,4.156594596159935,-1.0809209119494088
expanding,1,SVR,NEG,2018-03-01,3.065655,3.9588162932086366,-0.8931612932086366
expanding,1,SVR,NEG,2018-04-01,3.15159,4.349147848978125,-1.1975578489781245
expanding,1,SVR,NEG,2018-05-01,3.30657619047619,4.250274975335382,-0.9436987848591922
expanding,1,SVR,NEG,2018-06-01,3.4621947368421053,4.42291649537568,-0.9607217585335746
expanding,1,SVR,NEG,2018-07-01,3.6392136363636367,4.119561051095612,-0.4803474147319755
expanding,1,SVR,NEG,2018-08-01,3.934538095238095,4.10725938901658,-0.17272129377848477
expanding,1,SVR,NEG,2018-09-01,4.20315,4.736691190912458,-0.5335411909124579
expanding,1,SVR,NEG,2018-10-01,4.641321739130435,4.96006932643014,-0.318747587299705
expanding,1,SVR,NEG,2018-11-01,4.782921052631579,4.5032344663415484,0.2796865862900306
expanding,1,SVR,NEG,2018-12-01,4.948788235294118,4.7342960083059955,0.21449222698812243
expanding,1,SVR,NEG,2019-01-01,5.096627272727273,4.0812536840434905,1.015373588683782
expanding,1,SVR,NEG,2019-02-01,5.116333333333333,4.660563118919727,0.4557702144136062
expanding,1,SVR,NEG,2019-03-01,5.169666666666667,4.348422481165514,0.8212441855011532
expanding,1,SVR,NEG,2019-04-01,5.220527777777778,4.66327295982629,0.5572548179514882
expanding,1,SVR,NEG,2019-05-01,5.035757142857143,4.806989365624018,0.22876777723312536
expanding,1,SVR,NEG,2019-06-01,4.934044444444444,5.2203884220995285,-0.28634397765508446
expanding,1,SVR,NEG,2019-07-01,4.7935,5.486059934489845,-0.6925599344898448
expanding,1,SVR,NEG,2019-08-01,4.410036842105264,5.126501571070725,-0.7164647289654615
expanding,1,SVR,NEG,2019-09-01,4.32444761904762,4.399200552108996,-0.07475293306137587
expanding,1,SVR,NEG,2019-10-01,4.088347826086957,3.890713779679569,0.19763404640738758
expanding,1,SVR,NEG,2019-11-01,4.01318,3.6888389328934332,0.32434106710656696
expanding,1,SVR,NEG,2019-12-01,3.979216666666667,4.242111977506159,-0.26289531083949225
expanding,1,SVR,None,2016-01-01,2.52504,2.237931393852302,0.2871086061476982
expanding,1,SVR,None,2016-02-01,2.5197684210526314,3.046846228239871,-0.5270778071872395
expanding,1,SVR,None,2016-03-01,2.528319047619048,2.6704683369840865,-0.14214928936503846
expanding,1,SVR,None,2016-04-01,2.523847619047619,2.806930577243064,-0.28308295819544504
expanding,1,SVR,None,2016-05-01,2.525338095238096,3.6849784347944983,-1.1596403395564021
expanding,1,SVR,None,2016-06-01,2.51565,3.655884775407578,-1.1402347754075781
expanding,1,SVR,None,2016-07-01,2.5214052631578947,2.64456122553767,-0.12315596237977511
expanding,1,SVR,None,2016-08-01,2.517215,2.6649355161129966,-0.14772051611299641
expanding,1,SVR,None,2016-09-01,2.514826315789474,2.5782500891180637,-0.06342377332858984
expanding,1,SVR,None,2016-10-01,2.5058625,2.494692961563786,0.011169538436214044
expanding,1,SVR,None,2016-11-01,2.5015650000000003,2.672236843770874,-0.17067184377087363
expanding,1,SVR,None,2016-12-01,2.518775,3.782137586841551,-1.2633625868415508
expanding,1,SVR,None,2017-01-01,2.527788888888889,4.153458818235937,-1.6256699293470485
expanding,1,SVR,None,2017-02-01,2.51759375,3.2427159171031725,-0.7251221671031725
expanding,1,SVR,None,2017-03-01,2.535536363636364,3.5285654052209567,-0.9930290415845926
expanding,1,SVR,None,2017-04-01,2.5772411764705883,3.2040328941470393,-0.626791717676451
expanding,1,SVR,None,2017-05-01,2.57815,1.976810358119721,0.601339641880279
expanding,1,SVR,None,2017-06-01,2.5543,2.359195876917204,0.19510412308279612
expanding,1,SVR,None,2017-07-01,2.5655,2.2065797079337184,0.35892029206628173
expanding,1,SVR,None,2017-08-01,2.553335294117648,2.255886065511703,0.29744922860594514
expanding,1,SVR,None,2017-09-01,2.5712,2.856274735950654,-0.285074735950654
expanding,1,SVR,None,2017-10-01,2.65784,2.5629701865226187,0.09486981347738155
expanding,1,SVR,None,2017-11-01,2.69046,2.6855212724896513,0.004938727510348517
expanding,1,SVR,None,2017-12-01,3.0855473684210524,2.9229451287775383,0.16260223964351406
expanding,1,SVR,None,2018-01-01,3.0982380952380955,3.243559745020897,-0.14532164978280138
expanding,1,SVR,None,2018-02-01,3.075673684210526,4.021555630023077,-0.9458819458125505
expanding,1,SVR,None,2018-03-01,3.065655,4.080307956363511,-1.0146529563635114
expanding,1,SVR,None,2018-04-01,3.15159,4.291084142559609,-1.139494142559609
expanding,1,SVR,None,2018-05-01,3.30657619047619,4.437370701825683,-1.1307945113494933
expanding,1,SVR,None,2018-06-01,3.4621947368421053,4.23975006112446,-0.7775553242823547
expanding,1,SVR,None,2018-07-01,3.6392136363636367,4.2116260212428,-0.5724123848791636
expanding,1,SVR,None,2018-08-01,3.934538095238095,4.288996112067218,-0.3544580168291227
expanding,1,SVR,None,2018-09-01,4.20315,4.894124262767947,-0.6909742627679467
expanding,1,SVR,None,2018-10-01,4.641321739130435,4.5308302674413525,0.11049147168908213
expanding,1,SVR,None,2018-11-01,4.782921052631579,4.302679444103684,0.4802416085278951
expanding,1,SVR,None,2018-12-01,4.948788235294118,4.610780468726328,0.33800776656778986
expanding,1,SVR,None,2019-01-01,5.096627272727273,4.359310527967305,0.7373167447599673
expanding,1,SVR,None,2019-02-01,5.116333333333333,4.856762564570981,0.2595707687623525
expanding,1,SVR,None,2019-03-01,5.169666666666667,4.8148117513062125,0.35485491536045455
expanding,1,SVR,None,2019-04-01,5.220527777777778,4.680664274805838,0.5398635029719401
expanding,1,SVR,None,2019-05-01,5.035757142857143,4.967160693241047,0.06859644961609668
expanding,1,SVR,None,2019-06-01,4.934044444444444,5.413655884523322,-0.47961144007887757
expanding,1,SVR,None,2019-07-01,4.7935,5.418833324011801,-0.6253333240118009
expanding,1,SVR,None,2019-08-01,4.410036842105264,4.936838437957076,-0.5268015958518122
expanding,1,SVR,None,2019-09-01,4.32444761904762,4.18043238539866,0.14401523364896018
expanding,1,SVR,None,2019-10-01,4.088347826086957,3.927435889559949,0.16091193652700797
expanding,1,SVR,None,2019-11-01,4.01318,3.6898437421250394,0.3233362578749608
expanding,1,SVR,None,2019-12-01,3.979216666666667,3.988514932931777,-0.009298266265110211
expanding,1,SVR,POSNEG,2016-01-01,2.52504,3.303538397527772,-0.778498397527772
expanding,1,SVR,POSNEG,2016-02-01,2.5197684210526314,2.6038750065502843,-0.08410658549765282
expanding,1,SVR,POSNEG,2016-03-01,2.528319047619048,2.1803724450102044,0.3479466026088436
expanding,1,SVR,POSNEG,2016-04-01,2.523847619047619,2.7170612977118305,-0.19321367866421157
expanding,1,SVR,POSNEG,2016-05-01,2.525338095238096,4.216693438340943,-1.6913553431028472
expanding,1,SVR,POSNEG,2016-06-01,2.51565,3.7078003603687892,-1.1921503603687893
expanding,1,SVR,POSNEG,2016-07-01,2.5214052631578947,2.822203112100797,-0.3007978489429024
expanding,1,SVR,POSNEG,2016-08-01,2.517215,2.943961990199042,-0.42674699019904194
expanding,1,SVR,POSNEG,2016-09-01,2.514826315789474,2.787327863072014,-0.2725015472825403
expanding,1,SVR,POSNEG,2016-10-01,2.5058625,2.9822652474767612,-0.47640274747676115
expanding,1,SVR,POSNEG,2016-11-01,2.5015650000000003,2.3063433387001293,0.19522166129987095
expanding,1,SVR,POSNEG,2016-12-01,2.518775,4.400064342083606,-1.881289342083606
expanding,1,SVR,POSNEG,2017-01-01,2.527788888888889,4.358740287408865,-1.830951398519976
expanding,1,SVR,POSNEG,2017-02-01,2.51759375,3.6263335177585336,-1.1087397677585336
expanding,1,SVR,POSNEG,2017-03-01,2.535536363636364,3.6129923140916578,-1.0774559504552936
expanding,1,SVR,POSNEG,2017-04-01,2.5772411764705883,3.298167123066305,-0.7209259465957167
expanding,1,SVR,POSNEG,2017-05-01,2.57815,1.9842936727908436,0.5938563272091564
expanding,1,SVR,POSNEG,2017-06-01,2.5543,2.4443066450293482,0.10999335497065177
expanding,1,SVR,POSNEG,2017-07-01,2.5655,2.8971045442782475,-0.33160454427824737
expanding,1,SVR,POSNEG,2017-08-01,2.553335294117648,2.032933264610643,0.5204020295070051
expanding,1,SVR,POSNEG,2017-09-01,2.5712,2.877621693978388,-0.3064216939783879
expanding,1,SVR,POSNEG,2017-10-01,2.65784,2.9880728700014174,-0.3302328700014172
expanding,1,SVR,POSNEG,2017-11-01,2.69046,3.0138357209057256,-0.32337572090572575
expanding,1,SVR,POSNEG,2017-12-01,3.0855473684210524,2.8488286120743087,0.23671875634674366
expanding,1,SVR,POSNEG,2018-01-01,3.0982380952380955,3.6289758831457632,-0.5307377879076678
expanding,1,SVR,POSNEG,2018-02-01,3.075673684210526,4.1098643069967515,-1.0341906227862254
expanding,1,SVR,POSNEG,2018-03-01,3.065655,3.8505507374368158,-0.7848957374368157
expanding,1,SVR,POSNEG,2018-04-01,3.15159,4.329240330787116,-1.1776503307871162
expanding,1,SVR,POSNEG,2018-05-01,3.30657619047619,4.129325911280931,-0.8227497208047412
expanding,1,SVR,POSNEG,2018-06-01,3.4621947368421053,4.331815505002054,-0.8696207681599488
expanding,1,SVR,POSNEG,2018-07-01,3.6392136363636367,4.287160721342124,-0.6479470849784872
expanding,1,SVR,POSNEG,2018-08-01,3.934538095238095,4.184368377229513,-0.24983028199141755
expanding,1,SVR,POSNEG,2018-09-01,4.20315,4.882753880872195,-0.6796038808721949
expanding,1,SVR,POSNEG,2018-10-01,4.641321739130435,5.246528575863222,-0.605206836732787
expanding,1,SVR,POSNEG,2018-11-01,4.782921052631579,4.666992275302213,0.11592877732936646
expanding,1,SVR,POSNEG,2018-12-01,4.948788235294118,4.882431408088588,0.06635682720552971
expanding,1,SVR,POSNEG,2019-01-01,5.096627272727273,4.357122683314333,0.73950458941294
expanding,1,SVR,POSNEG,2019-02-01,5.116333333333333,3.8698597869642644,1.246473546369069
expanding,1,SVR,POSNEG,2019-03-01,5.169666666666667,4.922424979066001,0.247241687600666
expanding,1,SVR,POSNEG,2019-04-01,5.220527777777778,5.099173780569399,0.12135399720837903
expanding,1,SVR,POSNEG,2019-05-01,5.035757142857143,4.737034024454963,0.29872311840218035
expanding,1,SVR,POSNEG,2019-06-01,4.934044444444444,4.982296593544194,-0.048252149099750063
expanding,1,SVR,POSNEG,2019-07-01,4.7935,5.056580377894856,-0.2630803778948563
expanding,1,SVR,POSNEG,2019-08-01,4.410036842105264,4.913651747157012,-0.503614905051748
expanding,1,SVR,POSNEG,2019-09-01,4.32444761904762,5.382298893829444,-1.0578512747818234
expanding,1,SVR,POSNEG,2019-10-01,4.088347826086957,4.387199643248495,-0.2988518171615384
expanding,1,SVR,POSNEG,2019-11-01,4.01318,3.694979645515131,0.31820035448486905
expanding,1,SVR,POSNEG,2019-12-01,3.979216666666667,4.721754170492272,-0.7425375038256048
expanding,1,SVR,ToneMean,2016-01-01,2.52504,2.477118074371761,0.04792192562823905
expanding,1,SVR,ToneMean,2016-02-01,2.5197684210526314,2.8659732905917354,-0.346204869539104
expanding,1,SVR,ToneMean,2016-03-01,2.528319047619048,2.3672896492204307,0.1610293983986173
expanding,1,SVR,ToneMean,2016-04-01,2.523847619047619,2.702433654280234,-0.17858603523261518
expanding,1,SVR,ToneMean,2016-05-01,2.525338095238096,4.113059465122334,-1.587721369884238
expanding,1,SVR,ToneMean,2016-06-01,2.51565,3.815094070371363,-1.2994440703713632
expanding,1,SVR,ToneMean,2016-07-01,2.5214052631578947,2.807223263083597,-0.28581799992570245
expanding,1,SVR,ToneMean,2016-08-01,2.517215,2.665977727241879,-0.14876272724187878
expanding,1,SVR,ToneMean,2016-09-01,2.514826315789474,2.572785494748625,-0.057959178959150925
expanding,1,SVR,ToneMean,2016-10-01,2.5058625,2.4753612622284455,0.030501237771554557
expanding,1,SVR,ToneMean,2016-11-01,2.5015650000000003,2.628399154659015,-0.1268341546590146
expanding,1,SVR,ToneMean,2016-12-01,2.518775,4.216109539218738,-1.6973345392187382
expanding,1,SVR,ToneMean,2017-01-01,2.527788888888889,4.221903978805602,-1.6941150899167132
expanding,1,SVR,ToneMean,2017-02-01,2.51759375,3.3408205387684,-0.8232267887683999
expanding,1,SVR,ToneMean,2017-03-01,2.535536363636364,3.7830241332349788,-1.2474877695986146
expanding,1,SVR,ToneMean,2017-04-01,2.5772411764705883,3.218872270971831,-0.6416310945012427
expanding,1,SVR,ToneMean,2017-05-01,2.57815,2.036354989762486,0.541795010237514
expanding,1,SVR,ToneMean,2017-06-01,2.5543,2.4299361807921454,0.12436381920785466
expanding,1,SVR,ToneMean,2017-07-01,2.5655,2.734010418703507,-0.16851041870350691
expanding,1,SVR,ToneMean,2017-08-01,2.553335294117648,2.2519562829070505,0.3013790112105976
expanding,1,SVR,ToneMean,2017-09-01,2.5712,2.7921694083638338,-0.2209694083638336
expanding,1,SVR,ToneMean,2017-10-01,2.65784,2.9242036816355768,-0.26636368163557655
expanding,1,SVR,ToneMean,2017-11-01,2.69046,3.076994306063683,-0.386534306063683
expanding,1,SVR,ToneMean,2017-12-01,3.0855473684210524,2.864219540987042,0.22132782743401025
expanding,1,SVR,ToneMean,2018-01-01,3.0982380952380955,3.5705012622577743,-0.47226316701967885
expanding,1,SVR,ToneMean,2018-02-01,3.075673684210526,4.106416578297908,-1.0307428940873815
expanding,1,SVR,ToneMean,2018-03-01,3.065655,4.011304290208613,-0.9456492902086127
expanding,1,SVR,ToneMean,2018-04-01,3.15159,4.369443928102828,-1.2178539281028278
expanding,1,SVR,ToneMean,2018-05-01,3.30657619047619,4.424565394276456,-1.1179892038002661
expanding,1,SVR,ToneMean,2018-06-01,3.4621947368421053,4.057876796537913,-0.5956820596958079
expanding,1,SVR,ToneMean,2018-07-01,3.6392136363636367,4.203042878946229,-0.5638292425825919
expanding,1,SVR,ToneMean,2018-08-01,3.934538095238095,4.2733508935288596,-0.3388127982907645
expanding,1,SVR,ToneMean,2018-09-01,4.20315,4.823710935730229,-0.6205609357302286
expanding,1,SVR,ToneMean,2018-10-01,4.641321739130435,5.084905378873404,-0.4435836397429691
expanding,1,SVR,ToneMean,2018-11-01,4.782921052631579,4.655835758576195,0.1270852940553837
expanding,1,SVR,ToneMean,2018-12-01,4.948788235294118,4.52752827262009,0.42125996267402765
expanding,1,SVR,ToneMean,2019-01-01,5.096627272727273,4.121713100168136,0.9749141725591368
expanding,1,SVR,ToneMean,2019-02-01,5.116333333333333,4.603900562658312,0.5124327706750211
expanding,1,SVR,ToneMean,2019-03-01,5.169666666666667,5.055565992609654,0.11410067405701341
expanding,1,SVR,ToneMean,2019-04-01,5.220527777777778,5.120617997391693,0.09990978038608489
expanding,1,SVR,ToneMean,2019-05-01,5.035757142857143,4.642805017505887,0.3929521253512567
expanding,1,SVR,ToneMean,2019-06-01,4.934044444444444,5.188833113266377,-0.2547886688219334
expanding,1,SVR,ToneMean,2019-07-01,4.7935,5.286128418695777,-0.49262841869577745
expanding,1,SVR,ToneMean,2019-08-01,4.410036842105264,4.873331026600751,-0.46329418449548765
expanding,1,SVR,ToneMean,2019-09-01,4.32444761904762,5.174179571743749,-0.8497319526961284
expanding,1,SVR,ToneMean,2019-10-01,4.088347826086957,4.348144608004847,-0.25979678191789013
expanding,1,SVR,ToneMean,2019-11-01,4.01318,3.6165969497516786,0.39658305024832163
expanding,1,SVR,ToneMean,2019-12-01,3.979216666666667,4.457444105091808,-0.47822743842514104
expanding,2,ElasticNet,NEG,2016-01-01,2.5197684210526314,3.3895069168594625,-0.869738495806831
expanding,2,ElasticNet,NEG,2016-02-01,2.528319047619048,3.588388818030846,-1.0600697704117978
expanding,2,ElasticNet,NEG,2016-03-01,2.523847619047619,3.131142200139281,-0.6072945810916619
expanding,2,ElasticNet,NEG,2016-04-01,2.525338095238096,3.5591348244089698,-1.0337967291708736
expanding,2,ElasticNet,NEG,2016-05-01,2.51565,3.8977489000855847,-1.3820989000855848
expanding,2,ElasticNet,NEG,2016-06-01,2.5214052631578947,4.32254635924531,-1.8011410960874152
expanding,2,ElasticNet,NEG,2016-07-01,2.517215,3.5984947813793804,-1.0812797813793802
expanding,2,ElasticNet,NEG,2016-08-01,2.514826315789474,3.2893845688326264,-0.7745582530431525
expanding,2,ElasticNet,NEG,2016-09-01,2.5058625,3.383097555999374,-0.8772350559993738
expanding,2,ElasticNet,NEG,2016-10-01,2.5015650000000003,3.5068811597637204,-1.0053161597637201
expanding,2,ElasticNet,NEG,2016-11-01,2.518775,3.539862768337507,-1.0210877683375066
expanding,2,ElasticNet,NEG,2016-12-01,2.527788888888889,3.8985925240458497,-1.3708036351569608
expanding,2,ElasticNet,NEG,2017-01-01,2.51759375,3.9820767437898903,-1.4644829937898902
expanding,2,ElasticNet,NEG,2017-02-01,2.535536363636364,4.061400703119139,-1.5258643394827747
expanding,2,ElasticNet,NEG,2017-03-01,2.5772411764705883,4.255932935174805,-1.6786917587042165
expanding,2,ElasticNet,NEG,2017-04-01,2.57815,4.241641869788511,-1.663491869788511
expanding,2,ElasticNet,NEG,2017-05-01,2.5543,3.4261842856496294,-0.8718842856496294
expanding,2,ElasticNet,NEG,2017-06-01,2.5655,3.728602960933303,-1.163102960933303
expanding,2,ElasticNet,NEG,2017-07-01,2.553335294117648,3.038971215815751,-0.485635921698103
expanding,2,ElasticNet,NEG,2017-08-01,2.5712,2.7235582473071087,-0.15235824730710856
expanding,2,ElasticNet,NEG,2017-09-01,2.65784,3.6399184931108763,-0.9820784931108761
expanding,2,ElasticNet,NEG,2017-10-01,2.69046,3.2936398831703126,-0.6031798831703128
expanding,2,ElasticNet,NEG,2017-11-01,3.0855473684210524,4.035118945042349,-0.9495715766212967
expanding,2,ElasticNet,NEG,2017-12-01,3.0982380952380955,4.185739049877363,-1.087500954639267
expanding,2,ElasticNet,NEG,2018-01-01,3.075673684210526,4.239901594535418,-1.1642279103248918
expanding,2,ElasticNet,NEG,2018-02-01,3.065655,4.155823095131032,-1.0901680951310317
expanding,2,ElasticNet,NEG,2018-03-01,3.15159,4.337020804703178,-1.1854308047031776
expanding,2,ElasticNet,NEG,2018-04-01,3.30657619047619,4.198916942150833,-0.8923407516746433
expanding,2,ElasticNet,NEG,2018-05-01,3.4621947368421053,4.8926795699877985,-1.4304848331456932
expanding,2,ElasticNet,NEG,2018-06-01,3.6392136363636367,4.4785577663390175,-0.8393441299753808
expanding,2,ElasticNet,NEG,2018-07-01,3.934538095238095,5.0364417614774215,-1.1019036662393265
expanding,2,ElasticNet,NEG,2018-08-01,4.20315,5.467140720054595,-1.2639907200545952
expanding,2,ElasticNet,NEG,2018-09-01,4.641321739130435,5.026942325706839,-0.38562058657640463
expanding,2,ElasticNet,NEG,2018-10-01,4.782921052631579,5.47682165339755,-0.6939006007659705
expanding,2,ElasticNet,NEG,2018-11-01,4.948788235294118,5.272321622144556,-0.3235333868504382
expanding,2,ElasticNet,NEG,2018-12-01,5.096627272727273,4.6885849738274,0.40804229889987287
expanding,2,ElasticNet,NEG,2019-01-01,5.116333333333333,4.344392064524782,0.7719412688085514
expanding,2,ElasticNet,NEG,2019-02-01,5.169666666666667,4.609472939311657,0.5601937273550099
expanding,2,ElasticNet,NEG,2019-03-01,5.220527777777778,4.317878753084758,0.9026490246930194
expanding,2,ElasticNet,NEG,2019-04-01,5.035757142857143,4.373562748798534,0.6621943940586092
expanding,2,ElasticNet,NEG,2019-05-01,4.934044444444444,4.299333642809018,0.6347108016354257
expanding,2,ElasticNet,NEG,2019-06-01,4.7935,4.400403855014532,0.39309614498546797
expanding,2,ElasticNet,NEG,2019-07-01,4.410036842105264,4.281652270324556,0.12838457178070772
expanding,2,ElasticNet,NEG,2019-08-01,4.32444761904762,4.192454566950485,0.13199305209713508
expanding,2,ElasticNet,NEG,2019-09-01,4.088347826086957,3.7619209574119132,0.32642686867504356
expanding,2,ElasticNet,NEG,2019-10-01,4.01318,3.473974012402568,0.5392059875974322
expanding,2,ElasticNet,NEG,2019-11-01,3.979216666666667,3.2435140079033733,0.7357026587632935
expanding,2,ElasticNet,NEG,2019-12-01,3.831255,3.5079812801822032,0.32327371981779685
expanding,2,ElasticNet,None,2016-01-01,2.5197684210526314,3.370078622166455,-0.8503102011138237
expanding,2,ElasticNet,None,2016-02-01,2.528319047619048,3.5903835399811603,-1.0620644923621123
expanding,2,ElasticNet,None,2016-03-01,2.523847619047619,3.1132631892687384,-0.5894155702211195
expanding,2,ElasticNet,None,2016-04-01,2.525338095238096,3.571740208166346,-1.04640211292825
expanding,2,ElasticNet,None,2016-05-01,2.51565,3.9185643545740145,-1.4029143545740146
expanding,2,ElasticNet,None,2016-06-01,2.5214052631578947,4.330377558493958,-1.8089722953360634
expanding,2,ElasticNet,None,2016-07-01,2.517215,3.595039747420858,-1.0778247474208578
expanding,2,ElasticNet,None,2016-08-01,2.514826315789474,3.276981258137589,-0.7621549423481149
expanding,2,ElasticNet,None,2016-09-01,2.5058625,3.3487746418095856,-0.8429121418095855
expanding,2,ElasticNet,None,2016-10-01,2.5015650000000003,3.4593576371633494,-0.9577926371633492
expanding,2,ElasticNet,None,2016-11-01,2.518775,3.525503559719309,-1.006728559719309
expanding,2,ElasticNet,None,2016-12-01,2.527788888888889,3.932996261394506,-1.4052073725056173
expanding,2,ElasticNet,None,2017-01-01,2.51759375,3.930625584144108,-1.4130318341441077
expanding,2,ElasticNet,None,2017-02-01,2.535536363636364,4.026285852750738,-1.490749489114374
expanding,2,ElasticNet,None,2017-03-01,2.5772411764705883,4.255238602209564,-1.677997425738976
expanding,2,ElasticNet,None,2017-04-01,2.57815,4.242403728429213,-1.6642537284292134
expanding,2,ElasticNet,None,2017-05-01,2.5543,3.4289114134849137,-0.8746114134849137
expanding,2,ElasticNet,None,2017-06-01,2.5655,3.7313595439124376,-1.1658595439124375
expanding,2,ElasticNet,None,2017-07-01,2.553335294117648,3.046966723088218,-0.4936314289705699
expanding,2,ElasticNet,None,2017-08-01,2.5712,2.7258289368553013,-0.1546289368553011
expanding,2,ElasticNet,None,2017-09-01,2.65784,3.6506115845997025,-0.9927715845997023
expanding,2,ElasticNet,None,2017-10-01,2.69046,3.2990977538709787,-0.6086377538709788
expanding,2,ElasticNet,None,2017-11-01,3.0855473684210524,4.036756057785944,-0.9512086893648912
expanding,2,ElasticNet,None,2017-12-01,3.0982380952380955,4.189322871156016,-1.091084775917921
expanding,2,ElasticNet,None,2018-01-01,3.075673684210526,4.253676576749631,-1.1780028925391046
expanding,2,ElasticNet,None,2018-02-01,3.065655,4.1756739227142425,-1.1100189227142425
expanding,2,ElasticNet,None,2018-03-01,3.15159,4.340940752390578,-1.189350752390578
expanding,2,ElasticNet,None,2018-04-01,3.30657619047619,4.222126528654295,-0.9155503381781047
expanding,2,ElasticNet,None,2018-05-01,3.4621947368421053,4.888790572094752,-1.4265958352526469
expanding,2,ElasticNet,None,2018-06-01,3.6392136363636367,4.505041746565896,-0.8658281102022589
expanding,2,ElasticNet,None,2018-07-01,3.934538095238095,5.037886039213332,-1.1033479439752365
expanding,2,ElasticNet,None,2018-08-01,4.20315,5.440430243362346,-1.2372802433623464
expanding,2,ElasticNet,None,2018-09-01,4.641321739130435,5.004956240134613,-0.36363450100417793
expanding,2,ElasticNet,None,2018-10-01,4.782921052631579,5.485125237666066,-0.7022041850344873
expanding,2,ElasticNet,None,2018-11-01,4.948788235294118,5.276280941302301,-0.3274927060081829
expanding,2,ElasticNet,None,2018-12-01,5.096627272727273,4.714757673076293,0.38186959965097955
expanding,2,ElasticNet,None,2019-01-01,5.116333333333333,4.323091688051378,0.7932416452819551
expanding,2,ElasticNet,None,2019-02-01,5.169666666666667,4.638607450335527,0.5310592163311405
expanding,2,ElasticNet,None,2019-03-01,5.220527777777778,4.319754784934938,0.9007729928428398
expanding,2,ElasticNet,None,2019-04-01,5.035757142857143,4.393106390256451,0.6426507526006926
expanding,2,ElasticNet,None,2019-05-01,4.934044444444444,4.294030361376949,0.640014083067495
expanding,2,ElasticNet,None,2019-06-01,4.7935,4.392608470413332,0.4008915295866675
expanding,2,ElasticNet,None,2019-07-01,4.410036842105264,4.294195564175137,0.11584127793012655
expanding,2,ElasticNet,None,2019-08-01,4.32444761904762,4.178785235601842,0.14566238344577886
expanding,2,ElasticNet,None,2019-09-01,4.088347826086957,3.790766215772944,0.29758161031401276
expanding,2,ElasticNet,None,2019-10-01,4.01318,3.4866372532645244,0.5265427467354757
expanding,2,ElasticNet,None,2019-11-01,3.979216666666667,3.258431156606197,0.7207855100604696
expanding,2,ElasticNet,None,2019-12-01,3.831255,3.535183900490538,0.296071099509462
expanding,2,ElasticNet,POSNEG,2016-01-01,2.5197684210526314,3.96101735061425,-1.4412489295616187
expanding,2,ElasticNet,POSNEG,2016-02-01,2.528319047619048,3.6263363729949982,-1.0980173253759502
expanding,2,ElasticNet,POSNEG,2016-03-01,2.523847619047619,3.174679634087854,-0.6508320150402351
expanding,2,ElasticNet,POSNEG,2016-04-01,2.525338095238096,3.4396572551870337,-0.9143191599489375
expanding,2,ElasticNet,POSNEG,2016-05-01,2.51565,4.1904132180089855,-1.6747632180089855
expanding,2,ElasticNet,POSNEG,2016-06-01,2.5214052631578947,4.022977586253625,-1.5015723230957305
expanding,2,ElasticNet,POSNEG,2016-07-01,2.517215,3.4987000099740992,-0.981485009974099
expanding,2,ElasticNet,POSNEG,2016-08-01,2.514826315789474,3.6467141039530864,-1.1318877881636125
expanding,2,ElasticNet,POSNEG,2016-09-01,2.5058625,3.5622612480266858,-1.0563987480266857
expanding,2,ElasticNet,POSNEG,2016-10-01,2.5015650000000003,3.791219292067054,-1.2896542920670537
expanding,2,ElasticNet,POSNEG,2016-11-01,2.518775,3.604562494709331,-1.0857874947093307
expanding,2,ElasticNet,POSNEG,2016-12-01,2.527788888888889,3.995772334935003,-1.467983446046114
expanding,2,ElasticNet,POSNEG,2017-01-01,2.51759375,4.363037873880146,-1.8454441238801462
expanding,2,ElasticNet,POSNEG,2017-02-01,2.535536363636364,4.4854865060988445,-1.9499501424624803
expanding,2,ElasticNet,POSNEG,2017-03-01,2.5772411764705883,4.377625184321337,-1.8003840078507487
expanding,2,ElasticNet,POSNEG,2017-04-01,2.57815,4.319507358070893,-1.7413573580708928
expanding,2,ElasticNet,POSNEG,2017-05-01,2.5543,3.3100661358481647,-0.7557661358481647
expanding,2,ElasticNet,POSNEG,2017-06-01,2.5655,3.6941894594781193,-1.1286894594781192
expanding,2,ElasticNet,POSNEG,2017-07-01,2.553335294117648,3.268278304384892,-0.7149430102672438
expanding,2,ElasticNet,POSNEG,2017-08-01,2.5712,2.9309460495477837,-0.35974604954778355
expanding,2,ElasticNet,POSNEG,2017-09-01,2.65784,3.4183287637204485,-0.7604887637204483
expanding,2,ElasticNet,POSNEG,2017-10-01,2.69046,3.645658678036537,-0.9551986780365374
expanding,2,ElasticNet,POSNEG,2017-11-01,3.0855473684210524,4.3273272235521505,-1.2417798551310981
expanding,2,ElasticNet,POSNEG,2017-12-01,3.0982380952380955,4.110846549372085,-1.0126084541339897
expanding,2,ElasticNet,POSNEG,2018-01-01,3.075673684210526,4.5303549000102405,-1.4546812157997144
expanding,2,ElasticNet,POSNEG,2018-02-01,3.065655,4.474133162023601,-1.4084781620236009
expanding,2,ElasticNet,POSNEG,2018-03-01,3.15159,4.334081831723504,-1.1824918317235036
expanding,2,ElasticNet,POSNEG,2018-04-01,3.30657619047619,4.505181336131196,-1.198605145655006
expanding,2,ElasticNet,POSNEG,2018-05-01,3.4621947368421053,4.865589210687144,-1.4033944738450388
expanding,2,ElasticNet,POSNEG,2018-06-01,3.6392136363636367,4.498236249846945,-0.8590226134833086
expanding,2,ElasticNet,POSNEG,2018-07-01,3.934538095238095,5.086632784343032,-1.152094689104937
expanding,2,ElasticNet,POSNEG,2018-08-01,4.20315,5.444403171008185,-1.2412531710081849
expanding,2,ElasticNet,POSNEG,2018-09-01,4.641321739130435,5.025818372832967,-0.3844966337025326
expanding,2,ElasticNet,POSNEG,2018-10-01,4.782921052631579,5.798145070337742,-1.0152240177061627
expanding,2,ElasticNet,POSNEG,2018-11-01,4.948788235294118,5.52522031816637,-0.5764320828722518
expanding,2,ElasticNet,POSNEG,2018-12-01,5.096627272727273,4.779722179482849,0.31690509324442395
expanding,2,ElasticNet,POSNEG,2019-01-01,5.116333333333333,4.388772048512235,0.7275612848210988
expanding,2,ElasticNet,POSNEG,2019-02-01,5.169666666666667,3.9211474141352722,1.2485192525313948
expanding,2,ElasticNet,POSNEG,2019-03-01,5.220527777777778,4.441331360112176,0.7791964176656014
expanding,2,ElasticNet,POSNEG,2019-04-01,5.035757142857143,4.509054090660593,0.5267030521965506
expanding,2,ElasticNet,POSNEG,2019-05-01,4.934044444444444,4.38177026958263,0.5522741748618136
expanding,2,ElasticNet,POSNEG,2019-06-01,4.7935,4.373587907594014,0.41991209240598604
expanding,2,ElasticNet,POSNEG,2019-07-01,4.410036842105264,4.17719013732583,0.23284670477943337
expanding,2,ElasticNet,POSNEG,2019-08-01,4.32444761904762,4.150335566478675,0.17411205256894569
expanding,2,ElasticNet,POSNEG,2019-09-01,4.088347826086957,3.9788764224866346,0.10947140360032215
expanding,2,ElasticNet,POSNEG,2019-10-01,4.01318,3.632963653961098,0.3802163460389023
expanding,2,ElasticNet,POSNEG,2019-11-01,3.979216666666667,3.330023427166876,0.649193239499791
expanding,2,ElasticNet,POSNEG,2019-12-01,3.831255,3.6932218748134154,0.13803312518658473
expanding,2,ElasticNet,ToneMean,2016-01-01,2.5197684210526314,3.4735783161067273,-0.9538098950540959
expanding,2,ElasticNet,ToneMean,2016-02-01,2.528319047619048,3.6310659384843547,-1.1027468908653066
expanding,2,ElasticNet,ToneMean,2016-03-01,2.523847619047619,3.0642000079952627,-0.5403523889476438
expanding,2,ElasticNet,ToneMean,2016-04-01,2.525338095238096,3.5852120751086574,-1.0598739798705612
expanding,2,ElasticNet,ToneMean,2016-05-01,2.51565,4.050663991274222,-1.535013991274222
expanding,2,ElasticNet,ToneMean,2016-06-01,2.5214052631578947,4.266387954403696,-1.7449826912458009
expanding,2,ElasticNet,ToneMean,2016-07-01,2.517215,3.558374315642654,-1.0411593156426537
expanding,2,ElasticNet,ToneMean,2016-08-01,2.514826315789474,3.319593175712954,-0.8047668599234803
expanding,2,ElasticNet,ToneMean,2016-09-01,2.5058625,3.312979613295251,-0.8071171132952508
expanding,2,ElasticNet,ToneMean,2016-10-01,2.5015650000000003,3.421768738961245,-0.9202037389612445
expanding,2,ElasticNet,ToneMean,2016-11-01,2.518775,3.4855654310583493,-0.966790431058349
expanding,2,ElasticNet,ToneMean,2016-12-01,2.527788888888889,4.123781746693718,-1.5959928578048288
expanding,2,ElasticNet,ToneMean,2017-01-01,2.51759375,3.923596943317328,-1.406003193317328
expanding,2,ElasticNet,ToneMean,2017-02-01,2.535536363636364,3.9865769019879504,-1.4510405383515863
expanding,2,ElasticNet,ToneMean,2017-03-01,2.5772411764705883,4.290484347122545,-1.7132431706519569
expanding,2,ElasticNet,ToneMean,2017-04-01,2.57815,4.253185968956412,-1.6750359689564123
expanding,2,ElasticNet,ToneMean,2017-05-01,2.5543,3.4561382562504783,-0.9018382562504783
expanding,2,ElasticNet,ToneMean,2017-06-01,2.5655,3.754894554526139,-1.1893945545261388
expanding,2,ElasticNet,ToneMean,2017-07-01,2.553335294117648,3.1840469350393334,-0.6307116409216853
expanding,2,ElasticNet,ToneMean,2017-08-01,2.5712,2.813080795039412,-0.24188079503941173
expanding,2,ElasticNet,ToneMean,2017-09-01,2.65784,3.7052369002711405,-1.0473969002711403
expanding,2,ElasticNet,ToneMean,2017-10-01,2.69046,3.4229596331693397,-0.7324996331693399
expanding,2,ElasticNet,ToneMean,2017-11-01,3.0855473684210524,4.124639847785897,-1.0390924793648444
expanding,2,ElasticNet,ToneMean,2017-12-01,3.0982380952380955,4.169472681608131,-1.0712345863700352
expanding,2,ElasticNet,ToneMean,2018-01-01,3.075673684210526,4.374405439090253,-1.2987317548797273
expanding,2,ElasticNet,ToneMean,2018-02-01,3.065655,4.310495572757422,-1.2448405727574223
expanding,2,ElasticNet,ToneMean,2018-03-01,3.15159,4.351468798681566,-1.1998787986815658
expanding,2,ElasticNet,ToneMean,2018-04-01,3.30657619047619,4.327046933644215,-1.0204707431680253
expanding,2,ElasticNet,ToneMean,2018-05-01,3.4621947368421053,4.877648371444011,-1.415453634601906
expanding,2,ElasticNet,ToneMean,2018-06-01,3.6392136363636367,4.558496633648378,-0.9192829972847414
expanding,2,ElasticNet,ToneMean,2018-07-01,3.934538095238095,5.0467562000569055,-1.1122181048188104
expanding,2,ElasticNet,ToneMean,2018-08-01,4.20315,5.405820084207106,-1.2026700842071056
expanding,2,ElasticNet,ToneMean,2018-09-01,4.641321739130435,4.972081316460318,-0.33075957732988304
expanding,2,ElasticNet,ToneMean,2018-10-01,4.782921052631579,5.563334657109081,-0.7804136044775021
expanding,2,ElasticNet,ToneMean,2018-11-01,4.948788235294118,5.356577505562874,-0.407789270268756
expanding,2,ElasticNet,ToneMean,2018-12-01,5.096627272727273,4.751246546876854,0.34538072585041846
expanding,2,ElasticNet,ToneMean,2019-01-01,5.116333333333333,4.298183272754652,0.8181500605786818
expanding,2,ElasticNet,ToneMean,2019-02-01,5.169666666666667,4.569439282607878,0.6002273840587895
expanding,2,ElasticNet,ToneMean,2019-03-01,5.220527777777778,4.345534714234547,0.874993063543231
expanding,2,ElasticNet,ToneMean,2019-04-01,5.035757142857143,4.452079277613231,0.5836778652439119
expanding,2,ElasticNet,ToneMean,2019-05-01,4.934044444444444,4.29399904385134,0.6400454005931042
expanding,2,ElasticNet,ToneMean,2019-06-01,4.7935,4.370466222827014,0.42303377717298574
expanding,2,ElasticNet,ToneMean,2019-07-01,4.410036842105264,4.29152414202155,0.11851270008371362
expanding,2,ElasticNet,ToneMean,2019-08-01,4.32444761904762,4.153396113504002,0.1710515055436188
expanding,2,ElasticNet,ToneMean,2019-09-01,4.088347826086957,3.8817114877034355,0.20663633838352125
expanding,2,ElasticNet,ToneMean,2019-10-01,4.01318,3.545682750346428,0.4674972496535723
expanding,2,ElasticNet,ToneMean,2019-11-01,3.979216666666667,3.2994538318129103,0.6797628348537565
expanding,2,ElasticNet,ToneMean,2019-12-01,3.831255,3.620031823794614,0.21122317620538622
expanding,2,Lasso,NEG,2016-01-01,2.5197684210526314,3.3954090636849847,-0.8756406426323533
expanding,2,Lasso,NEG,2016-02-01,2.528319047619048,3.59189944482436,-1.0635803972053122
expanding,2,Lasso,NEG,2016-03-01,2.523847619047619,3.119563914197642,-0.595716295150023
expanding,2,Lasso,NEG,2016-04-01,2.525338095238096,3.5500708001312455,-1.0247327048931494
expanding,2,Lasso,NEG,2016-05-01,2.51565,3.89054783563972,-1.37489783563972
expanding,2,Lasso,NEG,2016-06-01,2.5214052631578947,4.318304873256086,-1.7968996100981909
expanding,2,Lasso,NEG,2016-07-01,2.517215,3.5835400935461905,-1.0663250935461903
expanding,2,Lasso,NEG,2016-08-01,2.514826315789474,3.2707435283458746,-0.7559172125564007
expanding,2,Lasso,NEG,2016-09-01,2.5058625,3.3655233211037014,-0.8596608211037013
expanding,2,Lasso,NEG,2016-10-01,2.5015650000000003,3.5005434546962313,-0.998978454696231
expanding,2,Lasso,NEG,2016-11-01,2.518775,3.5420528397804802,-1.02327783978048
expanding,2,Lasso,NEG,2016-12-01,2.527788888888889,3.8898443486670744,-1.3620554597781855
expanding,2,Lasso,NEG,2017-01-01,2.51759375,3.9739019789520698,-1.4563082289520697
expanding,2,Lasso,NEG,2017-02-01,2.535536363636364,4.072169432752615,-1.5366330691162506
expanding,2,Lasso,NEG,2017-03-01,2.5772411764705883,4.2653310200119545,-1.6880898435413663
expanding,2,Lasso,NEG,2017-04-01,2.57815,4.25807523176297,-1.6799252317629705
expanding,2,Lasso,NEG,2017-05-01,2.5543,3.448645831449998,-0.8943458314499981
expanding,2,Lasso,NEG,2017-06-01,2.5655,3.742221637765823,-1.176721637765823
expanding,2,Lasso,NEG,2017-07-01,2.553335294117648,3.0617669901909337,-0.5084316960732855
expanding,2,Lasso,NEG,2017-08-01,2.5712,2.747165540437547,-0.17596554043754686
expanding,2,Lasso,NEG,2017-09-01,2.65784,3.6506418296722387,-0.9928018296722385
expanding,2,Lasso,NEG,2017-10-01,2.69046,3.307642064543333,-0.617182064543333
expanding,2,Lasso,NEG,2017-11-01,3.0855473684210524,4.042054475451808,-0.9565071070307556
expanding,2,Lasso,NEG,2017-12-01,3.0982380952380955,4.187071353075973,-1.0888332578378779
expanding,2,Lasso,NEG,2018-01-01,3.075673684210526,4.237784333015728,-1.1621106488052022
expanding,2,Lasso,NEG,2018-02-01,3.065655,4.164399345650542,-1.0987443456505424
expanding,2,Lasso,NEG,2018-03-01,3.15159,4.349871308199195,-1.1982813081991952
expanding,2,Lasso,NEG,2018-04-01,3.30657619047619,4.217199260562069,-0.9106230700858786
expanding,2,Lasso,NEG,2018-05-01,3.4621947368421053,4.893757406340824,-1.4315626694987187
expanding,2,Lasso,NEG,2018-06-01,3.6392136363636367,4.4872664535182665,-0.8480528171546298
expanding,2,Lasso,NEG,2018-07-01,3.934538095238095,5.01539438282995,-1.0808562875918546
expanding,2,Lasso,NEG,2018-08-01,4.20315,5.427082561775546,-1.2239325617755457
expanding,2,Lasso,NEG,2018-09-01,4.641321739130435,5.007648460245955,-0.3663267211155201
expanding,2,Lasso,NEG,2018-10-01,4.782921052631579,5.43655121588262,-0.6536301632510408
expanding,2,Lasso,NEG,2018-11-01,4.948788235294118,5.239515196495204,-0.2907269612010861
expanding,2,Lasso,NEG,2018-12-01,5.096627272727273,4.681496821503576,0.4151304512236962
expanding,2,Lasso,NEG,2019-01-01,5.116333333333333,4.325739575559636,0.7905937577736974
expanding,2,Lasso,NEG,2019-02-01,5.169666666666667,4.5970661125738355,0.5726005540928316
expanding,2,Lasso,NEG,2019-03-01,5.220527777777778,4.300754328509585,0.9197734492681926
expanding,2,Lasso,NEG,2019-04-01,5.035757142857143,4.3548241214334436,0.6809330214236997
expanding,2,Lasso,NEG,2019-05-01,4.934044444444444,4.2776945872509025,0.6563498571935416
expanding,2,Lasso,NEG,2019-06-01,4.7935,4.387480322992882,0.4060196770071176
expanding,2,Lasso,NEG,2019-07-01,4.410036842105264,4.275257292212796,0.13477954989246754
expanding,2,Lasso,NEG,2019-08-01,4.32444761904762,4.135777957674057,0.188669661373563
expanding,2,Lasso,NEG,2019-09-01,4.088347826086957,3.755583180773919,0.33276464531303773
expanding,2,Lasso,NEG,2019-10-01,4.01318,3.4865444758249,0.5266355241751004
expanding,2,Lasso,NEG,2019-11-01,3.979216666666667,3.261968011988423,0.7172486546782437
expanding,2,Lasso,NEG,2019-12-01,3.831255,3.5212308481694006,0.3100241518305995
expanding,2,Lasso,None,2016-01-01,2.5197684210526314,3.378489597130856,-0.8587211760782245
expanding,2,Lasso,None,2016-02-01,2.528319047619048,3.5936566710178663,-1.0653376233988183
expanding,2,Lasso,None,2016-03-01,2.523847619047619,3.1042834410701574,-0.5804358220225385
expanding,2,Lasso,None,2016-04-01,2.525338095238096,3.5609200150124973,-1.0355819197744012
expanding,2,Lasso,None,2016-05-01,2.51565,3.908527436005129,-1.3928774360051293
expanding,2,Lasso,None,2016-06-01,2.5214052631578947,4.324967684215679,-1.803562421057784
expanding,2,Lasso,None,2016-07-01,2.517215,3.5805305011559643,-1.063315501155964
expanding,2,Lasso,None,2016-08-01,2.514826315789474,3.2599583847161413,-0.7451320689266674
expanding,2,Lasso,None,2016-09-01,2.5058625,3.335438284842516,-0.829575784842516
expanding,2,Lasso,None,2016-10-01,2.5015650000000003,3.459455250425302,-0.9578902504253017
expanding,2,Lasso,None,2016-11-01,2.518775,3.5303278768457718,-1.0115528768457716
expanding,2,Lasso,None,2016-12-01,2.527788888888889,3.917119692269294,-1.389330803380405
expanding,2,Lasso,None,2017-01-01,2.51759375,3.9275326803179675,-1.4099389303179675
expanding,2,Lasso,None,2017-02-01,2.535536363636364,4.04514412835559,-1.5096077647192256
expanding,2,Lasso,None,2017-03-01,2.5772411764705883,4.26517332404684,-1.6879321475762517
expanding,2,Lasso,None,2017-04-01,2.57815,4.258146356870861,-1.679996356870861
expanding,2,Lasso,None,2017-05-01,2.5543,3.4493441860529526,-0.8950441860529526
expanding,2,Lasso,None,2017-06-01,2.5655,3.743492128775558,-1.177992128775558
expanding,2,Lasso,None,2017-07-01,2.553335294117648,3.0660363728681417,-0.5127010787504935
expanding,2,Lasso,None,2017-08-01,2.5712,2.74857074179599,-0.17737074179598977
expanding,2,Lasso,None,2017-09-01,2.65784,3.6571661587851367,-0.9993261587851365
expanding,2,Lasso,None,2017-10-01,2.69046,3.3115157479649335,-0.6210557479649337
expanding,2,Lasso,None,2017-11-01,3.0855473684210524,4.043176253689136,-0.9576288852680839
expanding,2,Lasso,None,2017-12-01,3.0982380952380955,4.189884144573345,-1.0916460493352491
expanding,2,Lasso,None,2018-01-01,3.075673684210526,4.247995574424212,-1.1723218902136856
expanding,2,Lasso,None,2018-02-01,3.065655,4.178740248687418,-1.1130852486874176
expanding,2,Lasso,None,2018-03-01,3.15159,4.353019664645408,-1.2014296646454077
expanding,2,Lasso,None,2018-04-01,3.30657619047619,4.236094097633818,-0.9295179071576278
expanding,2,Lasso,None,2018-05-01,3.4621947368421053,4.8903390719908915,-1.4281443351487861
expanding,2,Lasso,None,2018-06-01,3.6392136363636367,4.509157092043644,-0.8699434556800072
expanding,2,Lasso,None,2018-07-01,3.934538095238095,5.0161761632014645,-1.0816380679633695
expanding,2,Lasso,None,2018-08-01,4.20315,5.403938410782067,-1.2007884107820672
expanding,2,Lasso,None,2018-09-01,4.641321739130435,4.989355263929026,-0.3480335247985913
expanding,2,Lasso,None,2018-10-01,4.782921052631579,5.443003892541759,-0.6600828399101797
expanding,2,Lasso,None,2018-11-01,4.948788235294118,5.242419423202795,-0.2936311879086775
expanding,2,Lasso,None,2018-12-01,5.096627272727273,4.702674169667777,0.3939531030594958
expanding,2,Lasso,None,2019-01-01,5.116333333333333,4.3085648356507065,0.8077684976826269
expanding,2,Lasso,None,2019-02-01,5.169666666666667,4.6209897866142295,0.5486768800524375
expanding,2,Lasso,None,2019-03-01,5.220527777777778,4.302138529977907,0.9183892477998707
expanding,2,Lasso,None,2019-04-01,5.035757142857143,4.370411546165858,0.6653455966912851
expanding,2,Lasso,None,2019-05-01,4.934044444444444,4.2734356324882,0.6606088119562443
expanding,2,Lasso,None,2019-06-01,4.7935,4.381244341105249,0.41225565889475124
expanding,2,Lasso,None,2019-07-01,4.410036842105264,4.285191896812698,0.12484494529256551
expanding,2,Lasso,None,2019-08-01,4.32444761904762,4.124870978664407,0.19957664038321354
expanding,2,Lasso,None,2019-09-01,4.088347826086957,3.778557467416445,0.30979035867051197
expanding,2,Lasso,None,2019-10-01,4.01318,3.4965035000168148,0.5166764999831854
expanding,2,Lasso,None,2019-11-01,3.979216666666667,3.27352301972579,0.705693646940877
expanding,2,Lasso,None,2019-12-01,3.831255,3.54160201337761,0.28965298662239025
expanding,2,Lasso,POSNEG,2016-01-01,2.5197684210526314,3.9619599591717485,-1.442191538119117
expanding,2,Lasso,POSNEG,2016-02-01,2.528319047619048,3.6296228680942164,-1.1013038204751684
expanding,2,Lasso,POSNEG,2016-03-01,2.523847619047619,3.1660155406688495,-0.6421679216212306
expanding,2,Lasso,POSNEG,2016-04-01,2.525338095238096,3.4320736798172016,-0.9067355845791054
expanding,2,Lasso,POSNEG,2016-05-01,2.51565,4.177262875960074,-1.6616128759600741
expanding,2,Lasso,POSNEG,2016-06-01,2.5214052631578947,4.017611669460891,-1.496206406302996
expanding,2,Lasso,POSNEG,2016-07-01,2.517215,3.485177288787196,-0.9679622887871959
expanding,2,Lasso,POSNEG,2016-08-01,2.514826315789474,3.6261700623489137,-1.1113437465594398
expanding,2,Lasso,POSNEG,2016-09-01,2.5058625,3.544518127714195,-1.0386556277141947
expanding,2,Lasso,POSNEG,2016-10-01,2.5015650000000003,3.783242456562056,-1.281677456562056
expanding,2,Lasso,POSNEG,2016-11-01,2.518775,3.6065938513193916,-1.0878188513193914
expanding,2,Lasso,POSNEG,2016-12-01,2.527788888888889,3.987192884053951,-1.459403995165062
expanding,2,Lasso,POSNEG,2017-01-01,2.51759375,4.341755229606459,-1.8241614796064591
expanding,2,Lasso,POSNEG,2017-02-01,2.535536363636364,4.47411605797123,-1.9385796943348659
expanding,2,Lasso,POSNEG,2017-03-01,2.5772411764705883,4.385060715709934,-1.807819539239346
expanding,2,Lasso,POSNEG,2017-04-01,2.57815,4.333415506691878,-1.7552655066918783
expanding,2,Lasso,POSNEG,2017-05-01,2.5543,3.3394964852328606,-0.7851964852328606
expanding,2,Lasso,POSNEG,2017-06-01,2.5655,3.7091040089797813,-1.1436040089797812
expanding,2,Lasso,POSNEG,2017-07-01,2.553335294117648,3.288886935308666,-0.7355516411910177
expanding,2,Lasso,POSNEG,2017-08-01,2.5712,2.953218999583201,-0.38201899958320107
expanding,2,Lasso,POSNEG,2017-09-01,2.65784,3.4323227486873855,-0.7744827486873853
expanding,2,Lasso,POSNEG,2017-10-01,2.69046,3.6536578303295753,-0.9631978303295754
expanding,2,Lasso,POSNEG,2017-11-01,3.0855473684210524,4.327541677276362,-1.2419943088553098
expanding,2,Lasso,POSNEG,2017-12-01,3.0982380952380955,4.112704919262058,-1.014466824023963
expanding,2,Lasso,POSNEG,2018-01-01,3.075673684210526,4.520624525668992,-1.4449508414584655
expanding,2,Lasso,POSNEG,2018-02-01,3.065655,4.475146211251781,-1.409491211251781
expanding,2,Lasso,POSNEG,2018-03-01,3.15159,4.346084017618779,-1.1944940176187786
expanding,2,Lasso,POSNEG,2018-04-01,3.30657619047619,4.515713549324304,-1.209137358848114
expanding,2,Lasso,POSNEG,2018-05-01,3.4621947368421053,4.864912070131571,-1.4027173332894658
expanding,2,Lasso,POSNEG,2018-06-01,3.6392136363636367,4.5048186339231115,-0.8656049975594748
expanding,2,Lasso,POSNEG,2018-07-01,3.934538095238095,5.061071446448643,-1.1265333512105475
expanding,2,Lasso,POSNEG,2018-08-01,4.20315,5.40089740835761,-1.1977474083576096
expanding,2,Lasso,POSNEG,2018-09-01,4.641321739130435,5.0046145695072815,-0.3632928303768468
expanding,2,Lasso,POSNEG,2018-10-01,4.782921052631579,5.746556802250178,-0.9636357496185992
expanding,2,Lasso,POSNEG,2018-11-01,4.948788235294118,5.482711413077899,-0.5339231777837812
expanding,2,Lasso,POSNEG,2018-12-01,5.096627272727273,4.768184720211989,0.3284425525152832
expanding,2,Lasso,POSNEG,2019-01-01,5.116333333333333,4.368159705326933,0.7481736280064002
expanding,2,Lasso,POSNEG,2019-02-01,5.169666666666667,3.921152806787102,1.2485138598795649
expanding,2,Lasso,POSNEG,2019-03-01,5.220527777777778,4.420060555962515,0.8004672218152633
expanding,2,Lasso,POSNEG,2019-04-01,5.035757142857143,4.4855741906836775,0.5501829521734658
expanding,2,Lasso,POSNEG,2019-05-01,4.934044444444444,4.357658914427179,0.5763855300172649
expanding,2,Lasso,POSNEG,2019-06-01,4.7935,4.360906995049266,0.43259300495073383
expanding,2,Lasso,POSNEG,2019-07-01,4.410036842105264,4.173411804520538,0.23662503758472564
expanding,2,Lasso,POSNEG,2019-08-01,4.32444761904762,4.09449531312869,0.22995230591893012
expanding,2,Lasso,POSNEG,2019-09-01,4.088347826086957,3.9674813648797045,0.12086646120725231
expanding,2,Lasso,POSNEG,2019-10-01,4.01318,3.6429713531056493,0.37020864689435085
expanding,2,Lasso,POSNEG,2019-11-01,3.979216666666667,3.347903187435656,0.6313134792310109
expanding,2,Lasso,POSNEG,2019-12-01,3.831255,3.7028473283469125,0.12840767165308753
expanding,2,Lasso,ToneMean,2016-01-01,2.5197684210526314,3.479798009479409,-0.9600295884267775
expanding,2,Lasso,ToneMean,2016-02-01,2.528319047619048,3.633419648346619,-1.105100600727571
expanding,2,Lasso,ToneMean,2016-03-01,2.523847619047619,3.0578746076004135,-0.5340269885527946
expanding,2,Lasso,ToneMean,2016-04-01,2.525338095238096,3.574234299796615,-1.048896204558519
expanding,2,Lasso,ToneMean,2016-05-01,2.51565,4.036266611623671,-1.5206166116236712
expanding,2,Lasso,ToneMean,2016-06-01,2.5214052631578947,4.26084438466982,-1.7394391215119254
expanding,2,Lasso,ToneMean,2016-07-01,2.517215,3.544938323833482,-1.0277233238334818
expanding,2,Lasso,ToneMean,2016-08-01,2.514826315789474,3.3024753305267267,-0.7876490147372528
expanding,2,Lasso,ToneMean,2016-09-01,2.5058625,3.3013255046812784,-0.7954630046812783
expanding,2,Lasso,ToneMean,2016-10-01,2.5015650000000003,3.4232688637877935,-0.9217038637877932
expanding,2,Lasso,ToneMean,2016-11-01,2.518775,3.492210849859436,-0.973435849859436
expanding,2,Lasso,ToneMean,2016-12-01,2.527788888888889,4.10309733120799,-1.575308442319101
expanding,2,Lasso,ToneMean,2017-01-01,2.51759375,3.908383103893525,-1.390789353893525
expanding,2,Lasso,ToneMean,2017-02-01,2.535536363636364,4.006557752840779,-1.4710213892044148
expanding,2,Lasso,ToneMean,2017-03-01,2.5772411764705883,4.299512620925347,-1.7222714444547584
expanding,2,Lasso,ToneMean,2017-04-01,2.57815,4.267650974594102,-1.689500974594102
expanding,2,Lasso,ToneMean,2017-05-01,2.5543,3.481737767088326,-0.927437767088326
expanding,2,Lasso,ToneMean,2017-06-01,2.5655,3.766829424318191,-1.2013294243181907
expanding,2,Lasso,ToneMean,2017-07-01,2.553335294117648,3.200353128551563,-0.6470178344339148
expanding,2,Lasso,ToneMean,2017-08-01,2.5712,2.8343272592624205,-0.2631272592624203
expanding,2,Lasso,ToneMean,2017-09-01,2.65784,3.709743443651978,-1.0519034436519776
expanding,2,Lasso,ToneMean,2017-10-01,2.69046,3.431546772910635,-0.7410867729106352
expanding,2,Lasso,ToneMean,2017-11-01,3.0855473684210524,4.127409528218466,-1.041862159797414
expanding,2,Lasso,ToneMean,2017-12-01,3.0982380952380955,4.170139534120451,-1.0719014388823553
expanding,2,Lasso,ToneMean,2018-01-01,3.075673684210526,4.363662601714977,-1.287988917504451
expanding,2,Lasso,ToneMean,2018-02-01,3.065655,4.304208652349744,-1.238553652349744
expanding,2,Lasso,ToneMean,2018-03-01,3.15159,4.360023533227233,-1.208433533227233
expanding,2,Lasso,ToneMean,2018-04-01,3.30657619047619,4.336618996269233,-1.0300428057930429
expanding,2,Lasso,ToneMean,2018-05-01,3.4621947368421053,4.878842506764837,-1.4166477699227316
expanding,2,Lasso,ToneMean,2018-06-01,3.6392136363636367,4.559693654535448,-0.9204800181718116
expanding,2,Lasso,ToneMean,2018-07-01,3.934538095238095,5.023224100508198,-1.088686005270103
expanding,2,Lasso,ToneMean,2018-08-01,4.20315,5.3692968208128615,-1.1661468208128616
expanding,2,Lasso,ToneMean,2018-09-01,4.641321739130435,4.9568878373826974,-0.3155660982522628
expanding,2,Lasso,ToneMean,2018-10-01,4.782921052631579,5.516416506115125,-0.7334954534835463
expanding,2,Lasso,ToneMean,2018-11-01,4.948788235294118,5.318074957305701,-0.36928672201158275
expanding,2,Lasso,ToneMean,2018-12-01,5.096627272727273,4.737087618531375,0.3595396541958973
expanding,2,Lasso,ToneMean,2019-01-01,5.116333333333333,4.284109469824889,0.8322238635084442
expanding,2,Lasso,ToneMean,2019-02-01,5.169666666666667,4.553959628435088,0.6157070382315792
expanding,2,Lasso,ToneMean,2019-03-01,5.220527777777778,4.326310623364015,0.8942171544137629
expanding,2,Lasso,ToneMean,2019-04-01,5.035757142857143,4.426344242980002,0.6094128998771415
expanding,2,Lasso,ToneMean,2019-05-01,4.934044444444444,4.2731156754199455,0.6609287690244985
expanding,2,Lasso,ToneMean,2019-06-01,4.7935,4.359717797493749,0.43378220250625077
expanding,2,Lasso,ToneMean,2019-07-01,4.410036842105264,4.282623460211758,0.12741338189350593
expanding,2,Lasso,ToneMean,2019-08-01,4.32444761904762,4.100032631978903,0.22441498706871776
expanding,2,Lasso,ToneMean,2019-09-01,4.088347826086957,3.8657960502978,0.22255177578915664
expanding,2,Lasso,ToneMean,2019-10-01,4.01318,3.5538602254155682,0.45931977458443196
expanding,2,Lasso,ToneMean,2019-11-01,3.979216666666667,3.3137418625930604,0.6654748040736065
expanding,2,Lasso,ToneMean,2019-12-01,3.831255,3.623900679589839,0.2073543204101611
expanding,2,OLS,NEG,2016-01-01,2.5197684210526314,3.3695047504138147,-0.8497363293611833
expanding,2,OLS,NEG,2016-02-01,2.528319047619048,3.5778531898858486,-1.0495341422668005
expanding,2,OLS,NEG,2016-03-01,2.523847619047619,3.1019557286706476,-0.5781081096230287
expanding,2,OLS,NEG,2016-04-01,2.525338095238096,3.5597995639434856,-1.0344614687053895
expanding,2,OLS,NEG,2016-05-01,2.51565,3.9241683992301333,-1.4085183992301333
expanding,2,OLS,NEG,2016-06-01,2.5214052631578947,4.382731035098435,-1.8613257719405403
expanding,2,OLS,NEG,2016-07-01,2.517215,3.6052681394583725,-1.0880531394583723
expanding,2,OLS,NEG,2016-08-01,2.514826315789474,3.274568413233599,-0.7597420974441249
expanding,2,OLS,NEG,2016-09-01,2.5058625,3.375971518370747,-0.870109018370747
expanding,2,OLS,NEG,2016-10-01,2.5015650000000003,3.5000073116602497,-0.9984423116602494
expanding,2,OLS,NEG,2016-11-01,2.518775,3.5142081431633114,-0.9954331431633112
expanding,2,OLS,NEG,2016-12-01,2.527788888888889,3.89120638773104,-1.3634174988421512
expanding,2,OLS,NEG,2017-01-01,2.51759375,3.99067873309855,-1.4730849830985497
expanding,2,OLS,NEG,2017-02-01,2.535536363636364,4.045949579046154,-1.5104132154097902
expanding,2,OLS,NEG,2017-03-01,2.5772411764705883,4.250817176310177,-1.6735759998395885
expanding,2,OLS,NEG,2017-04-01,2.57815,4.229515303382574,-1.6513653033825744
expanding,2,OLS,NEG,2017-05-01,2.5543,3.3940252990328936,-0.8397252990328936
expanding,2,OLS,NEG,2017-06-01,2.5655,3.723741598462011,-1.158241598462011
expanding,2,OLS,NEG,2017-07-01,2.553335294117648,2.9739271266971943,-0.42059183257954613
expanding,2,OLS,NEG,2017-08-01,2.5712,2.656154350096872,-0.08495435009687169
expanding,2,OLS,NEG,2017-09-01,2.65784,3.6339732467381056,-0.9761332467381054
expanding,2,OLS,NEG,2017-10-01,2.69046,3.2574209297739896,-0.5669609297739897
expanding,2,OLS,NEG,2017-11-01,3.0855473684210524,4.041891772532127,-0.9563444041110745
expanding,2,OLS,NEG,2017-12-01,3.0982380952380955,4.210059045730077,-1.1118209504919814
expanding,2,OLS,NEG,2018-01-01,3.075673684210526,4.249176991371769,-1.1735033071612428
expanding,2,OLS,NEG,2018-02-01,3.065655,4.133706377741584,-1.0680513777415839
expanding,2,OLS,NEG,2018-03-01,3.15159,4.324407947082354,-1.1728179470823537
expanding,2,OLS,NEG,2018-04-01,3.30657619047619,4.17055430326829,-0.8639781127920996
expanding,2,OLS,NEG,2018-05-01,3.4621947368421053,4.913693699834108,-1.451498962992003
expanding,2,OLS,NEG,2018-06-01,3.6392136363636367,4.473437286572542,-0.8342236502089055
expanding,2,OLS,NEG,2018-07-01,3.934538095238095,5.097284236570908,-1.1627461413328128
expanding,2,OLS,NEG,2018-08-01,4.20315,5.55721688278536,-1.35406688278536
expanding,2,OLS,NEG,2018-09-01,4.641321739130435,5.062343776278154,-0.42102203714771935
expanding,2,OLS,NEG,2018-10-01,4.782921052631579,5.551911957729402,-0.768990905097823
expanding,2,OLS,NEG,2018-11-01,4.948788235294118,5.33035545060689,-0.3815672153127725
expanding,2,OLS,NEG,2018-12-01,5.096627272727273,4.697393047434328,0.39923422529294417
expanding,2,OLS,NEG,2019-01-01,5.116333333333333,4.359928265011021,0.7564050683223122
expanding,2,OLS,NEG,2019-02-01,5.169666666666667,4.628269617147748,0.5413970495189186
expanding,2,OLS,NEG,2019-03-01,5.220527777777778,4.34160684610704,0.8789209316707378
expanding,2,OLS,NEG,2019-04-01,5.035757142857143,4.402934338195322,0.6328228046618216
expanding,2,OLS,NEG,2019-05-01,4.934044444444444,4.331350960620314,0.6026934838241296
expanding,2,OLS,NEG,2019-06-01,4.7935,4.419739356920788,0.373760643079212
expanding,2,OLS,NEG,2019-07-01,4.410036842105264,4.289751174792272,0.1202856673129915
expanding,2,OLS,NEG,2019-08-01,4.32444761904762,4.276975154913619,0.04747246413400141
expanding,2,OLS,NEG,2019-09-01,4.088347826086957,3.764560510214567,0.32378731587238985
expanding,2,OLS,NEG,2019-10-01,4.01318,3.4402596103419403,0.5729203896580599
expanding,2,OLS,NEG,2019-11-01,3.979216666666667,3.1978436709529987,0.7813729957136681
expanding,2,OLS,NEG,2019-12-01,3.831255,3.475413026985313,0.3558419730146869
expanding,2,OLS,None,2016-01-01,2.5197684210526314,3.346766869730709,-0.8269984486780775
expanding,2,OLS,None,2016-02-01,2.528319047619048,3.5802817116421393,-1.0519626640230912
expanding,2,OLS,None,2016-03-01,2.523847619047619,3.0808814187117477,-0.5570337996641288
expanding,2,OLS,None,2016-04-01,2.525338095238096,3.57510944498546,-1.0497713497473637
expanding,2,OLS,None,2016-05-01,2.51565,3.948965051375519,-1.4333150513755188
expanding,2,OLS,None,2016-06-01,2.5214052631578947,4.391574892617333,-1.8701696294594385
expanding,2,OLS,None,2016-07-01,2.517215,3.601298118430858,-1.0840831184308577
expanding,2,OLS,None,2016-08-01,2.514826315789474,3.2603072299071005,-0.7454809141176266
expanding,2,OLS,None,2016-09-01,2.5058625,3.3357378487358655,-0.8298753487358654
expanding,2,OLS,None,2016-10-01,2.5015650000000003,3.442876305687829,-0.9413113056878286
expanding,2,OLS,None,2016-11-01,2.518775,3.4960257962685444,-0.9772507962685442
expanding,2,OLS,None,2016-12-01,2.527788888888889,3.936688630281421,-1.4088997413925322
expanding,2,OLS,None,2017-01-01,2.51759375,3.928567843105416,-1.4109740931054158
expanding,2,OLS,None,2017-02-01,2.535536363636364,3.9975402254821835,-1.4620038618458193
expanding,2,OLS,None,2017-03-01,2.5772411764705883,4.249311599859813,-1.6720704233892247
expanding,2,OLS,None,2017-04-01,2.57815,4.231242856386665,-1.6530928563866647
expanding,2,OLS,None,2017-05-01,2.5543,3.3997607515132158,-0.8454607515132158
expanding,2,OLS,None,2017-06-01,2.5655,3.7288864851722527,-1.1633864851722526
expanding,2,OLS,None,2017-07-01,2.553335294117648,2.9880683285927554,-0.43473303447510725
expanding,2,OLS,None,2017-08-01,2.5712,2.6598063042284212,-0.08860630422842108
expanding,2,OLS,None,2017-09-01,2.65784,3.6509166482575726,-0.9930766482575724
expanding,2,OLS,None,2017-10-01,2.69046,3.2659134475671863,-0.5754534475671864
expanding,2,OLS,None,2017-11-01,3.0855473684210524,4.044293879786358,-0.9587465113653058
expanding,2,OLS,None,2017-12-01,3.0982380952380955,4.2149174747605365,-1.116679379522441
expanding,2,OLS,None,2018-01-01,3.075673684210526,4.269352811299751,-1.1936791270892253
expanding,2,OLS,None,2018-02-01,3.065655,4.1597918846542825,-1.0941368846542825
expanding,2,OLS,None,2018-03-01,3.15159,4.329212182742803,-1.177622182742803
expanding,2,OLS,None,2018-04-01,3.30657619047619,4.199601083260451,-0.8930248927842612
expanding,2,OLS,None,2018-05-01,3.4621947368421053,4.908678308945975,-1.4464835721038694
expanding,2,OLS,None,2018-06-01,3.6392136363636367,4.505782870765225,-0.8665692344015885
expanding,2,OLS,None,2018-07-01,3.934538095238095,5.09838373978143,-1.163845644543335
expanding,2,OLS,None,2018-08-01,4.20315,5.524294371264707,-1.3211443712647073
expanding,2,OLS,None,2018-09-01,4.641321739130435,5.035181757315661,-0.39386001818522676
expanding,2,OLS,None,2018-10-01,4.782921052631579,5.561618703109102,-0.7786976504775227
expanding,2,OLS,None,2018-11-01,4.948788235294118,5.334740551460105,-0.38595231616598724
expanding,2,OLS,None,2018-12-01,5.096627272727273,4.729056672797757,0.3675705999295156
expanding,2,OLS,None,2019-01-01,5.116333333333333,4.333472407541851,0.782860925791482
expanding,2,OLS,None,2019-02-01,5.169666666666667,4.663534849123471,0.5061318175431957
expanding,2,OLS,None,2019-03-01,5.220527777777778,4.343778010566959,0.8767497672108187
expanding,2,OLS,None,2019-04-01,5.035757142857143,4.427073961960158,0.6086831808969855
expanding,2,OLS,None,2019-05-01,4.934044444444444,4.324506506486447,0.609537937957997
expanding,2,OLS,None,2019-06-01,4.7935,4.40979780541778,0.3837021945822201
expanding,2,OLS,None,2019-07-01,4.410036842105264,4.305485049603087,0.10455179250217661
expanding,2,OLS,None,2019-08-01,4.32444761904762,4.259535434336095,0.06491218471152571
expanding,2,OLS,None,2019-09-01,4.088347826086957,3.8007954126411025,0.28755241344585425
expanding,2,OLS,None,2019-10-01,4.01318,3.4565433346419487,0.5566366653580515
expanding,2,OLS,None,2019-11-01,3.979216666666667,3.2171883341355936,0.7620283325310733
expanding,2,OLS,None,2019-12-01,3.831255,3.511039156713655,0.3202158432863449
expanding,2,OLS,POSNEG,2016-01-01,2.5197684210526314,3.9487703841842805,-1.429001963131649
expanding,2,OLS,POSNEG,2016-02-01,2.528319047619048,3.6164763399609345,-1.0881572923418865
expanding,2,OLS,POSNEG,2016-03-01,2.523847619047619,3.1495511161994427,-0.6257034971518238
expanding,2,OLS,POSNEG,2016-04-01,2.525338095238096,3.4389296569463017,-0.9135915617082055
expanding,2,OLS,POSNEG,2016-05-01,2.51565,4.2177781608682094,-1.7021281608682095
expanding,2,OLS,POSNEG,2016-06-01,2.5214052631578947,4.074760404326194,-1.5533551411682995
expanding,2,OLS,POSNEG,2016-07-01,2.517215,3.504498297228415,-0.9872832972284149
expanding,2,OLS,POSNEG,2016-08-01,2.514826315789474,3.638641134925711,-1.123814819136237
expanding,2,OLS,POSNEG,2016-09-01,2.5058625,3.559380942350021,-1.053518442350021
expanding,2,OLS,POSNEG,2016-10-01,2.5015650000000003,3.78954311859541,-1.2879781185954098
expanding,2,OLS,POSNEG,2016-11-01,2.518775,3.5816960860492766,-1.0629210860492764
expanding,2,OLS,POSNEG,2016-12-01,2.527788888888889,3.9888735790945127,-1.4610846902056238
expanding,2,OLS,POSNEG,2017-01-01,2.51759375,4.374200230204124,-1.8566064802041242
expanding,2,OLS,POSNEG,2017-02-01,2.535536363636364,4.499492283859826,-1.9639559202234622
expanding,2,OLS,POSNEG,2017-03-01,2.5772411764705883,4.373642757425246,-1.796401580954658
expanding,2,OLS,POSNEG,2017-04-01,2.57815,4.308155120243119,-1.7300051202431188
expanding,2,OLS,POSNEG,2017-05-01,2.5543,3.2775831683357906,-0.7232831683357905
expanding,2,OLS,POSNEG,2017-06-01,2.5655,3.6872636490503785,-1.1217636490503784
expanding,2,OLS,POSNEG,2017-07-01,2.553335294117648,3.2088836343055056,-0.6555483401878575
expanding,2,OLS,POSNEG,2017-08-01,2.5712,2.868293582211426,-0.297093582211426
expanding,2,OLS,POSNEG,2017-09-01,2.65784,3.4091325907589654,-0.7512925907589652
expanding,2,OLS,POSNEG,2017-10-01,2.69046,3.615554169365022,-0.9250941693650221
expanding,2,OLS,POSNEG,2017-11-01,3.0855473684210524,4.337190404006416,-1.251643035585364
expanding,2,OLS,POSNEG,2017-12-01,3.0982380952380955,4.132468693804908,-1.0342305985668125
expanding,2,OLS,POSNEG,2018-01-01,3.075673684210526,4.542803569183493,-1.4671298849729673
expanding,2,OLS,POSNEG,2018-02-01,3.065655,4.455661413187289,-1.390006413187289
expanding,2,OLS,POSNEG,2018-03-01,3.15159,4.3202812046279035,-1.1686912046279034
expanding,2,OLS,POSNEG,2018-04-01,3.30657619047619,4.480816300096802,-1.1742401096206123
expanding,2,OLS,POSNEG,2018-05-01,3.4621947368421053,4.883562683512471,-1.4213679466703657
expanding,2,OLS,POSNEG,2018-06-01,3.6392136363636367,4.491755111327363,-0.8525414749637261
expanding,2,OLS,POSNEG,2018-07-01,3.934538095238095,5.144905831003089,-1.210367735764994
expanding,2,OLS,POSNEG,2018-08-01,4.20315,5.529901414399971,-1.326751414399971
expanding,2,OLS,POSNEG,2018-09-01,4.641321739130435,5.0591398176392435,-0.4178180785088088
expanding,2,OLS,POSNEG,2018-10-01,4.782921052631579,5.875407282317354,-1.0924862296857754
expanding,2,OLS,POSNEG,2018-11-01,4.948788235294118,5.58341655641784,-0.6346283211237225
expanding,2,OLS,POSNEG,2018-12-01,5.096627272727273,4.787358732263831,0.30926854046344143
expanding,2,OLS,POSNEG,2019-01-01,5.116333333333333,4.403937164609076,0.7123961687242577
expanding,2,OLS,POSNEG,2019-02-01,5.169666666666667,3.926897869528726,1.2427687971379409
expanding,2,OLS,POSNEG,2019-03-01,5.220527777777778,4.466333940970697,0.7541938368070813
expanding,2,OLS,POSNEG,2019-04-01,5.035757142857143,4.539391396036737,0.49636574682040635
expanding,2,OLS,POSNEG,2019-05-01,4.934044444444444,4.4146823760690195,0.5193620683754245
expanding,2,OLS,POSNEG,2019-06-01,4.7935,4.392078527443081,0.40142147255691896
expanding,2,OLS,POSNEG,2019-07-01,4.410036842105264,4.183708906206765,0.22632793589849864
expanding,2,OLS,POSNEG,2019-08-01,4.32444761904762,4.233927576203875,0.09052004284374515
expanding,2,OLS,POSNEG,2019-09-01,4.088347826086957,3.9855212164567035,0.10282660963025325
expanding,2,OLS,POSNEG,2019-10-01,4.01318,3.6033147560500636,0.4098652439499366
expanding,2,OLS,POSNEG,2019-11-01,3.979216666666667,3.2874884651553717,0.6917282015112951
expanding,2,OLS,POSNEG,2019-12-01,3.831255,3.6648760786010373,0.16637892139896282
expanding,2,OLS,ToneMean,2016-01-01,2.5197684210526314,3.4500928665877044,-0.930324445535073
expanding,2,OLS,ToneMean,2016-02-01,2.528319047619048,3.6208974047120273,-1.0925783570929792
expanding,2,OLS,ToneMean,2016-03-01,2.523847619047619,3.0334593511627608,-0.5096117321151419
expanding,2,OLS,ToneMean,2016-04-01,2.525338095238096,3.5887032093767472,-1.063365114138651
expanding,2,OLS,ToneMean,2016-05-01,2.51565,4.079385892223552,-1.5637358922235522
expanding,2,OLS,ToneMean,2016-06-01,2.5214052631578947,4.326165510128765,-1.80476024697087
expanding,2,OLS,ToneMean,2016-07-01,2.517215,3.5649726625830533,-1.0477576625830531
expanding,2,OLS,ToneMean,2016-08-01,2.514826315789474,3.3036690670961297,-0.7888427513066558
expanding,2,OLS,ToneMean,2016-09-01,2.5058625,3.300912313606683,-0.795049813606683
expanding,2,OLS,ToneMean,2016-10-01,2.5015650000000003,3.405949247801543,-0.9043842478015427
expanding,2,OLS,ToneMean,2016-11-01,2.518775,3.4571384171848427,-0.9383634171848425
expanding,2,OLS,ToneMean,2016-12-01,2.527788888888889,4.126212370369253,-1.5984234814803644
expanding,2,OLS,ToneMean,2017-01-01,2.51759375,3.9220440524223052,-1.4044503024223052
expanding,2,OLS,ToneMean,2017-02-01,2.535536363636364,3.961296621411811,-1.4257602577754467
expanding,2,OLS,ToneMean,2017-03-01,2.5772411764705883,4.283696507670544,-1.7064553311999555
expanding,2,OLS,ToneMean,2017-04-01,2.57815,4.242691738762846,-1.6645417387628463
expanding,2,OLS,ToneMean,2017-05-01,2.5543,3.4252492478849748,-0.8709492478849747
expanding,2,OLS,ToneMean,2017-06-01,2.5655,3.7475948074806427,-1.1820948074806426
expanding,2,OLS,ToneMean,2017-07-01,2.553335294117648,3.1268522632435434,-0.5735169691258952
expanding,2,OLS,ToneMean,2017-08-01,2.5712,2.7467773600245042,-0.17557736002450408
expanding,2,OLS,ToneMean,2017-09-01,2.65784,3.7052103771854714,-1.0473703771854712
expanding,2,OLS,ToneMean,2017-10-01,2.69046,3.3912378958473646,-0.7007778958473647
expanding,2,OLS,ToneMean,2017-11-01,3.0855473684210524,4.131415438123598,-1.045868069702546
expanding,2,OLS,ToneMean,2017-12-01,3.0982380952380955,4.192847821822104,-1.0946097265840087
expanding,2,OLS,ToneMean,2018-01-01,3.075673684210526,4.392398411190925,-1.3167247269803988
expanding,2,OLS,ToneMean,2018-02-01,3.065655,4.292726324148189,-1.2270713241481892
expanding,2,OLS,ToneMean,2018-03-01,3.15159,4.339117091660612,-1.1875270916606122
expanding,2,OLS,ToneMean,2018-04-01,3.30657619047619,4.302464513156929,-0.9958883226807389
expanding,2,OLS,ToneMean,2018-05-01,3.4621947368421053,4.896831926317065,-1.43463718947496
expanding,2,OLS,ToneMean,2018-06-01,3.6392136363636367,4.557901803446969,-0.918688167083332
expanding,2,OLS,ToneMean,2018-07-01,3.934538095238095,5.1056904583780724,-1.1711523631399774
expanding,2,OLS,ToneMean,2018-08-01,4.20315,5.4885605467288165,-1.2854105467288166
expanding,2,OLS,ToneMean,2018-09-01,4.641321739130435,5.001592141285043,-0.36027040215460815
expanding,2,OLS,ToneMean,2018-10-01,4.782921052631579,5.6377839774325,-0.854862924800921
expanding,2,OLS,ToneMean,2018-11-01,4.948788235294118,5.412533049191881,-0.4637448138977627
expanding,2,OLS,ToneMean,2018-12-01,5.096627272727273,4.764097387627513,0.3325298850997598
expanding,2,OLS,ToneMean,2019-01-01,5.116333333333333,4.3085649821867475,0.8077683511465859
expanding,2,OLS,ToneMean,2019-02-01,5.169666666666667,4.595123460161379,0.5745432065052878
expanding,2,OLS,ToneMean,2019-03-01,5.220527777777778,4.368618014103278,0.8519097636744997
expanding,2,OLS,ToneMean,2019-04-01,5.035757142857143,4.484357100040562,0.5514000428165815
expanding,2,OLS,ToneMean,2019-05-01,4.934044444444444,4.324138802742429,0.6099056417020154
expanding,2,OLS,ToneMean,2019-06-01,4.7935,4.387868735926248,0.40563126407375183
expanding,2,OLS,ToneMean,2019-07-01,4.410036842105264,4.302862724998827,0.1071741171064362
expanding,2,OLS,ToneMean,2019-08-01,4.32444761904762,4.234212468720411,0.09023515032720919
expanding,2,OLS,ToneMean,2019-09-01,4.088347826086957,3.89006928402475,0.19827854206220685
expanding,2,OLS,ToneMean,2019-10-01,4.01318,3.515017531439259,0.4981624685607411
expanding,2,OLS,ToneMean,2019-11-01,3.979216666666667,3.2582900857021846,0.7209265809644823
expanding,2,OLS,ToneMean,2019-12-01,3.831255,3.595280706484572,0.2359742935154281
expanding,2,Ridge,NEG,2016-01-01,2.5197684210526314,3.3776143787013253,-0.8578459576486939
expanding,2,Ridge,NEG,2016-02-01,2.528319047619048,3.581771013909012,-1.053451966289964
expanding,2,Ridge,NEG,2016-03-01,2.523847619047619,3.1248938970366824,-0.6010462779890635
expanding,2,Ridge,NEG,2016-04-01,2.525338095238096,3.564258592547705,-1.0389204973096087
expanding,2,Ridge,NEG,2016-05-01,2.51565,3.9129547348437477,-1.3973047348437477
expanding,2,Ridge,NEG,2016-06-01,2.5214052631578947,4.350938642368561,-1.8295333792106665
expanding,2,Ridge,NEG,2016-07-01,2.517215,3.6094364661807226,-1.0922214661807224
expanding,2,Ridge,NEG,2016-08-01,2.514826315789474,3.2927599978304003,-0.7779336820409264
expanding,2,Ridge,NEG,2016-09-01,2.5058625,3.3892495025222003,-0.8833870025222001
expanding,2,Ridge,NEG,2016-10-01,2.5015650000000003,3.5070590616600734,-1.0054940616600732
expanding,2,Ridge,NEG,2016-11-01,2.518775,3.526983535152831,-1.0082085351528307
expanding,2,Ridge,NEG,2016-12-01,2.527788888888889,3.899663741468758,-1.371874852579869
expanding,2,Ridge,NEG,2017-01-01,2.51759375,3.997977634025429,-1.480383884025429
expanding,2,Ridge,NEG,2017-02-01,2.535536363636364,4.047161562784735,-1.5116251991483711
expanding,2,Ridge,NEG,2017-03-01,2.5772411764705883,4.248407237520216,-1.671166061049628
expanding,2,Ridge,NEG,2017-04-01,2.57815,4.226198446015574,-1.648048446015574
expanding,2,Ridge,NEG,2017-05-01,2.5543,3.400874969633976,-0.8465749696339762
expanding,2,Ridge,NEG,2017-06-01,2.5655,3.721645802697015,-1.156145802697015
expanding,2,Ridge,NEG,2017-07-01,2.553335294117648,2.9949146044091712,-0.4415793102915231
expanding,2,Ridge,NEG,2017-08-01,2.5712,2.679433106432908,-0.10823310643290807
expanding,2,Ridge,NEG,2017-09-01,2.65784,3.6306530917645254,-0.9728130917645252
expanding,2,Ridge,NEG,2017-10-01,2.69046,3.2669071835241175,-0.5764471835241176
expanding,2,Ridge,NEG,2017-11-01,3.0855473684210524,4.033662627966848,-0.9481152595457956
expanding,2,Ridge,NEG,2017-12-01,3.0982380952380955,4.197820437783212,-1.099582342545116
expanding,2,Ridge,NEG,2018-01-01,3.075673684210526,4.241141642026753,-1.1654679578162273
expanding,2,Ridge,NEG,2018-02-01,3.065655,4.137546086247365,-1.0718910862473652
expanding,2,Ridge,NEG,2018-03-01,3.15159,4.324230218503083,-1.172640218503083
expanding,2,Ridge,NEG,2018-04-01,3.30657619047619,4.1755848610092166,-0.8690086705330264
expanding,2,Ridge,NEG,2018-05-01,3.4621947368421053,4.901891396372683,-1.4396966595305778
expanding,2,Ridge,NEG,2018-06-01,3.6392136363636367,4.471203967296335,-0.8319903309326979
expanding,2,Ridge,NEG,2018-07-01,3.934538095238095,5.075981905799154,-1.1414438105610594
expanding,2,Ridge,NEG,2018-08-01,4.20315,5.530532758524423,-1.327382758524423
expanding,2,Ridge,NEG,2018-09-01,4.641321739130435,5.053287923292296,-0.41196618416186137
expanding,2,Ridge,NEG,2018-10-01,4.782921052631579,5.533148515905321,-0.7502274632737418
expanding,2,Ridge,NEG,2018-11-01,4.948788235294118,5.316775637723502,-0.3679874024293843
expanding,2,Ridge,NEG,2018-12-01,5.096627272727273,4.695981232475913,0.40064604025135964
expanding,2,Ridge,NEG,2019-01-01,5.116333333333333,4.360797894346555,0.7555354389867786
expanding,2,Ridge,NEG,2019-02-01,5.169666666666667,4.624707309759763,0.5449593569069044
expanding,2,Ridge,NEG,2019-03-01,5.220527777777778,4.337951413514875,0.8825763642629028
expanding,2,Ridge,NEG,2019-04-01,5.035757142857143,4.397389228991244,0.6383679138658991
expanding,2,Ridge,NEG,2019-05-01,4.934044444444444,4.325985481626846,0.6080589628175979
expanding,2,Ridge,NEG,2019-06-01,4.7935,4.416419715529991,0.37708028447000874
expanding,2,Ridge,NEG,2019-07-01,4.410036842105264,4.28881426513776,0.12122257696750349
expanding,2,Ridge,NEG,2019-08-01,4.32444761904762,4.262971939957215,0.061475679090405855
expanding,2,Ridge,NEG,2019-09-01,4.088347826086957,3.766197137858632,0.3221506882283247
expanding,2,Ridge,NEG,2019-10-01,4.01318,3.450380455395539,0.5627995446044611
expanding,2,Ridge,NEG,2019-11-01,3.979216666666667,3.2107880903708113,0.7684285762958556
expanding,2,Ridge,NEG,2019-12-01,3.831255,3.484527231481355,0.3467277685186452
expanding,2,Ridge,None,2016-01-01,2.5197684210526314,3.355342578740653,-0.8355741576880216
expanding,2,Ridge,None,2016-02-01,2.528319047619048,3.5840776067918174,-1.0557585591727694
expanding,2,Ridge,None,2016-03-01,2.523847619047619,3.104151414472734,-0.5803037954251149
expanding,2,Ridge,None,2016-04-01,2.525338095238096,3.5790070682410846,-1.0536689730029885
expanding,2,Ridge,None,2016-05-01,2.51565,3.9370921234918006,-1.4214421234918007
expanding,2,Ridge,None,2016-06-01,2.5214052631578947,4.359889492139764,-1.8384842289818697
expanding,2,Ridge,None,2016-07-01,2.517215,3.605498860815767,-1.0882838608157668
expanding,2,Ridge,None,2016-08-01,2.514826315789474,3.278621139470959,-0.7637948236814851
expanding,2,Ridge,None,2016-09-01,2.5058625,3.3499506554183056,-0.8440881554183055
expanding,2,Ridge,None,2016-10-01,2.5015650000000003,3.4517021981513154,-0.9501371981513151
expanding,2,Ridge,None,2016-11-01,2.518775,3.5094550475839625,-0.9906800475839623
expanding,2,Ridge,None,2016-12-01,2.527788888888889,3.9429428365978993,-1.4151539477090105
expanding,2,Ridge,None,2017-01-01,2.51759375,3.9378487057276566,-1.4202549557276565
expanding,2,Ridge,None,2017-02-01,2.535536363636364,4.0011177461960905,-1.4655813825597264
expanding,2,Ridge,None,2017-03-01,2.5772411764705883,4.2470621193135525,-1.6698209428429642
expanding,2,Ridge,None,2017-04-01,2.57815,4.2278082915313195,-1.6496582915313196
expanding,2,Ridge,None,2017-05-01,2.5543,3.4061663763684686,-0.8518663763684686
expanding,2,Ridge,None,2017-06-01,2.5655,3.726472492339874,-1.1609724923398739
expanding,2,Ridge,None,2017-07-01,2.553335294117648,3.0080661205709065,-0.45473082645325835
expanding,2,Ridge,None,2017-08-01,2.5712,2.6828036213846547,-0.11160362138465452
expanding,2,Ridge,None,2017-09-01,2.65784,3.646732455280942,-0.9888924552809417
expanding,2,Ridge,None,2017-10-01,2.69046,3.2749981466613347,-0.5845381466613349
expanding,2,Ridge,None,2017-11-01,3.0855473684210524,4.036085630049575,-0.9505382616285227
expanding,2,Ridge,None,2017-12-01,3.0982380952380955,4.202637633675144,-1.1043995384370482
expanding,2,Ridge,None,2018-01-01,3.075673684210526,4.260629321522851,-1.1849556373123247
expanding,2,Ridge,None,2018-02-01,3.065655,4.162723814671586,-1.097068814671586
expanding,2,Ridge,None,2018-03-01,3.15159,4.328941196800923,-1.1773511968009225
expanding,2,Ridge,None,2018-04-01,3.30657619047619,4.203801157677846,-0.8972249672016561
expanding,2,Ridge,None,2018-05-01,3.4621947368421053,4.897272840159019,-1.4350781033169135
expanding,2,Ridge,None,2018-06-01,3.6392136363636367,4.502875914425448,-0.8636622780618111
expanding,2,Ridge,None,2018-07-01,3.934538095238095,5.077644373601514,-1.1431062783634194
expanding,2,Ridge,None,2018-08-01,4.20315,5.499065803111613,-1.2959158031116127
expanding,2,Ridge,None,2018-09-01,4.641321739130435,5.026993781052148,-0.38567204192171367
expanding,2,Ridge,None,2018-10-01,4.782921052631579,5.54313620039857,-0.7602151477669912
expanding,2,Ridge,None,2018-11-01,4.948788235294118,5.321535813592229,-0.3727475782981111
expanding,2,Ridge,None,2018-12-01,5.096627272727273,4.727335703932159,0.3692915687951137
expanding,2,Ridge,None,2019-01-01,5.116333333333333,4.334957453921654,0.7813758794116792
expanding,2,Ridge,None,2019-02-01,5.169666666666667,4.6595393852131455,0.5101272814535216
expanding,2,Ridge,None,2019-03-01,5.220527777777778,4.340248801676548,0.8802789761012297
expanding,2,Ridge,None,2019-04-01,5.035757142857143,4.4212230292934755,0.6145341135636677
expanding,2,Ridge,None,2019-05-01,4.934044444444444,4.319418238290058,0.6146262061543863
expanding,2,Ridge,None,2019-06-01,4.7935,4.406792984533727,0.38670701546627306
expanding,2,Ridge,None,2019-07-01,4.410036842105264,4.304260032497444,0.10577680960781954
expanding,2,Ridge,None,2019-08-01,4.32444761904762,4.246128345148241,0.0783192738993792
expanding,2,Ridge,None,2019-09-01,4.088347826086957,3.801669896476302,0.28667792961065475
expanding,2,Ridge,None,2019-10-01,4.01318,3.46616028992484,0.5470197100751601
expanding,2,Ridge,None,2019-11-01,3.979216666666667,3.2295531032987466,0.7496635633679203
expanding,2,Ridge,None,2019-12-01,3.831255,3.5193353745442004,0.31191962545579965
expanding,2,Ridge,POSNEG,2016-01-01,2.5197684210526314,3.955283586885073,-1.4355151658324417
expanding,2,Ridge,POSNEG,2016-02-01,2.528319047619048,3.6201306614509208,-1.0918116138318728
expanding,2,Ridge,POSNEG,2016-03-01,2.523847619047619,3.1685689603287934,-0.6447213412811745
expanding,2,Ridge,POSNEG,2016-04-01,2.525338095238096,3.443336254488438,-0.9179981592503417
expanding,2,Ridge,POSNEG,2016-05-01,2.51565,4.209336857514233,-1.6936868575142334
expanding,2,Ridge,POSNEG,2016-06-01,2.5214052631578947,4.048211477207424,-1.5268062140495293
expanding,2,Ridge,POSNEG,2016-07-01,2.517215,3.5084050782013625,-0.9911900782013623
expanding,2,Ridge,POSNEG,2016-08-01,2.514826315789474,3.6542045082985988,-1.1393781925091249
expanding,2,Ridge,POSNEG,2016-09-01,2.5058625,3.5704514357726858,-1.0645889357726857
expanding,2,Ridge,POSNEG,2016-10-01,2.5015650000000003,3.7947590792939376,-1.2931940792939374
expanding,2,Ridge,POSNEG,2016-11-01,2.518775,3.592363940316803,-1.0735889403168026
expanding,2,Ridge,POSNEG,2016-12-01,2.527788888888889,3.9981339285699615,-1.4703450396810727
expanding,2,Ridge,POSNEG,2017-01-01,2.51759375,4.380022467704653,-1.862428717704653
expanding,2,Ridge,POSNEG,2017-02-01,2.535536363636364,4.499639992814494,-1.9641036291781298
expanding,2,Ridge,POSNEG,2017-03-01,2.5772411764705883,4.371722042196479,-1.794480865725891
expanding,2,Ridge,POSNEG,2017-04-01,2.57815,4.305380784753316,-1.7272307847533162
expanding,2,Ridge,POSNEG,2017-05-01,2.5543,3.2831160019305043,-0.7288160019305043
expanding,2,Ridge,POSNEG,2017-06-01,2.5655,3.6853686637326875,-1.1198686637326873
expanding,2,Ridge,POSNEG,2017-07-01,2.553335294117648,3.228762532974914,-0.675427238857266
expanding,2,Ridge,POSNEG,2017-08-01,2.5712,2.889763324970234,-0.318563324970234
expanding,2,Ridge,POSNEG,2017-09-01,2.65784,3.4060205175049623,-0.7481805175049621
expanding,2,Ridge,POSNEG,2017-10-01,2.69046,3.6255876331360306,-0.9351276331360308
expanding,2,Ridge,POSNEG,2017-11-01,3.0855473684210524,4.330921099183741,-1.2453737307626889
expanding,2,Ridge,POSNEG,2017-12-01,3.0982380952380955,4.121567219686751,-1.0233291244486558
expanding,2,Ridge,POSNEG,2018-01-01,3.075673684210526,4.537570279964406,-1.4618965957538799
expanding,2,Ridge,POSNEG,2018-02-01,3.065655,4.461399891863135,-1.3957448918631346
expanding,2,Ridge,POSNEG,2018-03-01,3.15159,4.321028301631243,-1.1694383016312426
expanding,2,Ridge,POSNEG,2018-04-01,3.30657619047619,4.487751772870674,-1.1811755823944843
expanding,2,Ridge,POSNEG,2018-05-01,3.4621947368421053,4.874133491030182,-1.411938754188077
expanding,2,Ridge,POSNEG,2018-06-01,3.6392136363636367,4.491259219096936,-0.8520455827332989
expanding,2,Ridge,POSNEG,2018-07-01,3.934538095238095,5.127093858079664,-1.1925557628415686
expanding,2,Ridge,POSNEG,2018-08-01,4.20315,5.507173546015274,-1.3040235460152738
expanding,2,Ridge,POSNEG,2018-09-01,4.641321739130435,5.052024693770667,-0.4107029546402323
expanding,2,Ridge,POSNEG,2018-10-01,4.782921052631579,5.861205803265989,-1.0782847506344098
expanding,2,Ridge,POSNEG,2018-11-01,4.948788235294118,5.574407458504147,-0.6256192232100295
expanding,2,Ridge,POSNEG,2018-12-01,5.096627272727273,4.788662273784011,0.30796499894326157
expanding,2,Ridge,POSNEG,2019-01-01,5.116333333333333,4.405942575120287,0.7103907582130464
expanding,2,Ridge,POSNEG,2019-02-01,5.169666666666667,3.923497291242875,1.2461693754237921
expanding,2,Ridge,POSNEG,2019-03-01,5.220527777777778,4.464027531260172,0.7565002465176063
expanding,2,Ridge,POSNEG,2019-04-01,5.035757142857143,4.5356230697371425,0.5001340731200008
expanding,2,Ridge,POSNEG,2019-05-01,4.934044444444444,4.410052169619539,0.5239922748249048
expanding,2,Ridge,POSNEG,2019-06-01,4.7935,4.389025576323324,0.4044744236766755
expanding,2,Ridge,POSNEG,2019-07-01,4.410036842105264,4.1822742828713935,0.22776255923387012
expanding,2,Ridge,POSNEG,2019-08-01,4.32444761904762,4.220015457352824,0.1044321616947963
expanding,2,Ridge,POSNEG,2019-09-01,4.088347826086957,3.987670182728688,0.10067764335826901
expanding,2,Ridge,POSNEG,2019-10-01,4.01318,3.6127409648225814,0.40043903517741875
expanding,2,Ridge,POSNEG,2019-11-01,3.979216666666667,3.299249445102898,0.6799672215637687
expanding,2,Ridge,POSNEG,2019-12-01,3.831255,3.6737531866861755,0.15750181331382462
expanding,2,Ridge,ToneMean,2016-01-01,2.5197684210526314,3.4600282787893604,-0.9402598577367289
expanding,2,Ridge,ToneMean,2016-02-01,2.528319047619048,3.625254427162159,-1.096935379543111
expanding,2,Ridge,ToneMean,2016-03-01,2.523847619047619,3.0543002915143993,-0.5304526724667804
expanding,2,Ridge,ToneMean,2016-04-01,2.525338095238096,3.5926199576358915,-1.0672818623977953
expanding,2,Ridge,ToneMean,2016-05-01,2.51565,4.070893675445486,-1.5552436754454861
expanding,2,Ridge,ToneMean,2016-06-01,2.5214052631578947,4.29532222150435,-1.773916958346455
expanding,2,Ridge,ToneMean,2016-07-01,2.517215,3.568382114306771,-1.0511671143067707
expanding,2,Ridge,ToneMean,2016-08-01,2.514826315789474,3.3216500057584737,-0.8068236899689998
expanding,2,Ridge,ToneMean,2016-09-01,2.5058625,3.3136631482562056,-0.8078006482562055
expanding,2,Ridge,ToneMean,2016-10-01,2.5015650000000003,3.4136440063031186,-0.9120790063031183
expanding,2,Ridge,ToneMean,2016-11-01,2.518775,3.469001670735797,-0.9502266707357969
expanding,2,Ridge,ToneMean,2016-12-01,2.527788888888889,4.135758057233674,-1.607969168344785
expanding,2,Ridge,ToneMean,2017-01-01,2.51759375,3.9307002622537492,-1.4131065122537492
expanding,2,Ridge,ToneMean,2017-02-01,2.535536363636364,3.9638277115432574,-1.4282913479068933
expanding,2,Ridge,ToneMean,2017-03-01,2.5772411764705883,4.282388370204508,-1.7051471937339198
expanding,2,Ridge,ToneMean,2017-04-01,2.57815,4.239755995886588,-1.661605995886588
expanding,2,Ridge,ToneMean,2017-05-01,2.5543,3.431982425131996,-0.8776824251319959
expanding,2,Ridge,ToneMean,2017-06-01,2.5655,3.745935233508673,-1.180435233508673
expanding,2,Ridge,ToneMean,2017-07-01,2.553335294117648,3.148905039425809,-0.5955697453081608
expanding,2,Ridge,ToneMean,2017-08-01,2.5712,2.7705985877421644,-0.19939858774216423
expanding,2,Ridge,ToneMean,2017-09-01,2.65784,3.7026233785341667,-1.0447833785341665
expanding,2,Ridge,ToneMean,2017-10-01,2.69046,3.4029380069757664,-0.7124780069757666
expanding,2,Ridge,ToneMean,2017-11-01,3.0855473684210524,4.125881985494966,-1.0403346170739138
expanding,2,Ridge,ToneMean,2017-12-01,3.0982380952380955,4.180881386366683,-1.0826432911285875
expanding,2,Ridge,ToneMean,2018-01-01,3.075673684210526,4.387286455250445,-1.3116127710399188
expanding,2,Ridge,ToneMean,2018-02-01,3.065655,4.299327575257451,-1.2336725752574513
expanding,2,Ridge,ToneMean,2018-03-01,3.15159,4.339451948159553,-1.187861948159553
expanding,2,Ridge,ToneMean,2018-04-01,3.30657619047619,4.3099879132508985,-1.0034117227747084
expanding,2,Ridge,ToneMean,2018-05-01,3.4621947368421053,4.885907360971166,-1.423712624129061
expanding,2,Ridge,ToneMean,2018-06-01,3.6392136363636367,4.557157840491889,-0.917944204128252
expanding,2,Ridge,ToneMean,2018-07-01,3.934538095238095,5.086556695889449,-1.152018600651354
expanding,2,Ridge,ToneMean,2018-08-01,4.20315,5.463887066568196,-1.260737066568196
expanding,2,Ridge,ToneMean,2018-09-01,4.641321739130435,4.993479471434707,-0.3521577323042724
expanding,2,Ridge,ToneMean,2018-10-01,4.782921052631579,5.6226770436794125,-0.8397559910478334
expanding,2,Ridge,ToneMean,2018-11-01,4.948788235294118,5.402826810465784,-0.45403857517166646
expanding,2,Ridge,ToneMean,2018-12-01,5.096627272727273,4.764144682783461,0.33248258994381175
expanding,2,Ridge,ToneMean,2019-01-01,5.116333333333333,4.30980471559441,0.8065286177389233
expanding,2,Ridge,ToneMean,2019-02-01,5.169666666666667,4.589620841982442,0.580045824684225
expanding,2,Ridge,ToneMean,2019-03-01,5.220527777777778,4.366286756632837,0.8542410211449409
expanding,2,Ridge,ToneMean,2019-04-01,5.035757142857143,4.4807755734964845,0.5549815693606588
expanding,2,Ridge,ToneMean,2019-05-01,4.934044444444444,4.319328182891458,0.614716261552986
expanding,2,Ridge,ToneMean,2019-06-01,4.7935,4.384436037012081,0.4090639629879185
expanding,2,Ridge,ToneMean,2019-07-01,4.410036842105264,4.301559604847739,0.10847723725752445
expanding,2,Ridge,ToneMean,2019-08-01,4.32444761904762,4.220429463846528,0.10401815520109281
expanding,2,Ridge,ToneMean,2019-09-01,4.088347826086957,3.893515069485204,0.1948327566017527
expanding,2,Ridge,ToneMean,2019-10-01,4.01318,3.525770153659104,0.487409846340896
expanding,2,Ridge,ToneMean,2019-11-01,3.979216666666667,3.2710616993868804,0.7081549672797864
expanding,2,Ridge,ToneMean,2019-12-01,3.831255,3.6051044951268887,0.2261505048731114
expanding,2,SVR,NEG,2016-01-01,2.5197684210526314,2.015213617680888,0.5045548033717435
expanding,2,SVR,NEG,2016-02-01,2.528319047619048,2.8010467696131753,-0.2727277219941273
expanding,2,SVR,NEG,2016-03-01,2.523847619047619,2.1888688340462594,0.33497878500135947
expanding,2,SVR,NEG,2016-04-01,2.525338095238096,2.6607407833450862,-0.13540268810699008
expanding,2,SVR,NEG,2016-05-01,2.51565,3.8024054340774285,-1.2867554340774285
expanding,2,SVR,NEG,2016-06-01,2.5214052631578947,3.786140682292857,-1.2647354191349622
expanding,2,SVR,NEG,2016-07-01,2.517215,2.7018634847372818,-0.18464848473728157
expanding,2,SVR,NEG,2016-08-01,2.514826315789474,2.538211428516452,-0.023385112726978186
expanding,2,SVR,NEG,2016-09-01,2.5058625,2.7884012426383387,-0.28253874263833856
expanding,2,SVR,NEG,2016-10-01,2.5015650000000003,3.035141899398713,-0.5335768993987129
expanding,2,SVR,NEG,2016-11-01,2.518775,2.3570513656398058,0.16172363436019443
expanding,2,SVR,NEG,2016-12-01,2.527788888888889,4.078508775786915,-1.550719886898026
expanding,2,SVR,NEG,2017-01-01,2.51759375,4.496371862639165,-1.9787781126391653
expanding,2,SVR,NEG,2017-02-01,2.535536363636364,3.4849042521133717,-0.9493678884770076
expanding,2,SVR,NEG,2017-03-01,2.5772411764705883,3.4138299764789046,-0.8365888000083164
expanding,2,SVR,NEG,2017-04-01,2.57815,3.1405873710094467,-0.5624373710094468
expanding,2,SVR,NEG,2017-05-01,2.5543,1.9546623336154907,0.5996376663845093
expanding,2,SVR,NEG,2017-06-01,2.5655,2.4706749054513235,0.0948250945486766
expanding,2,SVR,NEG,2017-07-01,2.553335294117648,2.378264745528843,0.17507054858880533
expanding,2,SVR,NEG,2017-08-01,2.5712,1.9548696264845362,0.6163303735154639
expanding,2,SVR,NEG,2017-09-01,2.65784,3.0499425369382287,-0.3921025369382285
expanding,2,SVR,NEG,2017-10-01,2.69046,2.351582484529414,0.33887751547058587
expanding,2,SVR,NEG,2017-11-01,3.0855473684210524,2.6508736090374225,0.43467375938362984
expanding,2,SVR,NEG,2017-12-01,3.0982380952380955,3.0657708587595174,0.032467236478578076
expanding,2,SVR,NEG,2018-01-01,3.075673684210526,3.502252027078835,-0.426578342868309
expanding,2,SVR,NEG,2018-02-01,3.065655,4.142139246099465,-1.0764842460994646
expanding,2,SVR,NEG,2018-03-01,3.15159,3.9220800005041507,-0.7704900005041506
expanding,2,SVR,NEG,2018-04-01,3.30657619047619,4.2463416066658,-0.9397654161896103
expanding,2,SVR,NEG,2018-05-01,3.4621947368421053,4.24771788458356,-0.7855231477414546
expanding,2,SVR,NEG,2018-06-01,3.6392136363636367,4.276941230767164,-0.6377275944035277
expanding,2,SVR,NEG,2018-07-01,3.934538095238095,4.092181659605986,-0.15764356436789084
expanding,2,SVR,NEG,2018-08-01,4.20315,4.428027066474218,-0.22487706647421835
expanding,2,SVR,NEG,2018-09-01,4.641321739130435,4.783218833577968,-0.1418970944475335
expanding,2,SVR,NEG,2018-10-01,4.782921052631579,5.235278420911022,-0.4523573682794426
expanding,2,SVR,NEG,2018-11-01,4.948788235294118,4.686061382794378,0.2627268524997399
expanding,2,SVR,NEG,2018-12-01,5.096627272727273,4.83097146014345,0.2656558125838222
expanding,2,SVR,NEG,2019-01-01,5.116333333333333,4.160194906590006,0.956138426743327
expanding,2,SVR,NEG,2019-02-01,5.169666666666667,4.784626328161746,0.38504033850492103
expanding,2,SVR,NEG,2019-03-01,5.220527777777778,4.419393332751929,0.8011344450258493
expanding,2,SVR,NEG,2019-04-01,5.035757142857143,4.726000221150728,0.30975692170641533
expanding,2,SVR,NEG,2019-05-01,4.934044444444444,4.792860664802273,0.1411837796421711
expanding,2,SVR,NEG,2019-06-01,4.7935,5.088892169509573,-0.29539216950957314
expanding,2,SVR,NEG,2019-07-01,4.410036842105264,5.4539994731049255,-1.043962630999662
expanding,2,SVR,NEG,2019-08-01,4.32444761904762,5.0565704976046755,-0.732122878557055
expanding,2,SVR,NEG,2019-09-01,4.088347826086957,4.402879144801325,-0.31453131871436835
expanding,2,SVR,NEG,2019-10-01,4.01318,3.719660983018807,0.2935190169811932
expanding,2,SVR,NEG,2019-11-01,3.979216666666667,3.6522599211031066,0.32695674556356025
expanding,2,SVR,NEG,2019-12-01,3.831255,4.100143865081087,-0.2688888650810868
expanding,2,SVR,None,2016-01-01,2.5197684210526314,2.1656702638335927,0.3540981572190387
expanding,2,SVR,None,2016-02-01,2.528319047619048,2.9796048468679057,-0.4512857992488577
expanding,2,SVR,None,2016-03-01,2.523847619047619,2.4583979585198636,0.06544966052775525
expanding,2,SVR,None,2016-04-01,2.525338095238096,2.581658751989146,-0.05632065675104991
expanding,2,SVR,None,2016-05-01,2.51565,3.589423180019933,-1.0737731800199333
expanding,2,SVR,None,2016-06-01,2.5214052631578947,3.6284160374807106,-1.107010774322816
expanding,2,SVR,None,2016-07-01,2.517215,2.5838275383753206,-0.06661253837532044
expanding,2,SVR,None,2016-08-01,2.514826315789474,2.6227153833454557,-0.10788906755598182
expanding,2,SVR,None,2016-09-01,2.5058625,2.550694784181888,-0.04483228418188778
expanding,2,SVR,None,2016-10-01,2.5015650000000003,2.4508060337993394,0.05075896620066089
expanding,2,SVR,None,2016-11-01,2.518775,2.6390793263056396,-0.12030432630563936
expanding,2,SVR,None,2016-12-01,2.527788888888889,3.767610635944839,-1.23982174705595
expanding,2,SVR,None,2017-01-01,2.51759375,4.16915513272525,-1.6515613827252502
expanding,2,SVR,None,2017-02-01,2.535536363636364,3.342935015993039,-0.807398652356675
expanding,2,SVR,None,2017-03-01,2.5772411764705883,3.583192415705375,-1.0059512392347867
expanding,2,SVR,None,2017-04-01,2.57815,3.271167015402893,-0.693017015402893
expanding,2,SVR,None,2017-05-01,2.5543,1.9342752179058729,0.6200247820941271
expanding,2,SVR,None,2017-06-01,2.5655,2.3393816788652537,0.2261183211347464
expanding,2,SVR,None,2017-07-01,2.553335294117648,2.180716047763959,0.37261924635368926
expanding,2,SVR,None,2017-08-01,2.5712,2.2097439633541223,0.3614560366458779
expanding,2,SVR,None,2017-09-01,2.65784,2.8982462994346943,-0.24040629943469405
expanding,2,SVR,None,2017-10-01,2.69046,2.5322671312834926,0.15819286871650728
expanding,2,SVR,None,2017-11-01,3.0855473684210524,2.7292545515960054,0.356292816825047
expanding,2,SVR,None,2017-12-01,3.0982380952380955,2.979941747929071,0.11829634730902461
expanding,2,SVR,None,2018-01-01,3.075673684210526,3.2564742576032137,-0.18080057339268762
expanding,2,SVR,None,2018-02-01,3.065655,4.004780001815241,-0.9391250018152406
expanding,2,SVR,None,2018-03-01,3.15159,4.086348409210261,-0.9347584092102612
expanding,2,SVR,None,2018-04-01,3.30657619047619,4.2841016796898925,-0.9775254892137024
expanding,2,SVR,None,2018-05-01,3.4621947368421053,4.38064796201417,-0.918453225172065
expanding,2,SVR,None,2018-06-01,3.6392136363636367,4.2116018576661824,-0.5723882213025457
expanding,2,SVR,None,2018-07-01,3.934538095238095,4.190452655371797,-0.2559145601337023
expanding,2,SVR,None,2018-08-01,4.20315,4.461528463103229,-0.2583784631032291
expanding,2,SVR,None,2018-09-01,4.641321739130435,4.951443218167315,-0.31012147903688003
expanding,2,SVR,None,2018-10-01,4.782921052631579,4.776655398394102,0.0062656542374774915
expanding,2,SVR,None,2018-11-01,4.948788235294118,4.5272657438828805,0.42152249141123743
expanding,2,SVR,None,2018-12-01,5.096627272727273,4.643356176794505,0.4532710959327675
expanding,2,SVR,None,2019-01-01,5.116333333333333,4.354377606661172,0.761955726672161
expanding,2,SVR,None,2019-02-01,5.169666666666667,4.97143096275914,0.19823570390752732
expanding,2,SVR,None,2019-03-01,5.220527777777778,4.922607417699311,0.297920360078467
expanding,2,SVR,None,2019-04-01,5.035757142857143,4.761097885041526,0.2746592578156175
expanding,2,SVR,None,2019-05-01,4.934044444444444,4.979641304145769,-0.04559685970132499
expanding,2,SVR,None,2019-06-01,4.7935,5.451859779654831,-0.6583597796548313
expanding,2,SVR,None,2019-07-01,4.410036842105264,5.345439555050775,-0.9354027129455114
expanding,2,SVR,None,2019-08-01,4.32444761904762,4.841819983920121,-0.5173723648725002
expanding,2,SVR,None,2019-09-01,4.088347826086957,4.139198225296355,-0.05085039920939849
expanding,2,SVR,None,2019-10-01,4.01318,3.784021480100959,0.22915851989904112
expanding,2,SVR,None,2019-11-01,3.979216666666667,3.6123710608690507,0.36684560579761616
expanding,2,SVR,None,2019-12-01,3.831255,3.8722342853283394,-0.04097928532833928
expanding,2,SVR,POSNEG,2016-01-01,2.5197684210526314,3.2252523709926866,-0.7054839499400551
expanding,2,SVR,POSNEG,2016-02-01,2.528319047619048,2.5276594272751725,0.0006596203438755666
expanding,2,SVR,POSNEG,2016-03-01,2.523847619047619,2.066824373687401,0.4570232453602179
expanding,2,SVR,POSNEG,2016-04-01,2.525338095238096,2.696623254792777,-0.1712851595546807
expanding,2,SVR,POSNEG,2016-05-01,2.51565,4.1144675627386516,-1.5988175627386516
expanding,2,SVR,POSNEG,2016-06-01,2.5214052631578947,3.634461584268559,-1.113056321110664
expanding,2,SVR,POSNEG,2016-07-01,2.517215,2.7670461092910488,-0.24983110929104857
expanding,2,SVR,POSNEG,2016-08-01,2.514826315789474,2.84145647482392,-0.32663015903444625
expanding,2,SVR,POSNEG,2016-09-01,2.5058625,2.733445599055793,-0.227583099055793
expanding,2,SVR,POSNEG,2016-10-01,2.5015650000000003,2.957667675784057,-0.4561026757840567
expanding,2,SVR,POSNEG,2016-11-01,2.518775,2.3093342998896005,0.20944070011039972
expanding,2,SVR,POSNEG,2016-12-01,2.527788888888889,4.257199652576888,-1.7294107636879987
expanding,2,SVR,POSNEG,2017-01-01,2.51759375,4.367679022853014,-1.8500852728530135
expanding,2,SVR,POSNEG,2017-02-01,2.535536363636364,3.644208156538844,-1.1086717929024799
expanding,2,SVR,POSNEG,2017-03-01,2.5772411764705883,3.6417624235543276,-1.0645212470837393
expanding,2,SVR,POSNEG,2017-04-01,2.57815,3.3454237081976856,-0.7672737081976857
expanding,2,SVR,POSNEG,2017-05-01,2.5543,2.0125431481491693,0.5417568518508307
expanding,2,SVR,POSNEG,2017-06-01,2.5655,2.441432341666512,0.12406765833348832
expanding,2,SVR,POSNEG,2017-07-01,2.553335294117648,2.8654345624715645,-0.3120992683539163
expanding,2,SVR,POSNEG,2017-08-01,2.5712,2.026086898679351,0.5451131013206489
expanding,2,SVR,POSNEG,2017-09-01,2.65784,2.8200597037576483,-0.16221970375764805
expanding,2,SVR,POSNEG,2017-10-01,2.69046,2.925204556013596,-0.23474455601359612
expanding,2,SVR,POSNEG,2017-11-01,3.0855473684210524,3.080289051501313,0.005258316919739325
expanding,2,SVR,POSNEG,2017-12-01,3.0982380952380955,2.934749683793878,0.16348841144421744
expanding,2,SVR,POSNEG,2018-01-01,3.075673684210526,3.7025964011355246,-0.6269227169249985
expanding,2,SVR,POSNEG,2018-02-01,3.065655,4.206529417415008,-1.140874417415008
expanding,2,SVR,POSNEG,2018-03-01,3.15159,3.8539826923391165,-0.7023926923391164
expanding,2,SVR,POSNEG,2018-04-01,3.30657619047619,4.352020415632384,-1.045444225156194
expanding,2,SVR,POSNEG,2018-05-01,3.4621947368421053,4.160104753532242,-0.6979100166901371
expanding,2,SVR,POSNEG,2018-06-01,3.6392136363636367,4.30261443497757,-0.663400798613933
expanding,2,SVR,POSNEG,2018-07-01,3.934538095238095,4.357970299079693,-0.4234322038415983
expanding,2,SVR,POSNEG,2018-08-01,4.20315,4.33371973785926,-0.1305697378592603
expanding,2,SVR,POSNEG,2018-09-01,4.641321739130435,4.894728921386177,-0.2534071822557422
expanding,2,SVR,POSNEG,2018-10-01,4.782921052631579,5.373109790954782,-0.590188738323203
expanding,2,SVR,POSNEG,2018-11-01,4.948788235294118,4.881619154143338,0.06716908115078013
expanding,2,SVR,POSNEG,2018-12-01,5.096627272727273,4.987398298832288,0.10922897389498498
expanding,2,SVR,POSNEG,2019-01-01,5.116333333333333,4.345907778970741,0.7704255543625926
expanding,2,SVR,POSNEG,2019-02-01,5.169666666666667,3.8904801979730133,1.2791864686936538
expanding,2,SVR,POSNEG,2019-03-01,5.220527777777778,4.895276142421647,0.325251635356131
expanding,2,SVR,POSNEG,2019-04-01,5.035757142857143,5.204906680874341,-0.1691495380171979
expanding,2,SVR,POSNEG,2019-05-01,4.934044444444444,4.797450588405016,0.1365938560394282
expanding,2,SVR,POSNEG,2019-06-01,4.7935,4.822686872105749,-0.02918687210574955
expanding,2,SVR,POSNEG,2019-07-01,4.410036842105264,4.894996391071898,-0.48495954896663473
expanding,2,SVR,POSNEG,2019-08-01,4.32444761904762,4.8170770054957615,-0.492629386448141
expanding,2,SVR,POSNEG,2019-09-01,4.088347826086957,5.329499747953902,-1.241151921866945
expanding,2,SVR,POSNEG,2019-10-01,4.01318,4.210596606645126,-0.19741660664512573
expanding,2,SVR,POSNEG,2019-11-01,3.979216666666667,3.610372943934915,0.3688437227317518
expanding,2,SVR,POSNEG,2019-12-01,3.831255,4.591337148491794,-0.7600821484917941
expanding,2,SVR,ToneMean,2016-01-01,2.5197684210526314,2.422217243635642,0.09755117741698927
expanding,2,SVR,ToneMean,2016-02-01,2.528319047619048,2.783643490735001,-0.25532444311595315
expanding,2,SVR,ToneMean,2016-03-01,2.523847619047619,2.3181919709418146,0.20565564810580428
expanding,2,SVR,ToneMean,2016-04-01,2.525338095238096,2.674034859924914,-0.14869676468681803
expanding,2,SVR,ToneMean,2016-05-01,2.51565,3.9687727691119123,-1.4531227691119124
expanding,2,SVR,ToneMean,2016-06-01,2.5214052631578947,3.7817211883725053,-1.2603159252146106
expanding,2,SVR,ToneMean,2016-07-01,2.517215,2.76481770385887,-0.24760270385886995
expanding,2,SVR,ToneMean,2016-08-01,2.514826315789474,2.6290632183754705,-0.11423690258599661
expanding,2,SVR,ToneMean,2016-09-01,2.5058625,2.538148931625725,-0.032286431625724976
expanding,2,SVR,ToneMean,2016-10-01,2.5015650000000003,2.4201226714558564,0.0814423285441439
expanding,2,SVR,ToneMean,2016-11-01,2.518775,2.5959245085980425,-0.07714950859804226
expanding,2,SVR,ToneMean,2016-12-01,2.527788888888889,4.104492384297353,-1.5767034954084638
expanding,2,SVR,ToneMean,2017-01-01,2.51759375,4.143962595700488,-1.6263688457004881
expanding,2,SVR,ToneMean,2017-02-01,2.535536363636364,3.4260550545807678,-0.8905186909444036
expanding,2,SVR,ToneMean,2017-03-01,2.5772411764705883,3.7522674776158285,-1.1750263011452402
expanding,2,SVR,ToneMean,2017-04-01,2.57815,3.3125907360802347,-0.7344407360802347
expanding,2,SVR,ToneMean,2017-05-01,2.5543,2.089162467090314,0.46513753290968607
expanding,2,SVR,ToneMean,2017-06-01,2.5655,2.459668785922635,0.10583121407736495
expanding,2,SVR,ToneMean,2017-07-01,2.553335294117648,2.7535947076167817,-0.20025941349913357
expanding,2,SVR,ToneMean,2017-08-01,2.5712,2.2736440624829997,0.2975559375170005
expanding,2,SVR,ToneMean,2017-09-01,2.65784,2.779015471115097,-0.12117547111509674
expanding,2,SVR,ToneMean,2017-10-01,2.69046,2.8999273463604847,-0.2094673463604848
expanding,2,SVR,ToneMean,2017-11-01,3.0855473684210524,3.031725227426702,0.05382214099435023
expanding,2,SVR,ToneMean,2017-12-01,3.0982380952380955,2.8346793019023897,0.26355879333570575
expanding,2,SVR,ToneMean,2018-01-01,3.075673684210526,3.483616314908442,-0.4079426306979159
expanding,2,SVR,ToneMean,2018-02-01,3.065655,4.11501706688083,-1.0493620668808297
expanding,2,SVR,ToneMean,2018-03-01,3.15159,3.9681425657248366,-0.8165525657248365
expanding,2,SVR,ToneMean,2018-04-01,3.30657619047619,4.299927672252874,-0.993351481776684
expanding,2,SVR,ToneMean,2018-05-01,3.4621947368421053,4.384469511941237,-0.9222747750991318
expanding,2,SVR,ToneMean,2018-06-01,3.6392136363636367,4.128457485051687,-0.48924384868805015
expanding,2,SVR,ToneMean,2018-07-01,3.934538095238095,4.28923074027765,-0.35469264503955467
expanding,2,SVR,ToneMean,2018-08-01,4.20315,4.41182823694352,-0.20867823694351983
expanding,2,SVR,ToneMean,2018-09-01,4.641321739130435,4.988609967634941,-0.3472882285045067
expanding,2,SVR,ToneMean,2018-10-01,4.782921052631579,5.206000006870069,-0.4230789542384903
expanding,2,SVR,ToneMean,2018-11-01,4.948788235294118,4.780209638431797,0.16857859686232057
expanding,2,SVR,ToneMean,2018-12-01,5.096627272727273,4.719874679905163,0.3767525928221094
expanding,2,SVR,ToneMean,2019-01-01,5.116333333333333,4.157755259651363,0.95857807368197
expanding,2,SVR,ToneMean,2019-02-01,5.169666666666667,4.655074447241793,0.5145922194248742
expanding,2,SVR,ToneMean,2019-03-01,5.220527777777778,5.092913673916561,0.12761410386121685
expanding,2,SVR,ToneMean,2019-04-01,5.035757142857143,5.231242522866593,-0.19548538000944937
expanding,2,SVR,ToneMean,2019-05-01,4.934044444444444,4.664724465186257,0.26931997925818685
expanding,2,SVR,ToneMean,2019-06-01,4.7935,5.070951786245898,-0.27745178624589784
expanding,2,SVR,ToneMean,2019-07-01,4.410036842105264,5.130014031057638,-0.7199771889523747
expanding,2,SVR,ToneMean,2019-08-01,4.32444761904762,4.809658875131655,-0.4852112560840345
expanding,2,SVR,ToneMean,2019-09-01,4.088347826086957,5.170653706551322,-1.0823058804643653
expanding,2,SVR,ToneMean,2019-10-01,4.01318,4.263604511520114,-0.250424511520114
expanding,2,SVR,ToneMean,2019-11-01,3.979216666666667,3.550009561702981,0.42920710496368564
expanding,2,SVR,ToneMean,2019-12-01,3.831255,4.401946008973169,-0.5706910089731685
expanding,3,ElasticNet,NEG,2016-01-01,2.528319047619048,3.306259084761461,-0.7779400371424128
expanding,3,ElasticNet,NEG,2016-02-01,2.523847619047619,3.531658913833465,-1.0078112947858462
expanding,3,ElasticNet,NEG,2016-03-01,2.525338095238096,3.082851147624545,-0.5575130523864487
expanding,3,ElasticNet,NEG,2016-04-01,2.51565,3.4787243258926885,-0.9630743258926886
expanding,3,ElasticNet,NEG,2016-05-01,2.5214052631578947,3.846351939707648,-1.3249466765497533
expanding,3,ElasticNet,NEG,2016-06-01,2.517215,4.2540640854101435,-1.7368490854101433
expanding,3,ElasticNet,NEG,2016-07-01,2.514826315789474,3.5225293695895576,-1.0077030538000837
expanding,3,ElasticNet,NEG,2016-08-01,2.5058625,3.2156903136334054,-0.7098278136334053
expanding,3,ElasticNet,NEG,2016-09-01,2.5015650000000003,3.3150138041831525,-0.8134488041831522
expanding,3,ElasticNet,NEG,2016-10-01,2.518775,3.450246640142533,-0.9314716401425329
expanding,3,ElasticNet,NEG,2016-11-01,2.527788888888889,3.522521341217889,-0.994732452329
expanding,3,ElasticNet,NEG,2016-12-01,2.51759375,3.900082154662175,-1.3824884046621748
expanding,3,ElasticNet,NEG,2017-01-01,2.535536363636364,3.9581957584236607,-1.4226593947872965
expanding,3,ElasticNet,NEG,2017-02-01,2.5772411764705883,4.079881214829619,-1.502640038359031
expanding,3,ElasticNet,NEG,2017-03-01,2.57815,4.271539457381708,-1.6933894573817083
expanding,3,ElasticNet,NEG,2017-04-01,2.5543,4.294539437452645,-1.740239437452645
expanding,3,ElasticNet,NEG,2017-05-01,2.5655,3.4696495389653834,-0.9041495389653833
expanding,3,ElasticNet,NEG,2017-06-01,2.553335294117648,3.7602531612743353,-1.2069178671566871
expanding,3,ElasticNet,NEG,2017-07-01,2.5712,3.059312372627246,-0.48811237262724605
expanding,3,ElasticNet,NEG,2017-08-01,2.65784,2.7543706859542807,-0.09653068595428049
expanding,3,ElasticNet,NEG,2017-09-01,2.69046,3.6734468070657993,-0.9829868070657994
expanding,3,ElasticNet,NEG,2017-10-01,3.0855473684210524,3.2855634078512126,-0.20001603943016022
expanding,3,ElasticNet,NEG,2017-11-01,3.0982380952380955,4.041533647769308,-0.9432955525312123
expanding,3,ElasticNet,NEG,2017-12-01,3.075673684210526,4.173470433249311,-1.097796749038785
expanding,3,ElasticNet,NEG,2018-01-01,3.065655,4.215632450641455,-1.149977450641455
expanding,3,ElasticNet,NEG,2018-02-01,3.15159,4.126694651539125,-0.9751046515391253
expanding,3,ElasticNet,NEG,2018-03-01,3.30657619047619,4.309204072745899,-1.0026278822697092
expanding,3,ElasticNet,NEG,2018-04-01,3.4621947368421053,4.183011949050746,-0.7208172122086407
expanding,3,ElasticNet,NEG,2018-05-01,3.6392136363636367,4.870119059295597,-1.23090542293196
expanding,3,ElasticNet,NEG,2018-06-01,3.934538095238095,4.487053847072798,-0.552515751834703
expanding,3,ElasticNet,NEG,2018-07-01,4.20315,5.01899623367098,-0.81584623367098
expanding,3,ElasticNet,NEG,2018-08-01,4.641321739130435,5.445935117472663,-0.8046133783422285
expanding,3,ElasticNet,NEG,2018-09-01,4.782921052631579,5.01021590278285,-0.22729485015127082
expanding,3,ElasticNet,NEG,2018-10-01,4.948788235294118,5.506337843129902,-0.5575496078357842
expanding,3,ElasticNet,NEG,2018-11-01,5.096627272727273,5.314661300766334,-0.21803402803906113
expanding,3,ElasticNet,NEG,2018-12-01,5.116333333333333,4.7086139562278175,0.40771937710551587
expanding,3,ElasticNet,NEG,2019-01-01,5.169666666666667,4.2589664633304,0.9107002033362672
expanding,3,ElasticNet,NEG,2019-02-01,5.220527777777778,4.59726660907517,0.6232611687026077
expanding,3,ElasticNet,NEG,2019-03-01,5.035757142857143,4.263787177003469,0.7719699658536738
expanding,3,ElasticNet,NEG,2019-04-01,4.934044444444444,4.341845090901496,0.5921993535429477
expanding,3,ElasticNet,NEG,2019-05-01,4.7935,4.217140348100278,0.5763596518997218
expanding,3,ElasticNet,NEG,2019-06-01,4.410036842105264,4.320513168986287,0.08952367311897635
expanding,3,ElasticNet,NEG,2019-07-01,4.32444761904762,4.18145434323332,0.1429932758143
expanding,3,ElasticNet,NEG,2019-08-01,4.088347826086957,3.9870257612918825,0.10132206479507433
expanding,3,ElasticNet,NEG,2019-09-01,4.01318,3.6488391499675386,0.36434085003246164
expanding,3,ElasticNet,NEG,2019-10-01,3.979216666666667,3.3860907314442574,0.5931259352224094
expanding,3,ElasticNet,NEG,2019-11-01,3.831255,3.1591731418436133,0.6720818581563868
expanding,3,ElasticNet,NEG,2019-12-01,3.672726315789474,3.43255139690015,0.24017491888932385
expanding,3,ElasticNet,None,2016-01-01,2.528319047619048,3.2999629730477036,-0.7716439254286556
expanding,3,ElasticNet,None,2016-02-01,2.523847619047619,3.532207596915719,-1.0083599778681003
expanding,3,ElasticNet,None,2016-03-01,2.525338095238096,3.0778085120336454,-0.5524704167955492
expanding,3,ElasticNet,None,2016-04-01,2.51565,3.4817793961942733,-0.9661293961942734
expanding,3,ElasticNet,None,2016-05-01,2.5214052631578947,3.8524134757053616,-1.331008212547467
expanding,3,ElasticNet,None,2016-06-01,2.517215,4.256997575335765,-1.7397825753357647
expanding,3,ElasticNet,None,2016-07-01,2.514826315789474,3.521138822928938,-1.006312507139464
expanding,3,ElasticNet,None,2016-08-01,2.5058625,3.2107889172860586,-0.7049264172860585
expanding,3,ElasticNet,None,2016-09-01,2.5015650000000003,3.3021143698648685,-0.8005493698648682
expanding,3,ElasticNet,None,2016-10-01,2.518775,3.4359602408455885,-0.9171852408455883
expanding,3,ElasticNet,None,2016-11-01,2.527788888888889,3.521157326896356,-0.993368438007467
expanding,3,ElasticNet,None,2016-12-01,2.51759375,3.9000822389211236,-1.3824884889211235
expanding,3,ElasticNet,None,2017-01-01,2.535536363636364,3.941173205565444,-1.4056368419290797
expanding,3,ElasticNet,None,2017-02-01,2.5772411764705883,4.07988151238434,-1.5026403359137515
expanding,3,ElasticNet,None,2017-03-01,2.57815,4.2719456603307115,-1.6937956603307116
expanding,3,ElasticNet,None,2017-04-01,2.5543,4.293979915658732,-1.7396799156587321
expanding,3,ElasticNet,None,2017-05-01,2.5655,3.4678980736930844,-0.9023980736930843
expanding,3,ElasticNet,None,2017-06-01,2.553335294117648,3.759599287203236,-1.2062639930855878
expanding,3,ElasticNet,None,2017-07-01,2.5712,3.0593125070709526,-0.48811250707095244
expanding,3,ElasticNet,None,2017-08-01,2.65784,2.7543711346694875,-0.09653113466948726
expanding,3,ElasticNet,None,2017-09-01,2.69046,3.6734464660883166,-0.9829864660883167
expanding,3,ElasticNet,None,2017-10-01,3.0855473684210524,3.2855629358745935,-0.2000155674535411
expanding,3,ElasticNet,None,2017-11-01,3.0982380952380955,4.0415324002524695,-0.9432943050143741
expanding,3,ElasticNet,None,2017-12-01,3.075673684210526,4.173468004021931,-1.0977943198114049
expanding,3,ElasticNet,None,2018-01-01,3.065655,4.215621214542174,-1.1499662145421738
expanding,3,ElasticNet,None,2018-02-01,3.15159,4.128481790647766,-0.9768917906477657
expanding,3,ElasticNet,None,2018-03-01,3.30657619047619,4.309572082969257,-1.0029958924930673
expanding,3,ElasticNet,None,2018-04-01,3.4621947368421053,4.18836831764121,-0.7261735807991045
expanding,3,ElasticNet,None,2018-05-01,3.6392136363636367,4.868980510538864,-1.2297668741752275
expanding,3,ElasticNet,None,2018-06-01,3.934538095238095,4.494409151012155,-0.5598710557740598
expanding,3,ElasticNet,None,2018-07-01,4.20315,5.019429383203338,-0.8162793832033381
expanding,3,ElasticNet,None,2018-08-01,4.641321739130435,5.437441044207023,-0.796119305076588
expanding,3,ElasticNet,None,2018-09-01,4.782921052631579,5.004224205822358,-0.22130315319077898
expanding,3,ElasticNet,None,2018-10-01,4.948788235294118,5.508450147684412,-0.5596619123902942
expanding,3,ElasticNet,None,2018-11-01,5.096627272727273,5.315807299803738,-0.21918002707646522
expanding,3,ElasticNet,None,2018-12-01,5.116333333333333,4.715746538962463,0.4005867943708701
expanding,3,ElasticNet,None,2019-01-01,5.169666666666667,4.254026116349577,0.9156405503170904
expanding,3,ElasticNet,None,2019-02-01,5.220527777777778,4.606371865691482,0.6141559120862956
expanding,3,ElasticNet,None,2019-03-01,5.035757142857143,4.264227908778599,0.7715292340785442
expanding,3,ElasticNet,None,2019-04-01,4.934044444444444,4.346449909845531,0.5875945345989129
expanding,3,ElasticNet,None,2019-05-01,4.7935,4.216164340439292,0.577335659560708
expanding,3,ElasticNet,None,2019-06-01,4.410036842105264,4.318968606346346,0.0910682357589172
expanding,3,ElasticNet,None,2019-07-01,4.32444761904762,4.183923801112266,0.14052381793535407
expanding,3,ElasticNet,None,2019-08-01,4.088347826086957,3.9844344291469227,0.1039133969400341
expanding,3,ElasticNet,None,2019-09-01,4.01318,3.654359365133299,0.3588206348667011
expanding,3,ElasticNet,None,2019-10-01,3.979216666666667,3.3877828435223902,0.5914338231442766
expanding,3,ElasticNet,None,2019-11-01,3.831255,3.1604103447676035,0.6708446552323966
expanding,3,ElasticNet,None,2019-12-01,3.672726315789474,3.432625000397736,0.24010131539173818
expanding,3,ElasticNet,POSNEG,2016-01-01,2.528319047619048,3.872562363192198,-1.34424331557315
expanding,3,ElasticNet,POSNEG,2016-02-01,2.523847619047619,3.5693745084918502,-1.0455268894442313
expanding,3,ElasticNet,POSNEG,2016-03-01,2.525338095238096,3.1261263306281766,-0.6007882353900804
expanding,3,ElasticNet,POSNEG,2016-04-01,2.51565,3.35994790482416,-0.8442979048241601
expanding,3,ElasticNet,POSNEG,2016-05-01,2.5214052631578947,4.137150052554396,-1.615744789396501
expanding,3,ElasticNet,POSNEG,2016-06-01,2.517215,3.95605882651566,-1.4388438265156598
expanding,3,ElasticNet,POSNEG,2016-07-01,2.514826315789474,3.4233691828451405,-0.9085428670556666
expanding,3,ElasticNet,POSNEG,2016-08-01,2.5058625,3.5708764819780425,-1.0650139819780424
expanding,3,ElasticNet,POSNEG,2016-09-01,2.5015650000000003,3.5070403512573156,-1.0054753512573154
expanding,3,ElasticNet,POSNEG,2016-10-01,2.518775,3.734004192640054,-1.2152291926400536
expanding,3,ElasticNet,POSNEG,2016-11-01,2.527788888888889,3.581890571902249,-1.0541016830133603
expanding,3,ElasticNet,POSNEG,2016-12-01,2.51759375,4.0217594468835385,-1.5041656968835384
expanding,3,ElasticNet,POSNEG,2017-01-01,2.535536363636364,4.342237986272245,-1.806701622635881
expanding,3,ElasticNet,POSNEG,2017-02-01,2.5772411764705883,4.4898925521413,-1.9126513756707118
expanding,3,ElasticNet,POSNEG,2017-03-01,2.57815,4.381183328486761,-1.8030333284867615
expanding,3,ElasticNet,POSNEG,2017-04-01,2.5543,4.370736775799336,-1.8164367757993358
expanding,3,ElasticNet,POSNEG,2017-05-01,2.5655,3.3624005715656198,-0.7969005715656197
expanding,3,ElasticNet,POSNEG,2017-06-01,2.553335294117648,3.7304543120387064,-1.1771190179210582
expanding,3,ElasticNet,POSNEG,2017-07-01,2.5712,3.296681226847718,-0.7254812268477178
expanding,3,ElasticNet,POSNEG,2017-08-01,2.65784,2.9625813386468764,-0.30474133864687625
expanding,3,ElasticNet,POSNEG,2017-09-01,2.69046,3.4591693245240007,-0.7687093245240009
expanding,3,ElasticNet,POSNEG,2017-10-01,3.0855473684210524,3.6384406893582133,-0.5528933209371609
expanding,3,ElasticNet,POSNEG,2017-11-01,3.0982380952380955,4.337678255260131,-1.2394401600220353
expanding,3,ElasticNet,POSNEG,2017-12-01,3.075673684210526,4.099023370630711,-1.0233496864201848
expanding,3,ElasticNet,POSNEG,2018-01-01,3.065655,4.511216903941362,-1.4455619039413619
expanding,3,ElasticNet,POSNEG,2018-02-01,3.15159,4.44924591867526,-1.2976559186752596
expanding,3,ElasticNet,POSNEG,2018-03-01,3.30657619047619,4.308974277610168,-1.0023980871339777
expanding,3,ElasticNet,POSNEG,2018-04-01,3.4621947368421053,4.4949696108515,-1.032774874009395
expanding,3,ElasticNet,POSNEG,2018-05-01,3.6392136363636367,4.842298560978347,-1.2030849246147102
expanding,3,ElasticNet,POSNEG,2018-06-01,3.934538095238095,4.507258176420904,-0.5727200811828088
expanding,3,ElasticNet,POSNEG,2018-07-01,4.20315,5.070419745484321,-0.8672697454843208
expanding,3,ElasticNet,POSNEG,2018-08-01,4.641321739130435,5.4225540269827395,-0.7812322878523048
expanding,3,ElasticNet,POSNEG,2018-09-01,4.782921052631579,5.008983622561006,-0.22606256992942697
expanding,3,ElasticNet,POSNEG,2018-10-01,4.948788235294118,5.836457268338933,-0.8876690330448147
expanding,3,ElasticNet,POSNEG,2018-11-01,5.096627272727273,5.576103083490403,-0.4794758107631303
expanding,3,ElasticNet,POSNEG,2018-12-01,5.116333333333333,4.803215991314188,0.31311734201914554
expanding,3,ElasticNet,POSNEG,2019-01-01,5.169666666666667,4.305034809539781,0.8646318571268861
expanding,3,ElasticNet,POSNEG,2019-02-01,5.220527777777778,3.8823437808894874,1.3381839968882905
expanding,3,ElasticNet,POSNEG,2019-03-01,5.035757142857143,4.39143017564118,0.6443269672159628
expanding,3,ElasticNet,POSNEG,2019-04-01,4.934044444444444,4.481434338377446,0.4526101060669978
expanding,3,ElasticNet,POSNEG,2019-05-01,4.7935,4.301889960673204,0.4916100393267957
expanding,3,ElasticNet,POSNEG,2019-06-01,4.410036842105264,4.292970143726095,0.11706669837916817
expanding,3,ElasticNet,POSNEG,2019-07-01,4.32444761904762,4.074015428961023,0.2504321900865971
expanding,3,ElasticNet,POSNEG,2019-08-01,4.088347826086957,3.9437740894531825,0.14457373663377426
expanding,3,ElasticNet,POSNEG,2019-09-01,4.01318,3.8719797986410054,0.1412002013589948
expanding,3,ElasticNet,POSNEG,2019-10-01,3.979216666666667,3.5497818745363894,0.42943479213027747
expanding,3,ElasticNet,POSNEG,2019-11-01,3.831255,3.2482966289486637,0.5829583710513364
expanding,3,ElasticNet,POSNEG,2019-12-01,3.672726315789474,3.6232333627038136,0.049492953085660485
expanding,3,ElasticNet,ToneMean,2016-01-01,2.528319047619048,3.4168450720141523,-0.8885260243951043
expanding,3,ElasticNet,ToneMean,2016-02-01,2.523847619047619,3.5784232486560197,-1.0545756296084008
expanding,3,ElasticNet,ToneMean,2016-03-01,2.525338095238096,3.021925781463577,-0.4965876862254808
expanding,3,ElasticNet,ToneMean,2016-04-01,2.51565,3.4970933692274535,-0.9814433692274536
expanding,3,ElasticNet,ToneMean,2016-05-01,2.5214052631578947,4.002712758280436,-1.481307495122541
expanding,3,ElasticNet,ToneMean,2016-06-01,2.517215,4.18327235332116,-1.6660573533211602
expanding,3,ElasticNet,ToneMean,2016-07-01,2.514826315789474,3.479229729835736,-0.9644034140462621
expanding,3,ElasticNet,ToneMean,2016-08-01,2.5058625,3.2593645051878934,-0.7535020051878933
expanding,3,ElasticNet,ToneMean,2016-09-01,2.5015650000000003,3.261224055262608,-0.7596590552626079
expanding,3,ElasticNet,ToneMean,2016-10-01,2.518775,3.393106983888651,-0.8743319838886507
expanding,3,ElasticNet,ToneMean,2016-11-01,2.527788888888889,3.475701368394743,-0.9479124795058542
expanding,3,ElasticNet,ToneMean,2016-12-01,2.51759375,4.116631979600611,-1.5990382296006111
expanding,3,ElasticNet,ToneMean,2017-01-01,2.535536363636364,3.93304760101421,-1.397511237377846
expanding,3,ElasticNet,ToneMean,2017-02-01,2.5772411764705883,4.023032658873936,-1.4457914824033473
expanding,3,ElasticNet,ToneMean,2017-03-01,2.57815,4.312209971673722,-1.7340599716737222
expanding,3,ElasticNet,ToneMean,2017-04-01,2.5543,4.305516518000115,-1.7512165180001147
expanding,3,ElasticNet,ToneMean,2017-05-01,2.5655,3.5053181261838287,-0.9398181261838285
expanding,3,ElasticNet,ToneMean,2017-06-01,2.553335294117648,3.7854188290992905,-1.2320835349816424
expanding,3,ElasticNet,ToneMean,2017-07-01,2.5712,3.2197161690814005,-0.6485161690814003
expanding,3,ElasticNet,ToneMean,2017-08-01,2.65784,2.8548678473335913,-0.19702784733359113
expanding,3,ElasticNet,ToneMean,2017-09-01,2.69046,3.737252409469984,-1.046792409469984
expanding,3,ElasticNet,ToneMean,2017-10-01,3.0855473684210524,3.4315081090431905,-0.3459607406221381
expanding,3,ElasticNet,ToneMean,2017-11-01,3.0982380952380955,4.147316142247878,-1.049078047009783
expanding,3,ElasticNet,ToneMean,2017-12-01,3.075673684210526,4.148878055092902,-1.0732043708823755
expanding,3,ElasticNet,ToneMean,2018-01-01,3.065655,4.365018306156529,-1.2993633061565286
expanding,3,ElasticNet,ToneMean,2018-02-01,3.15159,4.288607517199148,-1.1370175171991481
expanding,3,ElasticNet,ToneMean,2018-03-01,3.30657619047619,4.317243483316658,-1.010667292840468
expanding,3,ElasticNet,ToneMean,2018-04-01,3.4621947368421053,4.323364934601706,-0.8611701977596007
expanding,3,ElasticNet,ToneMean,2018-05-01,3.6392136363636367,4.853997102308608,-1.2147834659449717
expanding,3,ElasticNet,ToneMean,2018-06-01,3.934538095238095,4.565722769476367,-0.6311846742382721
expanding,3,ElasticNet,ToneMean,2018-07-01,4.20315,5.031565725822815,-0.8284157258228149
expanding,3,ElasticNet,ToneMean,2018-08-01,4.641321739130435,5.389531625413907,-0.7482098862834725
expanding,3,ElasticNet,ToneMean,2018-09-01,4.782921052631579,4.959958767392017,-0.17703771476043784
expanding,3,ElasticNet,ToneMean,2018-10-01,4.948788235294118,5.612711537472367,-0.6639233021782491
expanding,3,ElasticNet,ToneMean,2018-11-01,5.096627272727273,5.425789026742758,-0.32916175401548564
expanding,3,ElasticNet,ToneMean,2018-12-01,5.116333333333333,4.766784196254551,0.34954913707878266
expanding,3,ElasticNet,ToneMean,2019-01-01,5.169666666666667,4.219462198653036,0.9502044680136308
expanding,3,ElasticNet,ToneMean,2019-02-01,5.220527777777778,4.509635198950744,0.7108925788270337
expanding,3,ElasticNet,ToneMean,2019-03-01,5.035757142857143,4.3006667589870125,0.7350903838701308
expanding,3,ElasticNet,ToneMean,2019-04-01,4.934044444444444,4.4284329260505215,0.5056115183939225
expanding,3,ElasticNet,ToneMean,2019-05-01,4.7935,4.216103680351635,0.5773963196483649
expanding,3,ElasticNet,ToneMean,2019-06-01,4.410036842105264,4.288823265560712,0.12121357654455167
expanding,3,ElasticNet,ToneMean,2019-07-01,4.32444761904762,4.180241051811138,0.14420656723648229
expanding,3,ElasticNet,ToneMean,2019-08-01,4.088347826086957,3.949437536278058,0.13891028980889875
expanding,3,ElasticNet,ToneMean,2019-09-01,4.01318,3.7798590456781254,0.23332095432187483
expanding,3,ElasticNet,ToneMean,2019-10-01,3.979216666666667,3.4688555902923772,0.5103610763742896
expanding,3,ElasticNet,ToneMean,2019-11-01,3.831255,3.2162786240438557,0.6149763759561444
expanding,3,ElasticNet,ToneMean,2019-12-01,3.672726315789474,3.5467088274567833,0.12601748833269077
expanding,3,Lasso,NEG,2016-01-01,2.528319047619048,3.3119257061319023,-0.7836066585128543
expanding,3,Lasso,NEG,2016-02-01,2.523847619047619,3.5347780994490416,-1.0109304804014227
expanding,3,Lasso,NEG,2016-03-01,2.525338095238096,3.0719197392993807,-0.5465816440612845
expanding,3,Lasso,NEG,2016-04-01,2.51565,3.4690778896154457,-0.9534278896154458
expanding,3,Lasso,NEG,2016-05-01,2.5214052631578947,3.8376678953865255,-1.3162626322286308
expanding,3,Lasso,NEG,2016-06-01,2.517215,4.24714814935608,-1.7299331493560794
expanding,3,Lasso,NEG,2016-07-01,2.514826315789474,3.5067906277048446,-0.9919643119153707
expanding,3,Lasso,NEG,2016-08-01,2.5058625,3.1971657270156926,-0.6913032270156925
expanding,3,Lasso,NEG,2016-09-01,2.5015650000000003,3.29739834493481,-0.7958333449348096
expanding,3,Lasso,NEG,2016-10-01,2.518775,3.4436571350771517,-0.9248821350771514
expanding,3,Lasso,NEG,2016-11-01,2.527788888888889,3.5264970901590464,-0.9987082012701576
expanding,3,Lasso,NEG,2016-12-01,2.51759375,3.8838907982582627,-1.3662970482582626
expanding,3,Lasso,NEG,2017-01-01,2.535536363636364,3.9385023108692536,-1.4029659472328895
expanding,3,Lasso,NEG,2017-02-01,2.5772411764705883,4.083449917971752,-1.5062087415011636
expanding,3,Lasso,NEG,2017-03-01,2.57815,4.281826620480139,-1.703676620480139
expanding,3,Lasso,NEG,2017-04-01,2.5543,4.3089062765521104,-1.7546062765521104
expanding,3,Lasso,NEG,2017-05-01,2.5655,3.494368984478751,-0.928868984478751
expanding,3,Lasso,NEG,2017-06-01,2.553335294117648,3.77212677568298,-1.218791481565332
expanding,3,Lasso,NEG,2017-07-01,2.5712,3.079159018564882,-0.5079590185648817
expanding,3,Lasso,NEG,2017-08-01,2.65784,2.778162567220117,-0.12032256722011692
expanding,3,Lasso,NEG,2017-09-01,2.69046,3.6794642589291016,-0.9890042589291017
expanding,3,Lasso,NEG,2017-10-01,3.0855473684210524,3.2978282331636937,-0.2122808647426413
expanding,3,Lasso,NEG,2017-11-01,3.0982380952380955,4.047270404386174,-0.9490323091480781
expanding,3,Lasso,NEG,2017-12-01,3.075673684210526,4.173175549481857,-1.0975018652713309
expanding,3,Lasso,NEG,2018-01-01,3.065655,4.208775600396203,-1.1431206003962031
expanding,3,Lasso,NEG,2018-02-01,3.15159,4.126956959891007,-0.9753669598910073
expanding,3,Lasso,NEG,2018-03-01,3.30657619047619,4.306028135052669,-0.9994519445764789
expanding,3,Lasso,NEG,2018-04-01,3.4621947368421053,4.195856506930393,-0.7336617700882875
expanding,3,Lasso,NEG,2018-05-01,3.6392136363636367,4.869445079662607,-1.2302314432989703
expanding,3,Lasso,NEG,2018-06-01,3.934538095238095,4.495045332276745,-0.5605072370386499
expanding,3,Lasso,NEG,2018-07-01,4.20315,4.995887095732703,-0.7927370957327033
expanding,3,Lasso,NEG,2018-08-01,4.641321739130435,5.404058151176493,-0.762736412046058
expanding,3,Lasso,NEG,2018-09-01,4.782921052631579,4.990794946484075,-0.20787389385249622
expanding,3,Lasso,NEG,2018-10-01,4.948788235294118,5.466463324738279,-0.5176750894441611
expanding,3,Lasso,NEG,2018-11-01,5.096627272727273,5.282491065077603,-0.18586379235033057
expanding,3,Lasso,NEG,2018-12-01,5.116333333333333,4.7027640686998256,0.41356926463350785
expanding,3,Lasso,NEG,2019-01-01,5.169666666666667,4.240339619607559,0.9293270470591084
expanding,3,Lasso,NEG,2019-02-01,5.220527777777778,4.585259907528944,0.6352678702488337
expanding,3,Lasso,NEG,2019-03-01,5.035757142857143,4.246788367108665,0.7889687757484785
expanding,3,Lasso,NEG,2019-04-01,4.934044444444444,4.323261578835773,0.6107828656086713
expanding,3,Lasso,NEG,2019-05-01,4.7935,4.195524273972294,0.5979757260277054
expanding,3,Lasso,NEG,2019-06-01,4.410036842105264,4.307594884189394,0.10244195791586996
expanding,3,Lasso,NEG,2019-07-01,4.32444761904762,4.174573141916079,0.149874477131541
expanding,3,Lasso,NEG,2019-08-01,4.088347826086957,3.92972223501726,0.15862559106969698
expanding,3,Lasso,NEG,2019-09-01,4.01318,3.641497567794711,0.3716824322052892
expanding,3,Lasso,NEG,2019-10-01,3.979216666666667,3.3970833601051282,0.5821333065615386
expanding,3,Lasso,NEG,2019-11-01,3.831255,3.1749264648098525,0.6563285351901476
expanding,3,Lasso,NEG,2019-12-01,3.672726315789474,3.4384831623823224,0.23424315340715163
expanding,3,Lasso,None,2016-01-01,2.528319047619048,3.308188899822739,-0.7798698522036909
expanding,3,Lasso,None,2016-02-01,2.523847619047619,3.5350474353657084,-1.0111998163180895
expanding,3,Lasso,None,2016-03-01,2.525338095238096,3.0694329198669945,-0.5440948246288984
expanding,3,Lasso,None,2016-04-01,2.51565,3.4702532213097417,-0.9546032213097417
expanding,3,Lasso,None,2016-05-01,2.5214052631578947,3.840823742337081,-1.3194184791791863
expanding,3,Lasso,None,2016-06-01,2.517215,4.249052308972644,-1.7318373089726435
expanding,3,Lasso,None,2016-07-01,2.514826315789474,3.505827098729929,-0.9910007829404552
expanding,3,Lasso,None,2016-08-01,2.5058625,3.1938403305264154,-0.6879778305264153
expanding,3,Lasso,None,2016-09-01,2.5015650000000003,3.288821876829908,-0.7872568768299075
expanding,3,Lasso,None,2016-10-01,2.518775,3.4360096343043276,-0.9172346343043274
expanding,3,Lasso,None,2016-11-01,2.527788888888889,3.5264975891269943,-0.9987087002381054
expanding,3,Lasso,None,2016-12-01,2.51759375,3.8838908429182863,-1.3662970929182863
expanding,3,Lasso,None,2017-01-01,2.535536363636364,3.928842920169137,-1.3933065565327727
expanding,3,Lasso,None,2017-02-01,2.5772411764705883,4.083449857987967,-1.5062086815173785
expanding,3,Lasso,None,2017-03-01,2.57815,4.281826769210115,-1.703676769210115
expanding,3,Lasso,None,2017-04-01,2.5543,4.308906573623351,-1.754606573623351
expanding,3,Lasso,None,2017-05-01,2.5655,3.494368984478751,-0.928868984478751
expanding,3,Lasso,None,2017-06-01,2.553335294117648,3.77212677568298,-1.218791481565332
expanding,3,Lasso,None,2017-07-01,2.5712,3.079159018564882,-0.5079590185648817
expanding,3,Lasso,None,2017-08-01,2.65784,2.778162567220117,-0.12032256722011692
expanding,3,Lasso,None,2017-09-01,2.69046,3.6794642589291016,-0.9890042589291017
expanding,3,Lasso,None,2017-10-01,3.0855473684210524,3.2978281838696297,-0.21228081544857735
expanding,3,Lasso,None,2017-11-01,3.0982380952380955,4.047270248930104,-0.9490321536920088
expanding,3,Lasso,None,2017-12-01,3.075673684210526,4.173174961951276,-1.0975012777407502
expanding,3,Lasso,None,2018-01-01,3.065655,4.208772340487943,-1.1431173404879433
expanding,3,Lasso,None,2018-02-01,3.15159,4.126946436325029,-0.9753564363250287
expanding,3,Lasso,None,2018-03-01,3.30657619047619,4.306114244144973,-0.9995380536687826
expanding,3,Lasso,None,2018-04-01,3.4621947368421053,4.196845401569894,-0.7346506647277891
expanding,3,Lasso,None,2018-05-01,3.6392136363636367,4.868741735506258,-1.229528099142621
expanding,3,Lasso,None,2018-06-01,3.934538095238095,4.49775735480147,-0.5632192595633749
expanding,3,Lasso,None,2018-07-01,4.20315,4.996004928674908,-0.7928549286749078
expanding,3,Lasso,None,2018-08-01,4.641321739130435,5.399696294146365,-0.75837455501593
expanding,3,Lasso,None,2018-09-01,4.782921052631579,4.988717754999588,-0.2057967023680085
expanding,3,Lasso,None,2018-10-01,4.948788235294118,5.4669857316385775,-0.5181974963444596
expanding,3,Lasso,None,2018-11-01,5.096627272727273,5.282770391949384,-0.18614311922211169
expanding,3,Lasso,None,2018-12-01,5.116333333333333,4.705164874073054,0.41116845926027956
expanding,3,Lasso,None,2019-01-01,5.169666666666667,4.2395956680254825,0.9300709986411846
expanding,3,Lasso,None,2019-02-01,5.220527777777778,4.5891465583642095,0.6313812194135684
expanding,3,Lasso,None,2019-03-01,5.035757142857143,4.24684513800427,0.7889120048528735
expanding,3,Lasso,None,2019-04-01,4.934044444444444,4.323967891250569,0.610076553193875
expanding,3,Lasso,None,2019-05-01,4.7935,4.195521408363638,0.5979785916363616
expanding,3,Lasso,None,2019-06-01,4.410036842105264,4.307591489968988,0.10244535213627515
expanding,3,Lasso,None,2019-07-01,4.32444761904762,4.174571360495374,0.14987625855224618
expanding,3,Lasso,None,2019-08-01,4.088347826086957,3.929710362292429,0.1586374637945278
expanding,3,Lasso,None,2019-09-01,4.01318,3.6414964441121187,0.3716835558878815
expanding,3,Lasso,None,2019-10-01,3.979216666666667,3.397084841532876,0.582131825133791
expanding,3,Lasso,None,2019-11-01,3.831255,3.17492713438146,0.6563278656185401
expanding,3,Lasso,None,2019-12-01,3.672726315789474,3.438483296543429,0.23424301924604496
expanding,3,Lasso,POSNEG,2016-01-01,2.528319047619048,3.8732801008157245,-1.3449610531966765
expanding,3,Lasso,POSNEG,2016-02-01,2.523847619047619,3.572271247008106,-1.0484236279604873
expanding,3,Lasso,POSNEG,2016-03-01,2.525338095238096,3.118092008258834,-0.5927539130207378
expanding,3,Lasso,POSNEG,2016-04-01,2.51565,3.351769816012041,-0.8361198160120411
expanding,3,Lasso,POSNEG,2016-05-01,2.5214052631578947,4.122559060188702,-1.6011537970308072
expanding,3,Lasso,POSNEG,2016-06-01,2.517215,3.948005434820799,-1.430790434820799
expanding,3,Lasso,POSNEG,2016-07-01,2.514826315789474,3.4090572268196864,-0.8942309110302125
expanding,3,Lasso,POSNEG,2016-08-01,2.5058625,3.5659619661911437,-1.0600994661911436
expanding,3,Lasso,POSNEG,2016-09-01,2.5015650000000003,3.5002658714621533,-0.998700871462153
expanding,3,Lasso,POSNEG,2016-10-01,2.518775,3.726375952056766,-1.2076009520567657
expanding,3,Lasso,POSNEG,2016-11-01,2.527788888888889,3.580976834016364,-1.0531879451274753
expanding,3,Lasso,POSNEG,2016-12-01,2.51759375,4.029396330602907,-1.511802580602907
expanding,3,Lasso,POSNEG,2017-01-01,2.535536363636364,4.3241531201526,-1.7886167565162356
expanding,3,Lasso,POSNEG,2017-02-01,2.5772411764705883,4.459987225116824,-1.8827460486462355
expanding,3,Lasso,POSNEG,2017-03-01,2.57815,4.381143410900499,-1.8029934109004992
expanding,3,Lasso,POSNEG,2017-04-01,2.5543,4.372412452170934,-1.8181124521709342
expanding,3,Lasso,POSNEG,2017-05-01,2.5655,3.394296067623312,-0.8287960676233119
expanding,3,Lasso,POSNEG,2017-06-01,2.553335294117648,3.7452501618043135,-1.1919148676866653
expanding,3,Lasso,POSNEG,2017-07-01,2.5712,3.316899035176395,-0.7456990351763948
expanding,3,Lasso,POSNEG,2017-08-01,2.65784,2.986012125334253,-0.32817212533425266
expanding,3,Lasso,POSNEG,2017-09-01,2.69046,3.4725065292553072,-0.7820465292553074
expanding,3,Lasso,POSNEG,2017-10-01,3.0855473684210524,3.646085202998271,-0.5605378345772185
expanding,3,Lasso,POSNEG,2017-11-01,3.0982380952380955,4.3371497113319055,-1.23891161609381
expanding,3,Lasso,POSNEG,2017-12-01,3.075673684210526,4.09979781341685,-1.024124129206324
expanding,3,Lasso,POSNEG,2018-01-01,3.065655,4.500211780739611,-1.434556780739611
expanding,3,Lasso,POSNEG,2018-02-01,3.15159,4.444104413187455,-1.292514413187455
expanding,3,Lasso,POSNEG,2018-03-01,3.30657619047619,4.304626363999299,-0.9980501735231089
expanding,3,Lasso,POSNEG,2018-04-01,3.4621947368421053,4.502133117350219,-1.0399383805081137
expanding,3,Lasso,POSNEG,2018-05-01,3.6392136363636367,4.839743187778942,-1.2005295514153054
expanding,3,Lasso,POSNEG,2018-06-01,3.934538095238095,4.51305796637117,-0.5785198711330746
expanding,3,Lasso,POSNEG,2018-07-01,4.20315,5.04272067446503,-0.8395706744650298
expanding,3,Lasso,POSNEG,2018-08-01,4.641321739130435,5.377105753294066,-0.7357840141636309
expanding,3,Lasso,POSNEG,2018-09-01,4.782921052631579,4.987606470958146,-0.20468541832656673
expanding,3,Lasso,POSNEG,2018-10-01,4.948788235294118,5.784930679994751,-0.8361424447006334
expanding,3,Lasso,POSNEG,2018-11-01,5.096627272727273,5.534096441647521,-0.43746916892024856
expanding,3,Lasso,POSNEG,2018-12-01,5.116333333333333,4.79381726937436,0.3225160639589735
expanding,3,Lasso,POSNEG,2019-01-01,5.169666666666667,4.286792366395026,0.8828743002716415
expanding,3,Lasso,POSNEG,2019-02-01,5.220527777777778,3.882781804863422,1.3377459729143557
expanding,3,Lasso,POSNEG,2019-03-01,5.035757142857143,4.370235074985384,0.665522067871759
expanding,3,Lasso,POSNEG,2019-04-01,4.934044444444444,4.458043353494461,0.4760010909499828
expanding,3,Lasso,POSNEG,2019-05-01,4.7935,4.277589334734145,0.5159106652658547
expanding,3,Lasso,POSNEG,2019-06-01,4.410036842105264,4.280173825363584,0.12986301674167944
expanding,3,Lasso,POSNEG,2019-07-01,4.32444761904762,4.069923204357615,0.25452441469000586
expanding,3,Lasso,POSNEG,2019-08-01,4.088347826086957,3.886850898976329,0.20149692711062794
expanding,3,Lasso,POSNEG,2019-09-01,4.01318,3.8600106297306165,0.1531693702693837
expanding,3,Lasso,POSNEG,2019-10-01,3.979216666666667,3.559412615971209,0.4198040506954577
expanding,3,Lasso,POSNEG,2019-11-01,3.831255,3.265881675037166,0.5653733249628341
expanding,3,Lasso,POSNEG,2019-12-01,3.672726315789474,3.6325099636553135,0.04021635213416053
expanding,3,Lasso,ToneMean,2016-01-01,2.528319047619048,3.4231011471334143,-0.8947820995143663
expanding,3,Lasso,ToneMean,2016-02-01,2.523847619047619,3.5804361136185143,-1.0565884945708954
expanding,3,Lasso,ToneMean,2016-03-01,2.525338095238096,3.0163074592941466,-0.4909693640560504
expanding,3,Lasso,ToneMean,2016-04-01,2.51565,3.4854642102357727,-0.9698142102357727
expanding,3,Lasso,ToneMean,2016-05-01,2.5214052631578947,3.9869059608100166,-1.4655006976521219
expanding,3,Lasso,ToneMean,2016-06-01,2.517215,4.174825760410501,-1.6576107604105008
expanding,3,Lasso,ToneMean,2016-07-01,2.514826315789474,3.4649385134932804,-0.9501121977038065
expanding,3,Lasso,ToneMean,2016-08-01,2.5058625,3.2424919577735607,-0.7366294577735606
expanding,3,Lasso,ToneMean,2016-09-01,2.5015650000000003,3.2496323748109988,-0.7480673748109985
expanding,3,Lasso,ToneMean,2016-10-01,2.518775,3.3945440494058223,-0.8757690494058221
expanding,3,Lasso,ToneMean,2016-11-01,2.527788888888889,3.4828946502456324,-0.9551057613567435
expanding,3,Lasso,ToneMean,2016-12-01,2.51759375,4.096025087067882,-1.5784313370678817
expanding,3,Lasso,ToneMean,2017-01-01,2.535536363636364,3.9262539833545254,-1.3907176197181612
expanding,3,Lasso,ToneMean,2017-02-01,2.5772411764705883,4.021634498753084,-1.4443933222824956
expanding,3,Lasso,ToneMean,2017-03-01,2.57815,4.321121505302757,-1.7429715053027568
expanding,3,Lasso,ToneMean,2017-04-01,2.5543,4.3198160818090106,-1.7655160818090105
expanding,3,Lasso,ToneMean,2017-05-01,2.5655,3.5315903171629834,-0.9660903171629833
expanding,3,Lasso,ToneMean,2017-06-01,2.553335294117648,3.798960299809229,-1.245625005691581
expanding,3,Lasso,ToneMean,2017-07-01,2.5712,3.233858686958137,-0.662658686958137
expanding,3,Lasso,ToneMean,2017-08-01,2.65784,2.8773992613797192,-0.21955926137971904
expanding,3,Lasso,ToneMean,2017-09-01,2.69046,3.7405346358998335,-1.0500746358998336
expanding,3,Lasso,ToneMean,2017-10-01,3.0855473684210524,3.437822570094137,-0.35227520167308457
expanding,3,Lasso,ToneMean,2017-11-01,3.0982380952380955,4.1487054613696515,-1.050467366131556
expanding,3,Lasso,ToneMean,2017-12-01,3.075673684210526,4.149291894194573,-1.0736182099840472
expanding,3,Lasso,ToneMean,2018-01-01,3.065655,4.349350317594317,-1.2836953175943173
expanding,3,Lasso,ToneMean,2018-02-01,3.15159,4.2819604999529535,-1.1303704999529534
expanding,3,Lasso,ToneMean,2018-03-01,3.30657619047619,4.312884516786232,-1.0063083263100419
expanding,3,Lasso,ToneMean,2018-04-01,3.4621947368421053,4.323347445238406,-0.8611527083963009
expanding,3,Lasso,ToneMean,2018-05-01,3.6392136363636367,4.848615687422612,-1.2094020510589751
expanding,3,Lasso,ToneMean,2018-06-01,3.934538095238095,4.566192953536318,-0.6316548582982233
expanding,3,Lasso,ToneMean,2018-07-01,4.20315,5.00591887480689,-0.8027688748068904
expanding,3,Lasso,ToneMean,2018-08-01,4.641321739130435,5.3509507418966695,-0.7096290027662349
expanding,3,Lasso,ToneMean,2018-09-01,4.782921052631579,4.944610839715028,-0.16168978708344905
expanding,3,Lasso,ToneMean,2018-10-01,4.948788235294118,5.566108609961427,-0.617320374667309
expanding,3,Lasso,ToneMean,2018-11-01,5.096627272727273,5.391617848636498,-0.2949905759092255
expanding,3,Lasso,ToneMean,2018-12-01,5.116333333333333,4.756083227895761,0.3602501054375722
expanding,3,Lasso,ToneMean,2019-01-01,5.169666666666667,4.210134840087106,0.9595318265795614
expanding,3,Lasso,ToneMean,2019-02-01,5.220527777777778,4.494182398009086,0.7263453797686923
expanding,3,Lasso,ToneMean,2019-03-01,5.035757142857143,4.281595861347607,0.7541612815095364
expanding,3,Lasso,ToneMean,2019-04-01,4.934044444444444,4.402833840062435,0.5312106043820091
expanding,3,Lasso,ToneMean,2019-05-01,4.7935,4.195059876462578,0.5984401235374222
expanding,3,Lasso,ToneMean,2019-06-01,4.410036842105264,4.2779467678885705,0.13209007421669305
expanding,3,Lasso,ToneMean,2019-07-01,4.32444761904762,4.1709893202151225,0.15345829883249795
expanding,3,Lasso,ToneMean,2019-08-01,4.088347826086957,3.8950487880039972,0.19329903808295956
expanding,3,Lasso,ToneMean,2019-09-01,4.01318,3.763540284873245,0.2496397151267553
expanding,3,Lasso,ToneMean,2019-10-01,3.979216666666667,3.4768195285157213,0.5023971381509456
expanding,3,Lasso,ToneMean,2019-11-01,3.831255,3.230343793926462,0.6009112060735382
expanding,3,Lasso,ToneMean,2019-12-01,3.672726315789474,3.550334289583666,0.12239202620580825
expanding,3,OLS,NEG,2016-01-01,2.528319047619048,3.2860275081823542,-0.7577084605633062
expanding,3,OLS,NEG,2016-02-01,2.523847619047619,3.5207281166046567,-0.9968804975570378
expanding,3,OLS,NEG,2016-03-01,2.525338095238096,3.0543278496368322,-0.5289897543987361
expanding,3,OLS,NEG,2016-04-01,2.51565,3.4788032011505243,-0.9631532011505244
expanding,3,OLS,NEG,2016-05-01,2.5214052631578947,3.8712724655915096,-1.349867202433615
expanding,3,OLS,NEG,2016-06-01,2.517215,4.311540490403984,-1.7943254904039838
expanding,3,OLS,NEG,2016-07-01,2.514826315789474,3.528511684082199,-1.013685368292725
expanding,3,OLS,NEG,2016-08-01,2.5058625,3.2010040015234416,-0.6951415015234415
expanding,3,OLS,NEG,2016-09-01,2.5015650000000003,3.3078569339796102,-0.80629193397961
expanding,3,OLS,NEG,2016-10-01,2.518775,3.4431197440272046,-0.9243447440272043
expanding,3,OLS,NEG,2016-11-01,2.527788888888889,3.497363276247395,-0.9695743873585063
expanding,3,OLS,NEG,2016-12-01,2.51759375,3.8940248867075624,-1.3764311367075623
expanding,3,OLS,NEG,2017-01-01,2.535536363636364,3.9666309840689724,-1.4310946204326083
expanding,3,OLS,NEG,2017-02-01,2.5772411764705883,4.066717585117963,-1.4894764086473744
expanding,3,OLS,NEG,2017-03-01,2.57815,4.264910747200303,-1.686760747200303
expanding,3,OLS,NEG,2017-04-01,2.5543,4.286197591606563,-1.7318975916065633
expanding,3,OLS,NEG,2017-05-01,2.5655,3.4355091998495935,-0.8700091998495934
expanding,3,OLS,NEG,2017-06-01,2.553335294117648,3.7509907449677566,-1.1976554508501085
expanding,3,OLS,NEG,2017-07-01,2.5712,3.0085703406748308,-0.4373703406748306
expanding,3,OLS,NEG,2017-08-01,2.65784,2.689300847959697,-0.031460847959696725
expanding,3,OLS,NEG,2017-09-01,2.69046,3.6756133064933354,-0.9851533064933355
expanding,3,OLS,NEG,2017-10-01,3.0855473684210524,3.256645669250535,-0.1710983008294824
expanding,3,OLS,NEG,2017-11-01,3.0982380952380955,4.050118116047594,-0.9518800208094986
expanding,3,OLS,NEG,2017-12-01,3.075673684210526,4.192912279825704,-1.1172385956151776
expanding,3,OLS,NEG,2018-01-01,3.065655,4.237628990077635,-1.171973990077635
expanding,3,OLS,NEG,2018-02-01,3.15159,4.115158058559041,-0.9635680585590412
expanding,3,OLS,NEG,2018-03-01,3.30657619047619,4.300211982977319,-0.993635792501129
expanding,3,OLS,NEG,2018-04-01,3.4621947368421053,4.1543158780518255,-0.6921211412097201
expanding,3,OLS,NEG,2018-05-01,3.6392136363636367,4.889370885675547,-1.25015724931191
expanding,3,OLS,NEG,2018-06-01,3.934538095238095,4.481227212018183,-0.546689116780088
expanding,3,OLS,NEG,2018-07-01,4.20315,5.077744819845623,-0.8745948198456235
expanding,3,OLS,NEG,2018-08-01,4.641321739130435,5.534202949848463,-0.892881210718028
expanding,3,OLS,NEG,2018-09-01,4.782921052631579,5.045444198192588,-0.2625231455610093
expanding,3,OLS,NEG,2018-10-01,4.948788235294118,5.581758081641753,-0.6329698463476348
expanding,3,OLS,NEG,2018-11-01,5.096627272727273,5.373381744544097,-0.2767544718168242
expanding,3,OLS,NEG,2018-12-01,5.116333333333333,4.717882080479107,0.3984512528542261
expanding,3,OLS,NEG,2019-01-01,5.169666666666667,4.274486579104454,0.8951800875622133
expanding,3,OLS,NEG,2019-02-01,5.220527777777778,4.61643752438003,0.6040902533977475
expanding,3,OLS,NEG,2019-03-01,5.035757142857143,4.287656508509585,0.7481006343475585
expanding,3,OLS,NEG,2019-04-01,4.934044444444444,4.371376965535179,0.5626674789092654
expanding,3,OLS,NEG,2019-05-01,4.7935,4.2489969903381635,0.5445030096618364
expanding,3,OLS,NEG,2019-06-01,4.410036842105264,4.339735386906945,0.07030145519831876
expanding,3,OLS,NEG,2019-07-01,4.32444761904762,4.189215115258258,0.13523250378936247
expanding,3,OLS,NEG,2019-08-01,4.088347826086957,4.070521454732935,0.017826371354021653
expanding,3,OLS,NEG,2019-09-01,4.01318,3.6509390085814912,0.36224099141850896
expanding,3,OLS,NEG,2019-10-01,3.979216666666667,3.351980379200758,0.6272362874659088
expanding,3,OLS,NEG,2019-11-01,3.831255,3.1131341844122518,0.7181208155877483
expanding,3,OLS,NEG,2019-12-01,3.672726315789474,3.3996394825538934,0.2730868332355807
expanding,3,OLS,None,2016-01-01,2.528319047619048,3.2764725405016697,-0.7481534928826217
expanding,3,OLS,None,2016-02-01,2.523847619047619,3.5216696586622174,-0.9978220396145985
expanding,3,OLS,None,2016-03-01,2.525338095238096,3.046043183420051,-0.520705088181955
expanding,3,OLS,None,2016-04-01,2.51565,3.484439884355951,-0.9687898843559513
expanding,3,OLS,None,2016-05-01,2.5214052631578947,3.881249139680917,-1.3598438765230223
expanding,3,OLS,None,2016-06-01,2.517215,4.315635143929868,-1.7984201439298682
expanding,3,OLS,None,2016-07-01,2.514826315789474,3.526589847949265,-1.011763532159791
expanding,3,OLS,None,2016-08-01,2.5058625,3.194173365320645,-0.6883108653206449
expanding,3,OLS,None,2016-09-01,2.5015650000000003,3.2891096139124905,-0.7875446139124902
expanding,3,OLS,None,2016-10-01,2.518775,3.419428025977383,-0.9006530259773826
expanding,3,OLS,None,2016-11-01,2.527788888888889,3.492182635946883,-0.964393747057994
expanding,3,OLS,None,2016-12-01,2.51759375,3.903458120462691,-1.385864370462691
expanding,3,OLS,None,2017-01-01,2.535536363636364,3.9391510964265724,-1.4036147327902082
expanding,3,OLS,None,2017-02-01,2.5772411764705883,4.056183141026704,-1.4789419645561157
expanding,3,OLS,None,2017-03-01,2.57815,4.265649818693806,-1.687499818693806
expanding,3,OLS,None,2017-04-01,2.5543,4.28517776385226,-1.7308777638522597
expanding,3,OLS,None,2017-05-01,2.5655,3.4328083567515697,-0.8673083567515696
expanding,3,OLS,None,2017-06-01,2.553335294117648,3.7493517741321503,-1.1960164800145021
expanding,3,OLS,None,2017-07-01,2.5712,3.0060370746856298,-0.4348370746856296
expanding,3,OLS,None,2017-08-01,2.65784,2.68902170133065,-0.03118170133064968
expanding,3,OLS,None,2017-09-01,2.69046,3.674348115905853,-0.9838881159058532
expanding,3,OLS,None,2017-10-01,3.0855473684210524,3.2576202014050244,-0.17207283298397202
expanding,3,OLS,None,2017-11-01,3.0982380952380955,4.050412090529209,-0.9521739952911132
expanding,3,OLS,None,2017-12-01,3.075673684210526,4.193584293125892,-1.1179106089153659
expanding,3,OLS,None,2018-01-01,3.065655,4.241127512352047,-1.1754725123520466
expanding,3,OLS,None,2018-02-01,3.15159,4.12278913612869,-0.9711991361286896
expanding,3,OLS,None,2018-03-01,3.30657619047619,4.301991753741854,-0.9954155632656638
expanding,3,OLS,None,2018-04-01,3.4621947368421053,4.165378550965577,-0.7031838141234714
expanding,3,OLS,None,2018-05-01,3.6392136363636367,4.887276959344219,-1.2480633229805824
expanding,3,OLS,None,2018-06-01,3.934538095238095,4.494409682330669,-0.5598715870925743
expanding,3,OLS,None,2018-07-01,4.20315,5.078215015378037,-0.8750650153780368
expanding,3,OLS,None,2018-08-01,4.641321739130435,5.520087854183945,-0.8787661150535104
expanding,3,OLS,None,2018-09-01,4.782921052631579,5.034590525241697,-0.25166947261011785
expanding,3,OLS,None,2018-10-01,4.948788235294118,5.585548874079955,-0.6367606387858373
expanding,3,OLS,None,2018-11-01,5.096627272727273,5.375142216387044,-0.27851494365977114
expanding,3,OLS,None,2018-12-01,5.116333333333333,4.730651491006597,0.3856818423267363
expanding,3,OLS,None,2019-01-01,5.169666666666667,4.264544903964138,0.905121762702529
expanding,3,OLS,None,2019-02-01,5.220527777777778,4.631709543297231,0.5888182344805468
expanding,3,OLS,None,2019-03-01,5.035757142857143,4.288496216271183,0.7472609265859607
expanding,3,OLS,None,2019-04-01,4.934044444444444,4.380631863218142,0.5534125812263024
expanding,3,OLS,None,2019-05-01,4.7935,4.246587322984009,0.5469126770159907
expanding,3,OLS,None,2019-06-01,4.410036842105264,4.336140937363766,0.07389590474149799
expanding,3,OLS,None,2019-07-01,4.32444761904762,4.194862022148374,0.1295855968992461
expanding,3,OLS,None,2019-08-01,4.088347826086957,4.064364511495852,0.023983314591104588
expanding,3,OLS,None,2019-09-01,4.01318,3.663733683401354,0.34944631659864633
expanding,3,OLS,None,2019-10-01,3.979216666666667,3.3571206183505407,0.6220960483161262
expanding,3,OLS,None,2019-11-01,3.831255,3.1185908491149896,0.7126641508850105
expanding,3,OLS,None,2019-12-01,3.672726315789474,3.407920497758221,0.2648058180312529
expanding,3,OLS,POSNEG,2016-01-01,2.528319047619048,3.8600883742615686,-1.3317693266425206
expanding,3,OLS,POSNEG,2016-02-01,2.523847619047619,3.5591214024700237,-1.0352737834224048
expanding,3,OLS,POSNEG,2016-03-01,2.525338095238096,3.1016455654126625,-0.5763074701745663
expanding,3,OLS,POSNEG,2016-04-01,2.51565,3.358621121383833,-0.8429711213838331
expanding,3,OLS,POSNEG,2016-05-01,2.5214052631578947,4.163060331764425,-1.6416550686065299
expanding,3,OLS,POSNEG,2016-06-01,2.517215,4.005189076940377,-1.487974076940377
expanding,3,OLS,POSNEG,2016-07-01,2.514826315789474,3.4283815726023414,-0.9135552568128675
expanding,3,OLS,POSNEG,2016-08-01,2.5058625,3.562607612760038,-1.056745112760038
expanding,3,OLS,POSNEG,2016-09-01,2.5015650000000003,3.4902779957039405,-0.9887129957039402
expanding,3,OLS,POSNEG,2016-10-01,2.518775,3.7313069340554126,-1.2125319340554124
expanding,3,OLS,POSNEG,2016-11-01,2.527788888888889,3.5646323091029934,-1.0368434202141046
expanding,3,OLS,POSNEG,2016-12-01,2.51759375,3.991386233395879,-1.4737924833958789
expanding,3,OLS,POSNEG,2017-01-01,2.535536363636364,4.348904747942979,-1.8133683843066146
expanding,3,OLS,POSNEG,2017-02-01,2.5772411764705883,4.519271508347946,-1.9420303318773575
expanding,3,OLS,POSNEG,2017-03-01,2.57815,4.387551267099111,-1.809401267099111
expanding,3,OLS,POSNEG,2017-04-01,2.5543,4.364704439363455,-1.8104044393634546
expanding,3,OLS,POSNEG,2017-05-01,2.5655,3.3193378433644893,-0.7538378433644892
expanding,3,OLS,POSNEG,2017-06-01,2.553335294117648,3.7145844968484707,-1.1612492027308225
expanding,3,OLS,POSNEG,2017-07-01,2.5712,3.2430996255276954,-0.6718996255276952
expanding,3,OLS,POSNEG,2017-08-01,2.65784,2.900969388460358,-0.2431293884603578
expanding,3,OLS,POSNEG,2017-09-01,2.69046,3.4510230749160824,-0.7605630749160825
expanding,3,OLS,POSNEG,2017-10-01,3.0855473684210524,3.6144590516557003,-0.5289116832346479
expanding,3,OLS,POSNEG,2017-11-01,3.0982380952380955,4.3492947878279,-1.2510566925898048
expanding,3,OLS,POSNEG,2017-12-01,3.075673684210526,4.114262011713626,-1.0385883275030996
expanding,3,OLS,POSNEG,2018-01-01,3.065655,4.535242547966414,-1.4695875479664138
expanding,3,OLS,POSNEG,2018-02-01,3.15159,4.441666861879873,-1.2900768618798728
expanding,3,OLS,POSNEG,2018-03-01,3.30657619047619,4.296007527612859,-0.9894313371366685
expanding,3,OLS,POSNEG,2018-04-01,3.4621947368421053,4.470387769653934,-1.0081930328118287
expanding,3,OLS,POSNEG,2018-05-01,3.6392136363636367,4.858442737369916,-1.2192291010062797
expanding,3,OLS,POSNEG,2018-06-01,3.934538095238095,4.500012235318868,-0.5654741400807732
expanding,3,OLS,POSNEG,2018-07-01,4.20315,5.126617694240182,-0.9234676942401823
expanding,3,OLS,POSNEG,2018-08-01,4.641321739130435,5.50611500400247,-0.8647932648720351
expanding,3,OLS,POSNEG,2018-09-01,4.782921052631579,5.042155179886942,-0.2592341272553629
expanding,3,OLS,POSNEG,2018-10-01,4.948788235294118,5.913817941297615,-0.9650297060034969
expanding,3,OLS,POSNEG,2018-11-01,5.096627272727273,5.634829953966436,-0.5382026812391638
expanding,3,OLS,POSNEG,2018-12-01,5.116333333333333,4.811211550615971,0.3051217827173627
expanding,3,OLS,POSNEG,2019-01-01,5.169666666666667,4.3201314737197904,0.8495351929468766
expanding,3,OLS,POSNEG,2019-02-01,5.220527777777778,3.888476850898677,1.3320509268791008
expanding,3,OLS,POSNEG,2019-03-01,5.035757142857143,4.416515551407418,0.6192415914497253
expanding,3,OLS,POSNEG,2019-04-01,4.934044444444444,4.511863490461906,0.4221809539825383
expanding,3,OLS,POSNEG,2019-05-01,4.7935,4.334612895678919,0.4588871043210805
expanding,3,OLS,POSNEG,2019-06-01,4.410036842105264,4.311345352439611,0.09869148966565255
expanding,3,OLS,POSNEG,2019-07-01,4.32444761904762,4.080219725615134,0.24422789343248663
expanding,3,OLS,POSNEG,2019-08-01,4.088347826086957,4.0262840837898075,0.06206374229714928
expanding,3,OLS,POSNEG,2019-09-01,4.01318,3.8780483489689197,0.1351316510310805
expanding,3,OLS,POSNEG,2019-10-01,3.979216666666667,3.5197490817599437,0.4594675849067231
expanding,3,OLS,POSNEG,2019-11-01,3.831255,3.2054620259429685,0.6257929740570316
expanding,3,OLS,POSNEG,2019-12-01,3.672726315789474,3.594535868846039,0.07819044694343491
expanding,3,OLS,ToneMean,2016-01-01,2.528319047619048,3.393398074420211,-0.8650790268011628
expanding,3,OLS,ToneMean,2016-02-01,2.523847619047619,3.5679106501941322,-1.0440630311465133
expanding,3,OLS,ToneMean,2016-03-01,2.525338095238096,2.991909611183379,-0.466571515945283
expanding,3,OLS,ToneMean,2016-04-01,2.51565,3.4999296210894535,-0.9842796210894535
expanding,3,OLS,ToneMean,2016-05-01,2.5214052631578947,4.030010292532105,-1.5086050293742104
expanding,3,OLS,ToneMean,2016-06-01,2.517215,4.240108120147433,-1.7228931201474325
expanding,3,OLS,ToneMean,2016-07-01,2.514826315789474,3.4849774499038926,-0.9701511341144187
expanding,3,OLS,ToneMean,2016-08-01,2.5058625,3.243705376560051,-0.7378428765600509
expanding,3,OLS,ToneMean,2016-09-01,2.5015650000000003,3.249233135780013,-0.7476681357800126
expanding,3,OLS,ToneMean,2016-10-01,2.518775,3.3772274770971284,-0.8584524770971282
expanding,3,OLS,ToneMean,2016-11-01,2.527788888888889,3.4478398512809454,-0.9200509623920565
expanding,3,OLS,ToneMean,2016-12-01,2.51759375,4.119149237067592,-1.6015554870675923
expanding,3,OLS,ToneMean,2017-01-01,2.535536363636364,3.9316169184502225,-1.3960805548138584
expanding,3,OLS,ToneMean,2017-02-01,2.5772411764705883,4.014350294447102,-1.4371091179765134
expanding,3,OLS,ToneMean,2017-03-01,2.57815,4.305222661031412,-1.7270726610314124
expanding,3,OLS,ToneMean,2017-04-01,2.5543,4.2983960704289,-1.7440960704289004
expanding,3,OLS,ToneMean,2017-05-01,2.5655,3.4622598478482507,-0.8967598478482506
expanding,3,OLS,ToneMean,2017-06-01,2.553335294117648,3.7709929626610195,-1.2176576685433713
expanding,3,OLS,ToneMean,2017-07-01,2.5712,3.1667647765416573,-0.5955647765416572
expanding,3,OLS,ToneMean,2017-08-01,2.65784,2.7901587634426592,-0.13231876344265903
expanding,3,OLS,ToneMean,2017-09-01,2.69046,3.737660161117197,-1.047200161117197
expanding,3,OLS,ToneMean,2017-10-01,3.0855473684210524,3.4044027316034366,-0.3188553631823843
expanding,3,OLS,ToneMean,2017-11-01,3.0982380952380955,4.155681811246586,-1.0574437160084904
expanding,3,OLS,ToneMean,2017-12-01,3.075673684210526,4.166658998234428,-1.0909853140239023
expanding,3,OLS,ToneMean,2018-01-01,3.065655,4.390793941613289,-1.325138941613289
expanding,3,OLS,ToneMean,2018-02-01,3.15159,4.287811144799166,-1.136221144799166
expanding,3,OLS,ToneMean,2018-03-01,3.30657619047619,4.314770694147292,-1.0081945036711017
expanding,3,OLS,ToneMean,2018-04-01,3.4621947368421053,4.298674488120212,-0.8364797512781066
expanding,3,OLS,ToneMean,2018-05-01,3.6392136363636367,4.871234802895274,-1.2320211665316374
expanding,3,OLS,ToneMean,2018-06-01,3.934538095238095,4.564414251992751,-0.6298761567546562
expanding,3,OLS,ToneMean,2018-07-01,4.20315,5.088355439789816,-0.8852054397898161
expanding,3,OLS,ToneMean,2018-08-01,4.641321739130435,5.470211944108572,-0.828890204978137
expanding,3,OLS,ToneMean,2018-09-01,4.782921052631579,4.989257775366623,-0.20633672273504367
expanding,3,OLS,ToneMean,2018-10-01,4.948788235294118,5.68739873100546,-0.7386104957113417
expanding,3,OLS,ToneMean,2018-11-01,5.096627272727273,5.482332114284943,-0.38570484155767026
expanding,3,OLS,ToneMean,2018-12-01,5.116333333333333,4.779991414114533,0.33634191921880063
expanding,3,OLS,ToneMean,2019-01-01,5.169666666666667,4.229664988887644,0.9400016777790228
expanding,3,OLS,ToneMean,2019-02-01,5.220527777777778,4.535358606324716,0.6851691714530617
expanding,3,OLS,ToneMean,2019-03-01,5.035757142857143,4.3238777562357,0.711879386621443
expanding,3,OLS,ToneMean,2019-04-01,4.934044444444444,4.460851093831351,0.4731933506130934
expanding,3,OLS,ToneMean,2019-05-01,4.7935,4.246083323900695,0.5474166760993047
expanding,3,OLS,ToneMean,2019-06-01,4.410036842105264,4.306079734902977,0.10395710720228646
expanding,3,OLS,ToneMean,2019-07-01,4.32444761904762,4.191223639798782,0.13322397924883855
expanding,3,OLS,ToneMean,2019-08-01,4.088347826086957,4.029228062490448,0.05911976359650861
expanding,3,OLS,ToneMean,2019-09-01,4.01318,3.787812139238754,0.22536786076124615
expanding,3,OLS,ToneMean,2019-10-01,3.979216666666667,3.4379713636254863,0.5412453030411806
expanding,3,OLS,ToneMean,2019-11-01,3.831255,3.1748878942208827,0.6563671057791174
expanding,3,OLS,ToneMean,2019-12-01,3.672726315789474,3.521738007049793,0.15098830873968128
expanding,3,Ridge,NEG,2016-01-01,2.528319047619048,3.2943938357752534,-0.7660747881562053
expanding,3,Ridge,NEG,2016-02-01,2.523847619047619,3.5250849085880773,-1.0012372895404584
expanding,3,Ridge,NEG,2016-03-01,2.525338095238096,3.0765458198533167,-0.5512077246152205
expanding,3,Ridge,NEG,2016-04-01,2.51565,3.483908293047496,-0.9682582930474961
expanding,3,Ridge,NEG,2016-05-01,2.5214052631578947,3.861693236297749,-1.3402879731398545
expanding,3,Ridge,NEG,2016-06-01,2.517215,4.282680257364777,-1.7654652573647764
expanding,3,Ridge,NEG,2016-07-01,2.514826315789474,3.53353560809235,-1.018709292302876
expanding,3,Ridge,NEG,2016-08-01,2.5058625,3.2190688334859425,-0.7132063334859424
expanding,3,Ridge,NEG,2016-09-01,2.5015650000000003,3.3211788166164684,-0.8196138166164681
expanding,3,Ridge,NEG,2016-10-01,2.518775,3.4504447521439863,-0.9316697521439861
expanding,3,Ridge,NEG,2016-11-01,2.527788888888889,3.509621274038003,-0.9818323851491142
expanding,3,Ridge,NEG,2016-12-01,2.51759375,3.9024712029836675,-1.3848774529836674
expanding,3,Ridge,NEG,2017-01-01,2.535536363636364,3.9740950224920337,-1.4385586588556696
expanding,3,Ridge,NEG,2017-02-01,2.5772411764705883,4.067746259038845,-1.4905050825682569
expanding,3,Ridge,NEG,2017-03-01,2.57815,4.262796345560261,-1.6846463455602612
expanding,3,Ridge,NEG,2017-04-01,2.5543,4.28301545499187,-1.7287154549918697
expanding,3,Ridge,NEG,2017-05-01,2.5655,3.4419910126654893,-0.8764910126654892
expanding,3,Ridge,NEG,2017-06-01,2.553335294117648,3.7492727408803566,-1.1959374467627084
expanding,3,Ridge,NEG,2017-07-01,2.5712,3.0283939179182537,-0.4571939179182536
expanding,3,Ridge,NEG,2017-08-01,2.65784,2.711300541179295,-0.053460541179294996
expanding,3,Ridge,NEG,2017-09-01,2.69046,3.6728895921705726,-0.9824295921705728
expanding,3,Ridge,NEG,2017-10-01,3.0855473684210524,3.266161520011903,-0.1806141515908508
expanding,3,Ridge,NEG,2017-11-01,3.0982380952380955,4.042802223542129,-0.9445641283040334
expanding,3,Ridge,NEG,2017-12-01,3.075673684210526,4.1819415715065364,-1.1062678872960103
expanding,3,Ridge,NEG,2018-01-01,3.065655,4.230738971872344,-1.165083971872344
expanding,3,Ridge,NEG,2018-02-01,3.15159,4.119334704399722,-0.9677447043997218
expanding,3,Ridge,NEG,2018-03-01,3.30657619047619,4.300788170486655,-0.9942119800104647
expanding,3,Ridge,NEG,2018-04-01,3.4621947368421053,4.159676782428933,-0.697482045586828
expanding,3,Ridge,NEG,2018-05-01,3.6392136363636367,4.8792820770104335,-1.2400684406467968
expanding,3,Ridge,NEG,2018-06-01,3.934538095238095,4.479692576053097,-0.5451544808150017
expanding,3,Ridge,NEG,2018-07-01,4.20315,5.058442213172526,-0.8552922131725262
expanding,3,Ridge,NEG,2018-08-01,4.641321739130435,5.509270382928156,-0.8679486437977211
expanding,3,Ridge,NEG,2018-09-01,4.782921052631579,5.036500775739253,-0.2535797231076735
expanding,3,Ridge,NEG,2018-10-01,4.948788235294118,5.562719754521886,-0.6139315192277683
expanding,3,Ridge,NEG,2018-11-01,5.096627272727273,5.359173501192764,-0.26254622846549136
expanding,3,Ridge,NEG,2018-12-01,5.116333333333333,4.715984950558624,0.40034838277470897
expanding,3,Ridge,NEG,2019-01-01,5.169666666666667,4.275389511105235,0.894277155561432
expanding,3,Ridge,NEG,2019-02-01,5.220527777777778,4.612533331250325,0.6079944465274529
expanding,3,Ridge,NEG,2019-03-01,5.035757142857143,4.283874433641259,0.7518827092158844
expanding,3,Ridge,NEG,2019-04-01,4.934044444444444,4.365681009715669,0.5683634347287754
expanding,3,Ridge,NEG,2019-05-01,4.7935,4.243776052594048,0.5497239474059521
expanding,3,Ridge,NEG,2019-06-01,4.410036842105264,4.336516651250814,0.07352019085444983
expanding,3,Ridge,NEG,2019-07-01,4.32444761904762,4.188585787124596,0.13586183192302403
expanding,3,Ridge,NEG,2019-08-01,4.088347826086957,4.057443486673286,0.03090433941367099
expanding,3,Ridge,NEG,2019-09-01,4.01318,3.653064328492345,0.3601156715076552
expanding,3,Ridge,NEG,2019-10-01,3.979216666666667,3.3624558041981345,0.6167608624685323
expanding,3,Ridge,NEG,2019-11-01,3.831255,3.126408827962274,0.7048461720377261
expanding,3,Ridge,NEG,2019-12-01,3.672726315789474,3.409061497147583,0.26366481864189106
expanding,3,Ridge,None,2016-01-01,2.528319047619048,3.285258303836404,-0.7569392562173558
expanding,3,Ridge,None,2016-02-01,2.523847619047619,3.5259514036230977,-1.0021037845754788
expanding,3,Ridge,None,2016-03-01,2.525338095238096,3.0686408343478417,-0.5433027391097456
expanding,3,Ridge,None,2016-04-01,2.51565,3.4891205704543866,-0.9734705704543867
expanding,3,Ridge,None,2016-05-01,2.5214052631578947,3.871087477265694,-1.349682214107799
expanding,3,Ridge,None,2016-06-01,2.517215,4.286728747441325,-1.7695137474413247
expanding,3,Ridge,None,2016-07-01,2.514826315789474,3.531666198936072,-1.0168398831465981
expanding,3,Ridge,None,2016-08-01,2.5058625,3.2124337551640028,-0.7065712551640027
expanding,3,Ridge,None,2016-09-01,2.5015650000000003,3.303295664403242,-0.8017306644032418
expanding,3,Ridge,None,2016-10-01,2.518775,3.4283054279128073,-0.9095304279128071
expanding,3,Ridge,None,2016-11-01,2.527788888888889,3.5050596785147645,-0.9772707896258757
expanding,3,Ridge,None,2016-12-01,2.51759375,3.910046559944373,-1.392452809944373
expanding,3,Ridge,None,2017-01-01,2.535536363636364,3.9483792886958087,-1.4128429250594445
expanding,3,Ridge,None,2017-02-01,2.5772411764705883,4.059247654803926,-1.4820064783333375
expanding,3,Ridge,None,2017-03-01,2.57815,4.263630145685652,-1.685480145685652
expanding,3,Ridge,None,2017-04-01,2.5543,4.281832184995026,-1.727532184995026
expanding,3,Ridge,None,2017-05-01,2.5655,3.438865605556326,-0.8733656055563257
expanding,3,Ridge,None,2017-06-01,2.553335294117648,3.7472875849400844,-1.1939522908224363
expanding,3,Ridge,None,2017-07-01,2.5712,3.025092877961259,-0.453892877961259
expanding,3,Ridge,None,2017-08-01,2.65784,2.710856925107622,-0.053016925107622015
expanding,3,Ridge,None,2017-09-01,2.69046,3.670826716266855,-0.9803667162668552
expanding,3,Ridge,None,2017-10-01,3.0855473684210524,3.2668023108205557,-0.18125494239950335
expanding,3,Ridge,None,2017-11-01,3.0982380952380955,4.043018860033957,-0.9447807647958615
expanding,3,Ridge,None,2017-12-01,3.075673684210526,4.1824595232916675,-1.1067858390811414
expanding,3,Ridge,None,2018-01-01,3.065655,4.233588097842878,-1.167933097842878
expanding,3,Ridge,None,2018-02-01,3.15159,4.126209448079067,-0.9746194480790673
expanding,3,Ridge,None,2018-03-01,3.30657619047619,4.302465032750097,-0.9958888422739065
expanding,3,Ridge,None,2018-04-01,3.4621947368421053,4.170035871069832,-0.7078411342277264
expanding,3,Ridge,None,2018-05-01,3.6392136363636367,4.87740579983206,-1.238192163468423
expanding,3,Ridge,None,2018-06-01,3.934538095238095,4.492249949053665,-0.5577118538155701
expanding,3,Ridge,None,2018-07-01,4.20315,5.059137034695158,-0.8559870346951577
expanding,3,Ridge,None,2018-08-01,4.641321739130435,5.496064509872743,-0.8547427707423081
expanding,3,Ridge,None,2018-09-01,4.782921052631579,5.026224910975591,-0.24330385834401191
expanding,3,Ridge,None,2018-10-01,4.948788235294118,5.566534010403735,-0.6177457751096167
expanding,3,Ridge,None,2018-11-01,5.096627272727273,5.3610457460172665,-0.2644184732899939
expanding,3,Ridge,None,2018-12-01,5.116333333333333,4.728377310085463,0.38795602324787026
expanding,3,Ridge,None,2019-01-01,5.169666666666667,4.265915525469906,0.9037511411967607
expanding,3,Ridge,None,2019-02-01,5.220527777777778,4.627336165796403,0.5931916119813749
expanding,3,Ridge,None,2019-03-01,5.035757142857143,4.284740440187614,0.7510167026695296
expanding,3,Ridge,None,2019-04-01,4.934044444444444,4.374576570143457,0.5594678743009869
expanding,3,Ridge,None,2019-05-01,4.7935,4.241541846537756,0.5519581534622438
expanding,3,Ridge,None,2019-06-01,4.410036842105264,4.333147105938487,0.07688973616677686
expanding,3,Ridge,None,2019-07-01,4.32444761904762,4.193955584239116,0.1304920348085048
expanding,3,Ridge,None,2019-08-01,4.088347826086957,4.051690116613638,0.036657709473319144
expanding,3,Ridge,None,2019-09-01,4.01318,3.665200810437673,0.3479791895623272
expanding,3,Ridge,None,2019-10-01,3.979216666666667,3.3672493071662073,0.6119673595004596
expanding,3,Ridge,None,2019-11-01,3.831255,3.1314745770919177,0.6997804229080824
expanding,3,Ridge,None,2019-12-01,3.672726315789474,3.4167187201394364,0.2560075956500376
expanding,3,Ridge,POSNEG,2016-01-01,2.528319047619048,3.866857092608128,-1.3385380449890798
expanding,3,Ridge,POSNEG,2016-02-01,2.523847619047619,3.5632128689067564,-1.0393652498591375
expanding,3,Ridge,POSNEG,2016-03-01,2.525338095238096,3.1199619404770056,-0.5946238452389094
expanding,3,Ridge,POSNEG,2016-04-01,2.51565,3.3636872208602044,-0.8480372208602045
expanding,3,Ridge,POSNEG,2016-05-01,2.5214052631578947,4.156207102994207,-1.6348018398363124
expanding,3,Ridge,POSNEG,2016-06-01,2.517215,3.981586273600879,-1.4643712736008787
expanding,3,Ridge,POSNEG,2016-07-01,2.514826315789474,3.4331509315322015,-0.9183246157427276
expanding,3,Ridge,POSNEG,2016-08-01,2.5058625,3.5780462830107806,-1.0721837830107805
expanding,3,Ridge,POSNEG,2016-09-01,2.5015650000000003,3.5013913376266035,-0.9998263376266032
expanding,3,Ridge,POSNEG,2016-10-01,2.518775,3.73677860059135,-1.21800360059135
expanding,3,Ridge,POSNEG,2016-11-01,2.527788888888889,3.5747815168294146,-1.0469926279405257
expanding,3,Ridge,POSNEG,2016-12-01,2.51759375,4.000620489966158,-1.4830267399661579
expanding,3,Ridge,POSNEG,2017-01-01,2.535536363636364,4.354848685344498,-1.819312321708134
expanding,3,Ridge,POSNEG,2017-02-01,2.5772411764705883,4.519168936225134,-1.9419277597545461
expanding,3,Ridge,POSNEG,2017-03-01,2.57815,4.38590472969995,-1.8077547296999503
expanding,3,Ridge,POSNEG,2017-04-01,2.5543,4.362050248541047,-1.8077502485410473
expanding,3,Ridge,POSNEG,2017-05-01,2.5655,3.3245260786558957,-0.7590260786558956
expanding,3,Ridge,POSNEG,2017-06-01,2.553335294117648,3.7130733858149245,-1.1597380916972764
expanding,3,Ridge,POSNEG,2017-07-01,2.5712,3.2617741786137753,-0.6905741786137751
expanding,3,Ridge,POSNEG,2017-08-01,2.65784,2.9211325539146746,-0.26329255391467443
expanding,3,Ridge,POSNEG,2017-09-01,2.69046,3.448541988791075,-0.758081988791075
expanding,3,Ridge,POSNEG,2017-10-01,3.0855473684210524,3.6244701907733274,-0.5389228223522751
expanding,3,Ridge,POSNEG,2017-11-01,3.0982380952380955,4.343859700467669,-1.2456216052295734
expanding,3,Ridge,POSNEG,2017-12-01,3.075673684210526,4.10467713631901,-1.0290034521084839
expanding,3,Ridge,POSNEG,2018-01-01,3.065655,4.53107990412704,-1.46542490412704
expanding,3,Ridge,POSNEG,2018-02-01,3.15159,4.44762759669575,-1.2960375966957502
expanding,3,Ridge,POSNEG,2018-03-01,3.30657619047619,4.297527615892054,-0.9909514254158642
expanding,3,Ridge,POSNEG,2018-04-01,3.4621947368421053,4.4775361288367295,-1.0153413919946241
expanding,3,Ridge,POSNEG,2018-05-01,3.6392136363636367,4.850806563100551,-1.2115929267369139
expanding,3,Ridge,POSNEG,2018-06-01,3.934538095238095,4.500249260718936,-0.5657111654808413
expanding,3,Ridge,POSNEG,2018-07-01,4.20315,5.11087447324446,-0.9077244732444605
expanding,3,Ridge,POSNEG,2018-08-01,4.641321739130435,5.485258668881143,-0.8439369297507087
expanding,3,Ridge,POSNEG,2018-09-01,4.782921052631579,5.035204097316963,-0.25228304468538365
expanding,3,Ridge,POSNEG,2018-10-01,4.948788235294118,5.899454187888582,-0.9506659525944636
expanding,3,Ridge,POSNEG,2018-11-01,5.096627272727273,5.625338831855081,-0.5287115591278084
expanding,3,Ridge,POSNEG,2018-12-01,5.116333333333333,4.812131863963371,0.3042014693699624
expanding,3,Ridge,POSNEG,2019-01-01,5.169666666666667,4.322212852874407,0.84745381379226
expanding,3,Ridge,POSNEG,2019-02-01,5.220527777777778,3.8847282290146037,1.3357995487631742
expanding,3,Ridge,POSNEG,2019-03-01,5.035757142857143,4.414136575348637,0.621620567508506
expanding,3,Ridge,POSNEG,2019-04-01,4.934044444444444,4.508010177442437,0.42603426700200675
expanding,3,Ridge,POSNEG,2019-05-01,4.7935,4.330156212156737,0.4633437878432627
expanding,3,Ridge,POSNEG,2019-06-01,4.410036842105264,4.308397376696596,0.10163946540866764
expanding,3,Ridge,POSNEG,2019-07-01,4.32444761904762,4.079071468946557,0.2453761501010634
expanding,3,Ridge,POSNEG,2019-08-01,4.088347826086957,4.013296391856874,0.0750514342300832
expanding,3,Ridge,POSNEG,2019-09-01,4.01318,3.8807183099601446,0.13246169003985564
expanding,3,Ridge,POSNEG,2019-10-01,3.979216666666667,3.5295177992595015,0.44969886740716536
expanding,3,Ridge,POSNEG,2019-11-01,3.831255,3.21752003909242,0.6137349609075802
expanding,3,Ridge,POSNEG,2019-12-01,3.672726315789474,3.6037253011241175,0.06900101466535657
expanding,3,Ridge,ToneMean,2016-01-01,2.528319047619048,3.4032942060568487,-0.8749751584378007
expanding,3,Ridge,ToneMean,2016-02-01,2.523847619047619,3.572649947663032,-1.048802328615413
expanding,3,Ridge,ToneMean,2016-03-01,2.525338095238096,3.01196304813627,-0.48662495289817365
expanding,3,Ridge,ToneMean,2016-04-01,2.51565,3.5045689613078053,-0.9889189613078053
expanding,3,Ridge,ToneMean,2016-05-01,2.5214052631578947,4.023071447167112,-1.5016661840092174
expanding,3,Ridge,ToneMean,2016-06-01,2.517215,4.212535303315686,-1.695320303315686
expanding,3,Ridge,ToneMean,2016-07-01,2.514826315789474,3.4893210135333446,-0.9744946977438707
expanding,3,Ridge,ToneMean,2016-08-01,2.5058625,3.261390130515299,-0.7555276305152989
expanding,3,Ridge,ToneMean,2016-09-01,2.5015650000000003,3.2619154345057586,-0.7603504345057583
expanding,3,Ridge,ToneMean,2016-10-01,2.518775,3.3849895039314797,-0.8662145039314795
expanding,3,Ridge,ToneMean,2016-11-01,2.527788888888889,3.459116190722984,-0.9313273018340951
expanding,3,Ridge,ToneMean,2016-12-01,2.51759375,4.1286113082293046,-1.6110175582293045
expanding,3,Ridge,ToneMean,2017-01-01,2.535536363636364,3.940162829644813,-1.4046264660084486
expanding,3,Ridge,ToneMean,2017-02-01,2.5772411764705883,4.016411148422314,-1.439169971951726
expanding,3,Ridge,ToneMean,2017-03-01,2.57815,4.304099732614392,-1.7259497326143922
expanding,3,Ridge,ToneMean,2017-04-01,2.5543,4.2955606757641505,-1.7412606757641504
expanding,3,Ridge,ToneMean,2017-05-01,2.5655,3.4685521757220297,-0.9030521757220296
expanding,3,Ridge,ToneMean,2017-06-01,2.553335294117648,3.76969190612281,-1.2163566120051619
expanding,3,Ridge,ToneMean,2017-07-01,2.5712,3.1873971633920495,-0.6161971633920493
expanding,3,Ridge,ToneMean,2017-08-01,2.65784,2.8124457594361667,-0.1546057594361665
expanding,3,Ridge,ToneMean,2017-09-01,2.69046,3.735682116181776,-1.045222116181776
expanding,3,Ridge,ToneMean,2017-10-01,3.0855473684210524,3.415877207330081,-0.3303298389090288
expanding,3,Ridge,ToneMean,2017-11-01,3.0982380952380955,4.150862834169084,-1.0526247389309886
expanding,3,Ridge,ToneMean,2017-12-01,3.075673684210526,4.156092989578544,-1.0804193053680176
expanding,3,Ridge,ToneMean,2018-01-01,3.065655,4.386677298060238,-1.3210222980602384
expanding,3,Ridge,ToneMean,2018-02-01,3.15159,4.294504402653608,-1.142914402653608
expanding,3,Ridge,ToneMean,2018-03-01,3.30657619047619,4.315896009910081,-1.009319819433891
expanding,3,Ridge,ToneMean,2018-04-01,3.4621947368421053,4.306311745209369,-0.8441170083672636
expanding,3,Ridge,ToneMean,2018-05-01,3.6392136363636367,4.862196504597974,-1.2229828682343373
expanding,3,Ridge,ToneMean,2018-06-01,3.934538095238095,4.564379093711372,-0.6298409984732767
expanding,3,Ridge,ToneMean,2018-07-01,4.20315,5.071357078677596,-0.868207078677596
expanding,3,Ridge,ToneMean,2018-08-01,4.641321739130435,5.447523238307991,-0.8062014991775559
expanding,3,Ridge,ToneMean,2018-09-01,4.782921052631579,4.981366232126662,-0.19844517949508322
expanding,3,Ridge,ToneMean,2018-10-01,4.948788235294118,5.6720933155104,-0.7233050802162824
expanding,3,Ridge,ToneMean,2018-11-01,5.096627272727273,5.472086364078161,-0.37545909135088884
expanding,3,Ridge,ToneMean,2018-12-01,5.116333333333333,4.779712724129278,0.3366206092040551
expanding,3,Ridge,ToneMean,2019-01-01,5.169666666666667,4.231019408179628,0.9386472584870393
expanding,3,Ridge,ToneMean,2019-02-01,5.220527777777778,4.529829216409237,0.6906985613685412
expanding,3,Ridge,ToneMean,2019-03-01,5.035757142857143,4.321432450756431,0.7143246921007123
expanding,3,Ridge,ToneMean,2019-04-01,4.934044444444444,4.457139497439215,0.4769049470052291
expanding,3,Ridge,ToneMean,2019-05-01,4.7935,4.241419533860739,0.5520804661392607
expanding,3,Ridge,ToneMean,2019-06-01,4.410036842105264,4.302780216427321,0.10725662567794281
expanding,3,Ridge,ToneMean,2019-07-01,4.32444761904762,4.190245105701081,0.13420251334653965
expanding,3,Ridge,ToneMean,2019-08-01,4.088347826086957,4.016376945912053,0.07197088017490394
expanding,3,Ridge,ToneMean,2019-09-01,4.01318,3.791623272835734,0.22155672716426622
expanding,3,Ridge,ToneMean,2019-10-01,3.979216666666667,3.448916278490116,0.5303003881765509
expanding,3,Ridge,ToneMean,2019-11-01,3.831255,3.1878595652933224,0.6433954347066777
expanding,3,Ridge,ToneMean,2019-12-01,3.672726315789474,3.531756363104529,0.14096995268494528
expanding,3,SVR,NEG,2016-01-01,2.528319047619048,2.005114602924772,0.5232044446942758
expanding,3,SVR,NEG,2016-02-01,2.523847619047619,2.827855432071594,-0.30400781302397517
expanding,3,SVR,NEG,2016-03-01,2.525338095238096,2.201941159835795,0.3233969354023012
expanding,3,SVR,NEG,2016-04-01,2.51565,2.603678327642557,-0.08802832764255708
expanding,3,SVR,NEG,2016-05-01,2.5214052631578947,3.7653757265673047,-1.24397046340941
expanding,3,SVR,NEG,2016-06-01,2.517215,3.724291032272078,-1.2070760322720777
expanding,3,SVR,NEG,2016-07-01,2.514826315789474,2.664223369432713,-0.14939705364323919
expanding,3,SVR,NEG,2016-08-01,2.5058625,2.4435322855957806,0.062330214404219486
expanding,3,SVR,NEG,2016-09-01,2.5015650000000003,2.7726881052091215,-0.2711231052091212
expanding,3,SVR,NEG,2016-10-01,2.518775,3.1616872285724353,-0.6429122285724351
expanding,3,SVR,NEG,2016-11-01,2.527788888888889,2.4115734343338833,0.11621545455500559
expanding,3,SVR,NEG,2016-12-01,2.51759375,4.1150228872761945,-1.5974291372761944
expanding,3,SVR,NEG,2017-01-01,2.535536363636364,4.524788142408688,-1.9892517787723243
expanding,3,SVR,NEG,2017-02-01,2.5772411764705883,3.508004892398426,-0.9307637159278377
expanding,3,SVR,NEG,2017-03-01,2.57815,3.4883910452477798,-0.9102410452477798
expanding,3,SVR,NEG,2017-04-01,2.5543,3.2013216206581276,-0.6470216206581276
expanding,3,SVR,NEG,2017-05-01,2.5655,2.02228845977377,0.5432115402262303
expanding,3,SVR,NEG,2017-06-01,2.553335294117648,2.4978335355966363,0.0555017585210118
expanding,3,SVR,NEG,2017-07-01,2.5712,2.470475861147456,0.10072413885254416
expanding,3,SVR,NEG,2017-08-01,2.65784,1.997261309858585,0.6605786901414152
expanding,3,SVR,NEG,2017-09-01,2.69046,3.018405614296313,-0.3279456142963131
expanding,3,SVR,NEG,2017-10-01,3.0855473684210524,2.388649117664567,0.6968982507564854
expanding,3,SVR,NEG,2017-11-01,3.0982380952380955,2.652120013202745,0.4461180820353503
expanding,3,SVR,NEG,2017-12-01,3.075673684210526,3.014209978166257,0.061463706044269095
expanding,3,SVR,NEG,2018-01-01,3.065655,3.451060581994122,-0.3854055819941218
expanding,3,SVR,NEG,2018-02-01,3.15159,4.084618660336025,-0.9330286603360247
expanding,3,SVR,NEG,2018-03-01,3.30657619047619,3.9707173356011167,-0.6641411451249266
expanding,3,SVR,NEG,2018-04-01,3.4621947368421053,4.316714112277651,-0.854519375435546
expanding,3,SVR,NEG,2018-05-01,3.6392136363636367,4.261859211355401,-0.6226455749917643
expanding,3,SVR,NEG,2018-06-01,3.934538095238095,4.373463890425337,-0.43892579518724206
expanding,3,SVR,NEG,2018-07-01,4.20315,4.158428071331803,0.044721928668196576
expanding,3,SVR,NEG,2018-08-01,4.641321739130435,4.503882389970642,0.13743934915979228
expanding,3,SVR,NEG,2018-09-01,4.782921052631579,4.947807378443013,-0.16488632581143392
expanding,3,SVR,NEG,2018-10-01,4.948788235294118,5.359953857699952,-0.411165622405834
expanding,3,SVR,NEG,2018-11-01,5.096627272727273,4.865401539531682,0.2312257331955907
expanding,3,SVR,NEG,2018-12-01,5.116333333333333,4.897945697695894,0.21838763563743946
expanding,3,SVR,NEG,2019-01-01,5.169666666666667,4.117923701132123,1.0517429655345438
expanding,3,SVR,NEG,2019-02-01,5.220527777777778,4.703820409668464,0.516707368109314
expanding,3,SVR,NEG,2019-03-01,5.035757142857143,4.401087165188207,0.6346699776689366
expanding,3,SVR,NEG,2019-04-01,4.934044444444444,4.687103295282921,0.24694114916152277
expanding,3,SVR,NEG,2019-05-01,4.7935,4.717154544736891,0.07634545526310887
expanding,3,SVR,NEG,2019-06-01,4.410036842105264,4.987417876540691,-0.5773810344354278
expanding,3,SVR,NEG,2019-07-01,4.32444761904762,5.39183562626315,-1.0673880072155297
expanding,3,SVR,NEG,2019-08-01,4.088347826086957,4.937574244777392,-0.849226418690435
expanding,3,SVR,NEG,2019-09-01,4.01318,4.234271880182253,-0.2210918801822528
expanding,3,SVR,NEG,2019-10-01,3.979216666666667,3.5134885076994027,0.46572815896726416
expanding,3,SVR,NEG,2019-11-01,3.831255,3.5299713920289624,0.3012836079710377
expanding,3,SVR,NEG,2019-12-01,3.672726315789474,4.107122507560225,-0.4343961917707513
expanding,3,SVR,None,2016-01-01,2.528319047619048,2.162301256007742,0.3660177916113061
expanding,3,SVR,None,2016-02-01,2.523847619047619,2.978143345622411,-0.454295726574792
expanding,3,SVR,None,2016-03-01,2.525338095238096,2.4292874189360347,0.09605067630206143
expanding,3,SVR,None,2016-04-01,2.51565,2.542250993670438,-0.02660099367043811
expanding,3,SVR,None,2016-05-01,2.5214052631578947,3.5079614895074878,-0.9865562263495931
expanding,3,SVR,None,2016-06-01,2.517215,3.5492308632123066,-1.0320158632123064
expanding,3,SVR,None,2016-07-01,2.514826315789474,2.5473959217966033,-0.03256960600712944
expanding,3,SVR,None,2016-08-01,2.5058625,2.5205800696339082,-0.014717569633908134
expanding,3,SVR,None,2016-09-01,2.5015650000000003,2.4914044463839313,0.010160553616068935
expanding,3,SVR,None,2016-10-01,2.518775,2.4653877449045054,0.0533872550954948
expanding,3,SVR,None,2016-11-01,2.527788888888889,2.684775435910436,-0.15698654702154702
expanding,3,SVR,None,2016-12-01,2.51759375,3.745629836113383,-1.228036086113383
expanding,3,SVR,None,2017-01-01,2.535536363636364,4.2209335202838325,-1.6853971566474684
expanding,3,SVR,None,2017-02-01,2.5772411764705883,3.3723594175700455,-0.7951182410994573
expanding,3,SVR,None,2017-03-01,2.57815,3.6258555199647735,-1.0477055199647736
expanding,3,SVR,None,2017-04-01,2.5543,3.2670739085088107,-0.7127739085088107
expanding,3,SVR,None,2017-05-01,2.5655,2.0215994558137176,0.5439005441862825
expanding,3,SVR,None,2017-06-01,2.553335294117648,2.3734498188188367,0.1798854752988115
expanding,3,SVR,None,2017-07-01,2.5712,2.2570149586991266,0.31418504130087355
expanding,3,SVR,None,2017-08-01,2.65784,2.2471186115731125,0.41072138842688766
expanding,3,SVR,None,2017-09-01,2.69046,2.8327526489084,-0.1422926489084002
expanding,3,SVR,None,2017-10-01,3.0855473684210524,2.568600306376969,0.5169470620440832
expanding,3,SVR,None,2017-11-01,3.0982380952380955,2.8351689409566316,0.2630691542814638
expanding,3,SVR,None,2017-12-01,3.075673684210526,3.0473470797381217,0.028326604472404426
expanding,3,SVR,None,2018-01-01,3.065655,3.3520205946750816,-0.2863655946750816
expanding,3,SVR,None,2018-02-01,3.15159,4.026678559024447,-0.8750885590244466
expanding,3,SVR,None,2018-03-01,3.30657619047619,4.093040148070609,-0.7864639575944192
expanding,3,SVR,None,2018-04-01,3.4621947368421053,4.346442930184204,-0.8842481933420987
expanding,3,SVR,None,2018-05-01,3.6392136363636367,4.4666522261098205,-0.8274385897461838
expanding,3,SVR,None,2018-06-01,3.934538095238095,4.236585980501851,-0.30204788526375603
expanding,3,SVR,None,2018-07-01,4.20315,4.1704971605388845,0.03265283946111541
expanding,3,SVR,None,2018-08-01,4.641321739130435,4.588199063630621,0.05312267549981353
expanding,3,SVR,None,2018-09-01,4.782921052631579,5.0413335490875095,-0.25841249645593045
expanding,3,SVR,None,2018-10-01,4.948788235294118,4.963178653772703,-0.014390418478584799
expanding,3,SVR,None,2018-11-01,5.096627272727273,4.710687493086975,0.3859397796402977
expanding,3,SVR,None,2018-12-01,5.116333333333333,4.698642526927053,0.41769080640628076
expanding,3,SVR,None,2019-01-01,5.169666666666667,4.350619284108744,0.8190473825579234
expanding,3,SVR,None,2019-02-01,5.220527777777778,4.900384343270708,0.32014343450707017
expanding,3,SVR,None,2019-03-01,5.035757142857143,4.885170012882026,0.15058712997511758
expanding,3,SVR,None,2019-04-01,4.934044444444444,4.6218504801446345,0.3121939642998095
expanding,3,SVR,None,2019-05-01,4.7935,4.891136017345272,-0.09763601734527239
expanding,3,SVR,None,2019-06-01,4.410036842105264,5.334011092612137,-0.9239742505068733
expanding,3,SVR,None,2019-07-01,4.32444761904762,5.119095080196557,-0.7946474611489363
expanding,3,SVR,None,2019-08-01,4.088347826086957,4.739289740895186,-0.6509419148082296
expanding,3,SVR,None,2019-09-01,4.01318,3.899287653121835,0.11389234687816518
expanding,3,SVR,None,2019-10-01,3.979216666666667,3.5774207496478483,0.40179591701881856
expanding,3,SVR,None,2019-11-01,3.831255,3.5871533286696837,0.24410167133031635
expanding,3,SVR,None,2019-12-01,3.672726315789474,3.697639755217016,-0.024913439427542095
expanding,3,SVR,POSNEG,2016-01-01,2.528319047619048,3.183853520617961,-0.6555344729989128
expanding,3,SVR,POSNEG,2016-02-01,2.523847619047619,2.522627309703034,0.0012203093445850577
expanding,3,SVR,POSNEG,2016-03-01,2.525338095238096,2.0122745912373463,0.5130635040007498
expanding,3,SVR,POSNEG,2016-04-01,2.51565,2.601109982601578,-0.08545998260157806
expanding,3,SVR,POSNEG,2016-05-01,2.5214052631578947,4.0395226805394815,-1.5181174173815868
expanding,3,SVR,POSNEG,2016-06-01,2.517215,3.5829475280146847,-1.0657325280146845
expanding,3,SVR,POSNEG,2016-07-01,2.514826315789474,2.6655465228896036,-0.15072020710012968
expanding,3,SVR,POSNEG,2016-08-01,2.5058625,2.7098369464212197,-0.20397444642121965
expanding,3,SVR,POSNEG,2016-09-01,2.5015650000000003,2.7224812203625697,-0.22091622036256942
expanding,3,SVR,POSNEG,2016-10-01,2.518775,2.992475241106834,-0.4737002411068336
expanding,3,SVR,POSNEG,2016-11-01,2.527788888888889,2.362895610361199,0.16489327852768998
expanding,3,SVR,POSNEG,2016-12-01,2.51759375,4.267117179839283,-1.7495234298392828
expanding,3,SVR,POSNEG,2017-01-01,2.535536363636364,4.472698957093128,-1.9371625934567636
expanding,3,SVR,POSNEG,2017-02-01,2.5772411764705883,3.7143216728460224,-1.1370804963754342
expanding,3,SVR,POSNEG,2017-03-01,2.57815,3.727525632625622,-1.1493756326256221
expanding,3,SVR,POSNEG,2017-04-01,2.5543,3.381603953931616,-0.827303953931616
expanding,3,SVR,POSNEG,2017-05-01,2.5655,2.0252327473046616,0.5402672526953385
expanding,3,SVR,POSNEG,2017-06-01,2.553335294117648,2.4730876993865056,0.08024759473114251
expanding,3,SVR,POSNEG,2017-07-01,2.5712,2.9145654921502375,-0.3433654921502374
expanding,3,SVR,POSNEG,2017-08-01,2.65784,2.0285228911032576,0.6293171088967426
expanding,3,SVR,POSNEG,2017-09-01,2.69046,2.8453422587175585,-0.15488225871755867
expanding,3,SVR,POSNEG,2017-10-01,3.0855473684210524,2.929127802863504,0.15641956555754843
expanding,3,SVR,POSNEG,2017-11-01,3.0982380952380955,3.1896913824646496,-0.0914532872265541
expanding,3,SVR,POSNEG,2017-12-01,3.075673684210526,2.8970817070453747,0.1785919771651514
expanding,3,SVR,POSNEG,2018-01-01,3.065655,3.754969576853023,-0.6893145768530231
expanding,3,SVR,POSNEG,2018-02-01,3.15159,4.284452040450483,-1.1328620404504828
expanding,3,SVR,POSNEG,2018-03-01,3.30657619047619,3.936637840792981,-0.6300616503167911
expanding,3,SVR,POSNEG,2018-04-01,3.4621947368421053,4.450713239465133,-0.9885185026230281
expanding,3,SVR,POSNEG,2018-05-01,3.6392136363636367,4.161437869533371,-0.5222242331697342
expanding,3,SVR,POSNEG,2018-06-01,3.934538095238095,4.353641415744602,-0.4191033205065069
expanding,3,SVR,POSNEG,2018-07-01,4.20315,4.3573305610105155,-0.15418056101051558
expanding,3,SVR,POSNEG,2018-08-01,4.641321739130435,4.510285762952467,0.13103597617796758
expanding,3,SVR,POSNEG,2018-09-01,4.782921052631579,4.993135961230765,-0.2102149085991858
expanding,3,SVR,POSNEG,2018-10-01,4.948788235294118,5.416258457186744,-0.46747022189262566
expanding,3,SVR,POSNEG,2018-11-01,5.096627272727273,4.97635280145079,0.12027447127648294
expanding,3,SVR,POSNEG,2018-12-01,5.116333333333333,5.048116477414233,0.06821685591910054
expanding,3,SVR,POSNEG,2019-01-01,5.169666666666667,4.271416836003713,0.8982498306629543
expanding,3,SVR,POSNEG,2019-02-01,5.220527777777778,3.797793426697002,1.4227343510807757
expanding,3,SVR,POSNEG,2019-03-01,5.035757142857143,4.8575725073361555,0.17818463552098773
expanding,3,SVR,POSNEG,2019-04-01,4.934044444444444,5.0187097479504175,-0.08466530350597345
expanding,3,SVR,POSNEG,2019-05-01,4.7935,4.587563406697137,0.20593659330286318
expanding,3,SVR,POSNEG,2019-06-01,4.410036842105264,4.6894203238050896,-0.27938348169982596
expanding,3,SVR,POSNEG,2019-07-01,4.32444761904762,4.710557657965695,-0.3861100389180745
expanding,3,SVR,POSNEG,2019-08-01,4.088347826086957,4.677669802298382,-0.5893219762114255
expanding,3,SVR,POSNEG,2019-09-01,4.01318,5.180058666987283,-1.1668786669872828
expanding,3,SVR,POSNEG,2019-10-01,3.979216666666667,4.086410552101649,-0.10719388543498187
expanding,3,SVR,POSNEG,2019-11-01,3.831255,3.584567191518312,0.24668780848168792
expanding,3,SVR,POSNEG,2019-12-01,3.672726315789474,4.500168415234642,-0.8274420994451677
expanding,3,SVR,ToneMean,2016-01-01,2.528319047619048,2.4088786127186994,0.11944043490034861
expanding,3,SVR,ToneMean,2016-02-01,2.523847619047619,2.7936763760736008,-0.26982875702598186
expanding,3,SVR,ToneMean,2016-03-01,2.525338095238096,2.2883841009779426,0.2369539942601535
expanding,3,SVR,ToneMean,2016-04-01,2.51565,2.6395179699718154,-0.12386796997181548
expanding,3,SVR,ToneMean,2016-05-01,2.5214052631578947,3.962192991614012,-1.4407877284561175
expanding,3,SVR,ToneMean,2016-06-01,2.517215,3.7133146704959525,-1.1960996704959523
expanding,3,SVR,ToneMean,2016-07-01,2.514826315789474,2.7161133149359475,-0.20128699914647363
expanding,3,SVR,ToneMean,2016-08-01,2.5058625,2.4918787620257974,0.013983737974202715
expanding,3,SVR,ToneMean,2016-09-01,2.5015650000000003,2.479349871049342,0.022215128950658247
expanding,3,SVR,ToneMean,2016-10-01,2.518775,2.457254561941805,0.06152043805819529
expanding,3,SVR,ToneMean,2016-11-01,2.527788888888889,2.646587294238484,-0.11879840534959518
expanding,3,SVR,ToneMean,2016-12-01,2.51759375,4.088394834202236,-1.5708010842022362
expanding,3,SVR,ToneMean,2017-01-01,2.535536363636364,4.229473848391904,-1.6939374847555397
expanding,3,SVR,ToneMean,2017-02-01,2.5772411764705883,3.512013722541505,-0.9347725460709166
expanding,3,SVR,ToneMean,2017-03-01,2.57815,3.8722283894207528,-1.2940783894207528
expanding,3,SVR,ToneMean,2017-04-01,2.5543,3.3263248398928686,-0.7720248398928686
expanding,3,SVR,ToneMean,2017-05-01,2.5655,2.1099161662728196,0.4555838337271805
expanding,3,SVR,ToneMean,2017-06-01,2.553335294117648,2.4504857425894584,0.10284955152818975
expanding,3,SVR,ToneMean,2017-07-01,2.5712,2.7599363666186223,-0.18873636661862214
expanding,3,SVR,ToneMean,2017-08-01,2.65784,2.269165016238513,0.38867498376148735
expanding,3,SVR,ToneMean,2017-09-01,2.69046,2.742179586231582,-0.05171958623158224
expanding,3,SVR,ToneMean,2017-10-01,3.0855473684210524,2.8822276708184593,0.20331969760259305
expanding,3,SVR,ToneMean,2017-11-01,3.0982380952380955,3.2039529028933886,-0.10571480765529317
expanding,3,SVR,ToneMean,2017-12-01,3.075673684210526,2.9008054314900473,0.1748682527204788
expanding,3,SVR,ToneMean,2018-01-01,3.065655,3.556375073254541,-0.49072007325454114
expanding,3,SVR,ToneMean,2018-02-01,3.15159,4.216963134311434,-1.0653731343114337
expanding,3,SVR,ToneMean,2018-03-01,3.30657619047619,4.1070738661238755,-0.8004976756476854
expanding,3,SVR,ToneMean,2018-04-01,3.4621947368421053,4.40938839851089,-0.9471936616687846
expanding,3,SVR,ToneMean,2018-05-01,3.6392136363636367,4.4483205649132,-0.8091069285495629
expanding,3,SVR,ToneMean,2018-06-01,3.934538095238095,4.204687949432131,-0.2701498541940359
expanding,3,SVR,ToneMean,2018-07-01,4.20315,4.334036201586458,-0.13088620158645803
expanding,3,SVR,ToneMean,2018-08-01,4.641321739130435,4.637854335604312,0.0034674035261224034
expanding,3,SVR,ToneMean,2018-09-01,4.782921052631579,5.066747586051518,-0.2838265334199388
expanding,3,SVR,ToneMean,2018-10-01,4.948788235294118,5.375870215248209,-0.4270819799540915
expanding,3,SVR,ToneMean,2018-11-01,5.096627272727273,4.90956427928985,0.18706299343742216
expanding,3,SVR,ToneMean,2018-12-01,5.116333333333333,4.88227680729126,0.23405652604207372
expanding,3,SVR,ToneMean,2019-01-01,5.169666666666667,4.137673828535789,1.0319928381308783
expanding,3,SVR,ToneMean,2019-02-01,5.220527777777778,4.535655158370933,0.6848726194068453
expanding,3,SVR,ToneMean,2019-03-01,5.035757142857143,5.041818486803961,-0.006061343946817566
expanding,3,SVR,ToneMean,2019-04-01,4.934044444444444,5.14277872314874,-0.20873427870429584
expanding,3,SVR,ToneMean,2019-05-01,4.7935,4.4825929201473045,0.3109070798526954
expanding,3,SVR,ToneMean,2019-06-01,4.410036842105264,4.913219156551272,-0.5031823144460086
expanding,3,SVR,ToneMean,2019-07-01,4.32444761904762,4.935190730189727,-0.6107431111421064
expanding,3,SVR,ToneMean,2019-08-01,4.088347826086957,4.69322542740377,-0.6048776013168133
expanding,3,SVR,ToneMean,2019-09-01,4.01318,5.027503289506752,-1.014323289506752
expanding,3,SVR,ToneMean,2019-10-01,3.979216666666667,4.04453739090047,-0.06532072423380342
expanding,3,SVR,ToneMean,2019-11-01,3.831255,3.458474150972996,0.3727808490270039
expanding,3,SVR,ToneMean,2019-12-01,3.672726315789474,4.268293664474789,-0.5955673486853148
expanding,4,ElasticNet,NEG,2016-01-01,2.523847619047619,3.251984990639719,-0.7281373715921
expanding,4,ElasticNet,NEG,2016-02-01,2.525338095238096,3.503558281861004,-0.9782201866229077
expanding,4,ElasticNet,NEG,2016-03-01,2.51565,3.012393447723244,-0.4967434477232442
expanding,4,ElasticNet,NEG,2016-04-01,2.5214052631578947,3.425153340295452,-0.9037480771375574
expanding,4,ElasticNet,NEG,2016-05-01,2.517215,3.842861787359541,-1.325646787359541
expanding,4,ElasticNet,NEG,2016-06-01,2.514826315789474,4.275787092764287,-1.7609607769748132
expanding,4,ElasticNet,NEG,2016-07-01,2.5058625,3.459985356759568,-0.9541228567595681
expanding,4,ElasticNet,NEG,2016-08-01,2.5015650000000003,3.1204854849875847,-0.6189204849875845
expanding,4,ElasticNet,NEG,2016-09-01,2.518775,3.2350738414131417,-0.7162988414131415
expanding,4,ElasticNet,NEG,2016-10-01,2.527788888888889,3.3939726124697587,-0.8661837235808698
expanding,4,ElasticNet,NEG,2016-11-01,2.51759375,3.4885234168517885,-0.9709296668517884
expanding,4,ElasticNet,NEG,2016-12-01,2.535536363636364,3.894085130049171,-1.3585487664128069
expanding,4,ElasticNet,NEG,2017-01-01,2.5772411764705883,3.9252234418052576,-1.3479822653346694
expanding,4,ElasticNet,NEG,2017-02-01,2.57815,4.05412686005034,-1.4759768600503405
expanding,4,ElasticNet,NEG,2017-03-01,2.5543,4.28151124224476,-1.7272112422447603
expanding,4,ElasticNet,NEG,2017-04-01,2.5655,4.338718842822805,-1.7732188428228053
expanding,4,ElasticNet,NEG,2017-05-01,2.553335294117648,3.484314363888653,-0.9309790697710048
expanding,4,ElasticNet,NEG,2017-06-01,2.5712,3.7871806108450565,-1.2159806108450564
expanding,4,ElasticNet,NEG,2017-07-01,2.65784,3.0502678485843306,-0.39242784858433044
expanding,4,ElasticNet,NEG,2017-08-01,2.69046,2.7372635217583463,-0.046803521758346456
expanding,4,ElasticNet,NEG,2017-09-01,3.0855473684210524,3.7217022986165693,-0.6361549301955169
expanding,4,ElasticNet,NEG,2017-10-01,3.0982380952380955,3.2687643784325493,-0.17052628319445384
expanding,4,ElasticNet,NEG,2017-11-01,3.075673684210526,4.065016228791372,-0.9893425445808455
expanding,4,ElasticNet,NEG,2017-12-01,3.065655,4.189655591249267,-1.1240005912492665
expanding,4,ElasticNet,NEG,2018-01-01,3.15159,4.229350844929963,-1.0777608449299625
expanding,4,ElasticNet,NEG,2018-02-01,3.30657619047619,4.101597398248103,-0.7950212077719128
expanding,4,ElasticNet,NEG,2018-03-01,3.4621947368421053,4.284967706192566,-0.8227729693504604
expanding,4,ElasticNet,NEG,2018-04-01,3.6392136363636367,4.15055207332813,-0.5113384369644929
expanding,4,ElasticNet,NEG,2018-05-01,3.934538095238095,4.882054745432439,-0.9475166501943435
expanding,4,ElasticNet,NEG,2018-06-01,4.20315,4.508888353912376,-0.3057383539123757
expanding,4,ElasticNet,NEG,2018-07-01,4.641321739130435,5.074272438447194,-0.4329506993167591
expanding,4,ElasticNet,NEG,2018-08-01,4.782921052631579,5.542353404153546,-0.7594323515219665
expanding,4,ElasticNet,NEG,2018-09-01,4.948788235294118,5.020168448475703,-0.07138021318158483
expanding,4,ElasticNet,NEG,2018-10-01,5.096627272727273,5.6046252785755115,-0.507998005848239
expanding,4,ElasticNet,NEG,2018-11-01,5.116333333333333,5.4079061000251665,-0.2915727666918331
expanding,4,ElasticNet,NEG,2018-12-01,5.169666666666667,4.734663697008178,0.4350029696584894
expanding,4,ElasticNet,NEG,2019-01-01,5.220527777777778,4.186712395088002,1.0338153826897756
expanding,4,ElasticNet,NEG,2019-02-01,5.035757142857143,4.610507124974031,0.425250017883112
expanding,4,ElasticNet,NEG,2019-03-01,4.934044444444444,4.229784472480429,0.7042599719640146
expanding,4,ElasticNet,NEG,2019-04-01,4.7935,4.340865921516516,0.45263407848348347
expanding,4,ElasticNet,NEG,2019-05-01,4.410036842105264,4.162960692357518,0.2470761497477456
expanding,4,ElasticNet,NEG,2019-06-01,4.32444761904762,4.254011421893284,0.07043619715433636
expanding,4,ElasticNet,NEG,2019-07-01,4.088347826086957,4.093433356016325,-0.005085529929368171
expanding,4,ElasticNet,NEG,2019-08-01,4.01318,3.8197231441245147,0.19345685587548545
expanding,4,ElasticNet,NEG,2019-09-01,3.979216666666667,3.552840122152737,0.4263765445139298
expanding,4,ElasticNet,NEG,2019-10-01,3.831255,3.2939223747002586,0.5373326252997415
expanding,4,ElasticNet,NEG,2019-11-01,3.672726315789474,3.0573890723179447,0.6153372434715294
expanding,4,ElasticNet,None,2016-01-01,2.523847619047619,3.2562802798582853,-0.7324326608106664
expanding,4,ElasticNet,None,2016-02-01,2.525338095238096,3.502940550593767,-0.977602455355671
expanding,4,ElasticNet,None,2016-03-01,2.51565,3.0176868491395137,-0.5020368491395137
expanding,4,ElasticNet,None,2016-04-01,2.5214052631578947,3.420562390781924,-0.8991571276240293
expanding,4,ElasticNet,None,2016-05-01,2.517215,3.8371263013780434,-1.3199113013780432
expanding,4,ElasticNet,None,2016-06-01,2.514826315789474,4.274846209681815,-1.7600198938923413
expanding,4,ElasticNet,None,2016-07-01,2.5058625,3.460219339512369,-0.9543568395123687
expanding,4,ElasticNet,None,2016-08-01,2.5015650000000003,3.1214761434808413,-0.6199111434808411
expanding,4,ElasticNet,None,2016-09-01,2.518775,3.238905951349679,-0.7201309513496787
expanding,4,ElasticNet,None,2016-10-01,2.527788888888889,3.405972889962265,-0.8781840010733761
expanding,4,ElasticNet,None,2016-11-01,2.51759375,3.4967564867191046,-0.9791627367191045
expanding,4,ElasticNet,None,2016-12-01,2.535536363636364,3.8686139680279577,-1.3330776043915935
expanding,4,ElasticNet,None,2017-01-01,2.5772411764705883,3.9368044721984172,-1.359563295727829
expanding,4,ElasticNet,None,2017-02-01,2.57815,4.0860884222376495,-1.5079384222376495
expanding,4,ElasticNet,None,2017-03-01,2.5543,4.282449890444919,-1.7281498904449193
expanding,4,ElasticNet,None,2017-04-01,2.5655,4.335145756530226,-1.7696457565302257
expanding,4,ElasticNet,None,2017-05-01,2.553335294117648,3.47069579048349,-0.9173604963658417
expanding,4,ElasticNet,None,2017-06-01,2.5712,3.7770911251328974,-1.2058911251328972
expanding,4,ElasticNet,None,2017-07-01,2.65784,3.0309054666438557,-0.37306546664385554
expanding,4,ElasticNet,None,2017-08-01,2.69046,2.7328405685313664,-0.042380568531366514
expanding,4,ElasticNet,None,2017-09-01,3.0855473684210524,3.7011578537274055,-0.6156104853063531
expanding,4,ElasticNet,None,2017-10-01,3.0982380952380955,3.2617606789632805,-0.16352258372518502
expanding,4,ElasticNet,None,2017-11-01,3.075673684210526,4.063073331549724,-0.9873996473391977
expanding,4,ElasticNet,None,2017-12-01,3.065655,4.185161060428753,-1.1195060604287526
expanding,4,ElasticNet,None,2018-01-01,3.15159,4.215463399433469,-1.063873399433469
expanding,4,ElasticNet,None,2018-02-01,3.30657619047619,4.08953126839882,-0.7829550779226295
expanding,4,ElasticNet,None,2018-03-01,3.4621947368421053,4.284195868505478,-0.8220011316633724
expanding,4,ElasticNet,None,2018-04-01,3.6392136363636367,4.140942131608922,-0.5017284952452852
expanding,4,ElasticNet,None,2018-05-01,3.934538095238095,4.883145156093706,-0.9486070608556108
expanding,4,ElasticNet,None,2018-06-01,4.20315,4.500207427850814,-0.297057427850814
expanding,4,ElasticNet,None,2018-07-01,4.641321739130435,5.073933612755349,-0.43261187362491427
expanding,4,ElasticNet,None,2018-08-01,4.782921052631579,5.549133423742605,-0.7662123711110258
expanding,4,ElasticNet,None,2018-09-01,4.948788235294118,5.028488333703598,-0.07970009840948045
expanding,4,ElasticNet,None,2018-10-01,5.096627272727273,5.60124690334607,-0.5046196306187971
expanding,4,ElasticNet,None,2018-11-01,5.116333333333333,5.406402262376642,-0.2900689290433087
expanding,4,ElasticNet,None,2018-12-01,5.169666666666667,4.725218090166545,0.4444485765001218
expanding,4,ElasticNet,None,2019-01-01,5.220527777777778,4.196203736782725,1.0243240409950527
expanding,4,ElasticNet,None,2019-02-01,5.035757142857143,4.602082979237711,0.43367416361943256
expanding,4,ElasticNet,None,2019-03-01,4.934044444444444,4.229090376924109,0.704954067520335
expanding,4,ElasticNet,None,2019-04-01,4.7935,4.3332494631793,0.46025053682070016
expanding,4,ElasticNet,None,2019-05-01,4.410036842105264,4.165502488890938,0.24453435321432515
expanding,4,ElasticNet,None,2019-06-01,4.32444761904762,4.257592718018757,0.06685490102886327
expanding,4,ElasticNet,None,2019-07-01,4.088347826086957,4.087832297408405,0.0005155286785516466
expanding,4,ElasticNet,None,2019-08-01,4.01318,3.825914633687807,0.18726536631219304
expanding,4,ElasticNet,None,2019-09-01,3.979216666666667,3.540331244819151,0.438885421847516
expanding,4,ElasticNet,None,2019-10-01,3.831255,3.2870768836192825,0.5441781163807176
expanding,4,ElasticNet,None,2019-11-01,3.672726315789474,3.0481359362846807,0.6245903795047933
expanding,4,ElasticNet,POSNEG,2016-01-01,2.523847619047619,3.8418633436581917,-1.3180157246105728
expanding,4,ElasticNet,POSNEG,2016-02-01,2.525338095238096,3.543997959753056,-1.01865986451496
expanding,4,ElasticNet,POSNEG,2016-03-01,2.51565,3.052364175053116,-0.5367141750531159
expanding,4,ElasticNet,POSNEG,2016-04-01,2.5214052631578947,3.3040423831658066,-0.7826371200079119
expanding,4,ElasticNet,POSNEG,2016-05-01,2.517215,4.156193503881363,-1.6389785038813631
expanding,4,ElasticNet,POSNEG,2016-06-01,2.514826315789474,3.963606253610262,-1.4487799378207882
expanding,4,ElasticNet,POSNEG,2016-07-01,2.5058625,3.3792004365158985,-0.8733379365158984
expanding,4,ElasticNet,POSNEG,2016-08-01,2.5015650000000003,3.5166253751318113,-1.015060375131811
expanding,4,ElasticNet,POSNEG,2016-09-01,2.518775,3.4315932867093624,-0.9128182867093622
expanding,4,ElasticNet,POSNEG,2016-10-01,2.527788888888889,3.6787917085212367,-1.1510028196323479
expanding,4,ElasticNet,POSNEG,2016-11-01,2.51759375,3.54707423693149,-1.0294804869314897
expanding,4,ElasticNet,POSNEG,2016-12-01,2.535536363636364,4.034037477176827,-1.4985011135404624
expanding,4,ElasticNet,POSNEG,2017-01-01,2.5772411764705883,4.306224756568765,-1.728983580098177
expanding,4,ElasticNet,POSNEG,2017-02-01,2.57815,4.508993101517203,-1.930843101517203
expanding,4,ElasticNet,POSNEG,2017-03-01,2.5543,4.39763468045849,-1.8433346804584896
expanding,4,ElasticNet,POSNEG,2017-04-01,2.5655,4.398772612733223,-1.8332726127332233
expanding,4,ElasticNet,POSNEG,2017-05-01,2.553335294117648,3.3599035785974762,-0.8065682844798281
expanding,4,ElasticNet,POSNEG,2017-06-01,2.5712,3.754896144267782,-1.183696144267782
expanding,4,ElasticNet,POSNEG,2017-07-01,2.65784,3.3046001851283453,-0.6467601851283451
expanding,4,ElasticNet,POSNEG,2017-08-01,2.69046,2.9617820953324725,-0.27132209533247265
expanding,4,ElasticNet,POSNEG,2017-09-01,3.0855473684210524,3.492144184042962,-0.4065968156219095
expanding,4,ElasticNet,POSNEG,2017-10-01,3.0982380952380955,3.647927275648331,-0.5496891804102355
expanding,4,ElasticNet,POSNEG,2017-11-01,3.075673684210526,4.382551192437401,-1.3068775082268753
expanding,4,ElasticNet,POSNEG,2017-12-01,3.065655,4.111214985030294,-1.0455599850302941
expanding,4,ElasticNet,POSNEG,2018-01-01,3.15159,4.5516955792534315,-1.4001055792534314
expanding,4,ElasticNet,POSNEG,2018-02-01,3.30657619047619,4.456678738237752,-1.1501025477615618
expanding,4,ElasticNet,POSNEG,2018-03-01,3.4621947368421053,4.28563631535355,-0.8234415785114444
expanding,4,ElasticNet,POSNEG,2018-04-01,3.6392136363636367,4.4972165488265095,-0.8580029124628727
expanding,4,ElasticNet,POSNEG,2018-05-01,3.934538095238095,4.85037069115734,-0.915832595919245
expanding,4,ElasticNet,POSNEG,2018-06-01,4.20315,4.539650221430006,-0.3365002214300059
expanding,4,ElasticNet,POSNEG,2018-07-01,4.641321739130435,5.131006092033029,-0.4896843529025947
expanding,4,ElasticNet,POSNEG,2018-08-01,4.782921052631579,5.508779222927833,-0.7258581702962541
expanding,4,ElasticNet,POSNEG,2018-09-01,4.948788235294118,5.011523434169176,-0.06273519887505774
expanding,4,ElasticNet,POSNEG,2018-10-01,5.096627272727273,5.969707515202586,-0.8730802424753135
expanding,4,ElasticNet,POSNEG,2018-11-01,5.116333333333333,5.697185497627418,-0.5808521642940843
expanding,4,ElasticNet,POSNEG,2018-12-01,5.169666666666667,4.847659983163416,0.32200668350325135
expanding,4,ElasticNet,POSNEG,2019-01-01,5.220527777777778,4.2296380485166845,0.9908897292610934
expanding,4,ElasticNet,POSNEG,2019-02-01,5.035757142857143,3.834017184164477,1.2017399586926665
expanding,4,ElasticNet,POSNEG,2019-03-01,4.934044444444444,4.374629178626328,0.5594152658181164
expanding,4,ElasticNet,POSNEG,2019-04-01,4.7935,4.505172690196488,0.2883273098035115
expanding,4,ElasticNet,POSNEG,2019-05-01,4.410036842105264,4.25582329673148,0.15421354537378384
expanding,4,ElasticNet,POSNEG,2019-06-01,4.32444761904762,4.220262253075413,0.1041853659722074
expanding,4,ElasticNet,POSNEG,2019-07-01,4.088347826086957,3.978427317182759,0.10992050890419769
expanding,4,ElasticNet,POSNEG,2019-08-01,4.01318,3.766073371925909,0.247106628074091
expanding,4,ElasticNet,POSNEG,2019-09-01,3.979216666666667,3.8133591967677694,0.1658574698988975
expanding,4,ElasticNet,POSNEG,2019-10-01,3.831255,3.4820743273690242,0.34918067263097585
expanding,4,ElasticNet,POSNEG,2019-11-01,3.672726315789474,3.1631664449005803,0.5095598708888938
expanding,4,ElasticNet,ToneMean,2016-01-01,2.523847619047619,3.400744032154961,-0.876896413107342
expanding,4,ElasticNet,ToneMean,2016-02-01,2.525338095238096,3.560386443214605,-1.0350483479765087
expanding,4,ElasticNet,ToneMean,2016-03-01,2.51565,2.948024590431746,-0.432374590431746
expanding,4,ElasticNet,ToneMean,2016-04-01,2.5214052631578947,3.4396056333395455,-0.9182003701816508
expanding,4,ElasticNet,ToneMean,2016-05-01,2.517215,4.024212115637358,-1.5069971156373576
expanding,4,ElasticNet,ToneMean,2016-06-01,2.514826315789474,4.182100494417988,-1.6672741786285137
expanding,4,ElasticNet,ToneMean,2016-07-01,2.5058625,3.407841585004596,-0.9019790850045961
expanding,4,ElasticNet,ToneMean,2016-08-01,2.5015650000000003,3.182017510972627,-0.6804525109726267
expanding,4,ElasticNet,ToneMean,2016-09-01,2.518775,3.1921133668961157,-0.6733383668961155
expanding,4,ElasticNet,ToneMean,2016-10-01,2.527788888888889,3.3542995413350165,-0.8265106524461276
expanding,4,ElasticNet,ToneMean,2016-11-01,2.51759375,3.4390478727570364,-0.9214541227570363
expanding,4,ElasticNet,ToneMean,2016-12-01,2.535536363636364,4.1444146945555165,-1.6088783309191523
expanding,4,ElasticNet,ToneMean,2017-01-01,2.5772411764705883,3.9265841329798965,-1.3493429565093082
expanding,4,ElasticNet,ToneMean,2017-02-01,2.57815,4.031961274723334,-1.4538112747233338
expanding,4,ElasticNet,ToneMean,2017-03-01,2.5543,4.323097070119309,-1.7687970701193092
expanding,4,ElasticNet,ToneMean,2017-04-01,2.5655,4.342472579587601,-1.7769725795876008
expanding,4,ElasticNet,ToneMean,2017-05-01,2.553335294117648,3.518082420631551,-0.9647471265139029
expanding,4,ElasticNet,ToneMean,2017-06-01,2.5712,3.810463383803362,-1.2392633838033618
expanding,4,ElasticNet,ToneMean,2017-07-01,2.65784,3.233973395863684,-0.5761333958636836
expanding,4,ElasticNet,ToneMean,2017-08-01,2.69046,2.862099999785371,-0.17163999978537126
expanding,4,ElasticNet,ToneMean,2017-09-01,3.0855473684210524,3.7832164657221243,-0.697669097301072
expanding,4,ElasticNet,ToneMean,2017-10-01,3.0982380952380955,3.4516990473998796,-0.3534609521617842
expanding,4,ElasticNet,ToneMean,2017-11-01,3.075673684210526,4.20160568771568,-1.1259320035051537
expanding,4,ElasticNet,ToneMean,2017-12-01,3.065655,4.152853496588648,-1.0871984965886479
expanding,4,ElasticNet,ToneMean,2018-01-01,3.15159,4.411322560143999,-1.2597325601439988
expanding,4,ElasticNet,ToneMean,2018-02-01,3.30657619047619,4.306075259997966,-0.999499069521776
expanding,4,ElasticNet,ToneMean,2018-03-01,3.4621947368421053,4.295245092464706,-0.8330503556226003
expanding,4,ElasticNet,ToneMean,2018-04-01,3.6392136363636367,4.329363203791465,-0.6901495674278286
expanding,4,ElasticNet,ToneMean,2018-05-01,3.934538095238095,4.861488437413802,-0.9269503421757066
expanding,4,ElasticNet,ToneMean,2018-06-01,4.20315,4.603257583550347,-0.4001075835503469
expanding,4,ElasticNet,ToneMean,2018-07-01,4.641321739130435,5.091760139066779,-0.4504383999363446
expanding,4,ElasticNet,ToneMean,2018-08-01,4.782921052631579,5.478273806985976,-0.6953527543543974
expanding,4,ElasticNet,ToneMean,2018-09-01,4.948788235294118,4.96367754627601,-0.014889310981891946
expanding,4,ElasticNet,ToneMean,2018-10-01,5.096627272727273,5.753221195624332,-0.6565939228970592
expanding,4,ElasticNet,ToneMean,2018-11-01,5.116333333333333,5.569338616966287,-0.45300528363295367
expanding,4,ElasticNet,ToneMean,2018-12-01,5.169666666666667,4.8018676899541965,0.3677989767124705
expanding,4,ElasticNet,ToneMean,2019-01-01,5.220527777777778,4.14522871650338,1.0752990612743982
expanding,4,ElasticNet,ToneMean,2019-02-01,5.035757142857143,4.458231000599535,0.5775261422576081
expanding,4,ElasticNet,ToneMean,2019-03-01,4.934044444444444,4.284728835322212,0.6493156091222323
expanding,4,ElasticNet,ToneMean,2019-04-01,4.7935,4.457211549980844,0.33628845001915586
expanding,4,ElasticNet,ToneMean,2019-05-01,4.410036842105264,4.16536423115782,0.2446726109474433
expanding,4,ElasticNet,ToneMean,2019-06-01,4.32444761904762,4.212880186110683,0.11156743293693783
expanding,4,ElasticNet,ToneMean,2019-07-01,4.088347826086957,4.082356495243377,0.005991330843579945
expanding,4,ElasticNet,ToneMean,2019-08-01,4.01318,3.773836028167376,0.23934397183262401
expanding,4,ElasticNet,ToneMean,2019-09-01,3.979216666666667,3.7265148635419494,0.25270180312471746
expanding,4,ElasticNet,ToneMean,2019-10-01,3.831255,3.4066092279250473,0.4246457720749528
expanding,4,ElasticNet,ToneMean,2019-11-01,3.672726315789474,3.1293634163208273,0.5433628994686468
expanding,4,Lasso,NEG,2016-01-01,2.523847619047619,3.2633657751472684,-0.7395181560996495
expanding,4,Lasso,NEG,2016-02-01,2.525338095238096,3.5059998921771287,-0.9806617969390325
expanding,4,Lasso,NEG,2016-03-01,2.51565,3.0065374666956597,-0.49088746669565975
expanding,4,Lasso,NEG,2016-04-01,2.5214052631578947,3.410817180819759,-0.8894119176618642
expanding,4,Lasso,NEG,2016-05-01,2.517215,3.8274622434724246,-1.3102472434724244
expanding,4,Lasso,NEG,2016-06-01,2.514826315789474,4.267300514915227,-1.7524741991257535
expanding,4,Lasso,NEG,2016-07-01,2.5058625,3.444310796370569,-0.9384482963705687
expanding,4,Lasso,NEG,2016-08-01,2.5015650000000003,3.104683676192182,-0.6031186761921816
expanding,4,Lasso,NEG,2016-09-01,2.518775,3.235873693750958,-0.7170986937509576
expanding,4,Lasso,NEG,2016-10-01,2.527788888888889,3.4041954772959526,-0.8764065884070638
expanding,4,Lasso,NEG,2016-11-01,2.51759375,3.4936551105204554,-0.9760613605204553
expanding,4,Lasso,NEG,2016-12-01,2.535536363636364,3.886342501391386,-1.350806137755022
expanding,4,Lasso,NEG,2017-01-01,2.5772411764705883,3.926969480310972,-1.3497283038403838
expanding,4,Lasso,NEG,2017-02-01,2.57815,4.05132819693991,-1.4731781969399105
expanding,4,Lasso,NEG,2017-03-01,2.5543,4.28467374844955,-1.73037374844955
expanding,4,Lasso,NEG,2017-04-01,2.5655,4.3533212520389055,-1.7878212520389054
expanding,4,Lasso,NEG,2017-05-01,2.553335294117648,3.5085420318900304,-0.9552067377723823
expanding,4,Lasso,NEG,2017-06-01,2.5712,3.7979299421779547,-1.2267299421779545
expanding,4,Lasso,NEG,2017-07-01,2.65784,3.066166818369852,-0.40832681836985163
expanding,4,Lasso,NEG,2017-08-01,2.69046,2.760034115587491,-0.06957411558749094
expanding,4,Lasso,NEG,2017-09-01,3.0855473684210524,3.723286579688806,-0.6377392112677538
expanding,4,Lasso,NEG,2017-10-01,3.0982380952380955,3.27908311088607,-0.18084501564797462
expanding,4,Lasso,NEG,2017-11-01,3.075673684210526,4.0704298011542726,-0.9947561169437464
expanding,4,Lasso,NEG,2017-12-01,3.065655,4.188364584811865,-1.1227095848118647
expanding,4,Lasso,NEG,2018-01-01,3.15159,4.2187271045179315,-1.0671371045179314
expanding,4,Lasso,NEG,2018-02-01,3.30657619047619,4.095779794198569,-0.7892036037223793
expanding,4,Lasso,NEG,2018-03-01,3.4621947368421053,4.28109184367062,-0.8188971068285142
expanding,4,Lasso,NEG,2018-04-01,3.6392136363636367,4.15290970234603,-0.5136960659823937
expanding,4,Lasso,NEG,2018-05-01,3.934538095238095,4.877898035505769,-0.943359940267674
expanding,4,Lasso,NEG,2018-06-01,4.20315,4.5084614966244105,-0.3053114966244106
expanding,4,Lasso,NEG,2018-07-01,4.641321739130435,5.051976721315568,-0.4106549821851333
expanding,4,Lasso,NEG,2018-08-01,4.782921052631579,5.511199073887069,-0.7282780212554902
expanding,4,Lasso,NEG,2018-09-01,4.948788235294118,5.009749722218919,-0.060961486924800745
expanding,4,Lasso,NEG,2018-10-01,5.096627272727273,5.564755885582457,-0.4681286128551845
expanding,4,Lasso,NEG,2018-11-01,5.116333333333333,5.383007215308715,-0.26667388197538155
expanding,4,Lasso,NEG,2018-12-01,5.169666666666667,4.724054786282069,0.44561188038459765
expanding,4,Lasso,NEG,2019-01-01,5.220527777777778,4.182398244463351,1.038129533314427
expanding,4,Lasso,NEG,2019-02-01,5.035757142857143,4.589749406901212,0.4460077359559316
expanding,4,Lasso,NEG,2019-03-01,4.934044444444444,4.212714747845626,0.7213296965988176
expanding,4,Lasso,NEG,2019-04-01,4.7935,4.3158484394433385,0.47765156055666136
expanding,4,Lasso,NEG,2019-05-01,4.410036842105264,4.143596472067504,0.2664403700377598
expanding,4,Lasso,NEG,2019-06-01,4.32444761904762,4.244181756553221,0.08026586249439926
expanding,4,Lasso,NEG,2019-07-01,4.088347826086957,4.081596448494936,0.006751377592021157
expanding,4,Lasso,NEG,2019-08-01,4.01318,3.767059874147106,0.24612012585289422
expanding,4,Lasso,NEG,2019-09-01,3.979216666666667,3.534216096167948,0.4450005704987188
expanding,4,Lasso,NEG,2019-10-01,3.831255,3.2998733654042787,0.5313816345957214
expanding,4,Lasso,NEG,2019-11-01,3.672726315789474,3.06777491930121,0.6049513964882642
expanding,4,Lasso,None,2016-01-01,2.523847619047619,3.26445819051663,-0.740610571469011
expanding,4,Lasso,None,2016-02-01,2.525338095238096,3.505731836891865,-0.9803937416537689
expanding,4,Lasso,None,2016-03-01,2.51565,3.00864175714927,-0.4929917571492699
expanding,4,Lasso,None,2016-04-01,2.5214052631578947,3.408605887367219,-0.8872006242093242
expanding,4,Lasso,None,2016-05-01,2.517215,3.8254098427744783,-1.308194842774478
expanding,4,Lasso,None,2016-06-01,2.514826315789474,4.267300817110861,-1.7524745013213874
expanding,4,Lasso,None,2016-07-01,2.5058625,3.444310796370569,-0.9384482963705687
expanding,4,Lasso,None,2016-08-01,2.5015650000000003,3.1046836577269596,-0.6031186577269594
expanding,4,Lasso,None,2016-09-01,2.518775,3.23587299398656,-0.7170979939865596
expanding,4,Lasso,None,2016-10-01,2.527788888888889,3.40919863928848,-0.881409750399591
expanding,4,Lasso,None,2016-11-01,2.51759375,3.499324549012932,-0.981730799012932
expanding,4,Lasso,None,2016-12-01,2.535536363636364,3.8674473422945956,-1.3319109786582315
expanding,4,Lasso,None,2017-01-01,2.5772411764705883,3.931753486186479,-1.3545123097158909
expanding,4,Lasso,None,2017-02-01,2.57815,4.076118289775465,-1.4979682897754651
expanding,4,Lasso,None,2017-03-01,2.5543,4.285389108959354,-1.7310891089593539
expanding,4,Lasso,None,2017-04-01,2.5655,4.349761626633764,-1.7842616266337643
expanding,4,Lasso,None,2017-05-01,2.553335294117648,3.4971794258604385,-0.9438441317427904
expanding,4,Lasso,None,2017-06-01,2.5712,3.7897112177500096,-1.2185112177500095
expanding,4,Lasso,None,2017-07-01,2.65784,3.0505749757647638,-0.39273497576476357
expanding,4,Lasso,None,2017-08-01,2.69046,2.7564889522552094,-0.06602895225520955
expanding,4,Lasso,None,2017-09-01,3.0855473684210524,3.7072461585163476,-0.6216987900952953
expanding,4,Lasso,None,2017-10-01,3.0982380952380955,3.2738033597995155,-0.17556526456142008
expanding,4,Lasso,None,2017-11-01,3.075673684210526,4.069050194012778,-0.993376509802252
expanding,4,Lasso,None,2017-12-01,3.065655,4.185100830932303,-1.1194458309323028
expanding,4,Lasso,None,2018-01-01,3.15159,4.208729175783129,-1.0571391757831292
expanding,4,Lasso,None,2018-02-01,3.30657619047619,4.087814030875173,-0.7812378403989833
expanding,4,Lasso,None,2018-03-01,3.4621947368421053,4.280640080534249,-0.8184453436921433
expanding,4,Lasso,None,2018-04-01,3.6392136363636367,4.14769537023905,-0.5084817338754131
expanding,4,Lasso,None,2018-05-01,3.934538095238095,4.878805239293896,-0.9442671440558006
expanding,4,Lasso,None,2018-06-01,4.20315,4.503829243295352,-0.30067924329535245
expanding,4,Lasso,None,2018-07-01,4.641321739130435,5.0519085711779885,-0.41058683204755386
expanding,4,Lasso,None,2018-08-01,4.782921052631579,5.514408122129977,-0.7314870694983977
expanding,4,Lasso,None,2018-09-01,4.948788235294118,5.0145829403796816,-0.06579470508556362
expanding,4,Lasso,None,2018-10-01,5.096627272727273,5.562857899263664,-0.46623062653639114
expanding,4,Lasso,None,2018-11-01,5.116333333333333,5.381864229669966,-0.2655308963366325
expanding,4,Lasso,None,2018-12-01,5.169666666666667,4.718819790548661,0.450846876118006
expanding,4,Lasso,None,2019-01-01,5.220527777777778,4.18773101217871,1.032796765599068
expanding,4,Lasso,None,2019-02-01,5.035757142857143,4.585875957562141,0.449881185295002
expanding,4,Lasso,None,2019-03-01,4.934044444444444,4.212366864186283,0.7216775802581612
expanding,4,Lasso,None,2019-04-01,4.7935,4.311571478492536,0.4819285215074638
expanding,4,Lasso,None,2019-05-01,4.410036842105264,4.145215851847204,0.26482099025805983
expanding,4,Lasso,None,2019-06-01,4.32444761904762,4.24640303654959,0.07804458249803048
expanding,4,Lasso,None,2019-07-01,4.088347826086957,4.078207234065217,0.010140592021739891
expanding,4,Lasso,None,2019-08-01,4.01318,3.770896118354889,0.24228388164511117
expanding,4,Lasso,None,2019-09-01,3.979216666666667,3.526868833243572,0.45234783342309504
expanding,4,Lasso,None,2019-10-01,3.831255,3.295349329305737,0.5359056706942629
expanding,4,Lasso,None,2019-11-01,3.672726315789474,3.061398075321664,0.61132824046781
expanding,4,Lasso,POSNEG,2016-01-01,2.523847619047619,3.8426903477968724,-1.3188427287492535
expanding,4,Lasso,POSNEG,2016-02-01,2.525338095238096,3.5469158754505976,-1.0215777802125015
expanding,4,Lasso,POSNEG,2016-03-01,2.51565,3.043951209398956,-0.5283012093989559
expanding,4,Lasso,POSNEG,2016-04-01,2.5214052631578947,3.2955303773894395,-0.7741251142315448
expanding,4,Lasso,POSNEG,2016-05-01,2.517215,4.141459111156564,-1.624244111156564
expanding,4,Lasso,POSNEG,2016-06-01,2.514826315789474,3.9689152900972378,-1.4540889743077638
expanding,4,Lasso,POSNEG,2016-07-01,2.5058625,3.3820065078604875,-0.8761440078604874
expanding,4,Lasso,POSNEG,2016-08-01,2.5015650000000003,3.5218127085428836,-1.0202477085428834
expanding,4,Lasso,POSNEG,2016-09-01,2.518775,3.431627738379299,-0.9128527383792986
expanding,4,Lasso,POSNEG,2016-10-01,2.527788888888889,3.671060942178995,-1.1432720532901062
expanding,4,Lasso,POSNEG,2016-11-01,2.51759375,3.545715904912019,-1.028122154912019
expanding,4,Lasso,POSNEG,2016-12-01,2.535536363636364,4.047398711181884,-1.5118623475455202
expanding,4,Lasso,POSNEG,2017-01-01,2.5772411764705883,4.28783846096325,-1.7105972844926614
expanding,4,Lasso,POSNEG,2017-02-01,2.57815,4.4794606934051195,-1.9013106934051196
expanding,4,Lasso,POSNEG,2017-03-01,2.5543,4.391722775131721,-1.8374227751317211
expanding,4,Lasso,POSNEG,2017-04-01,2.5655,4.387901389153964,-1.8224013891539643
expanding,4,Lasso,POSNEG,2017-05-01,2.553335294117648,3.3765845467120847,-0.8232492525944366
expanding,4,Lasso,POSNEG,2017-06-01,2.5712,3.769759088446202,-1.1985590884462018
expanding,4,Lasso,POSNEG,2017-07-01,2.65784,3.3253221641551067,-0.6674821641551065
expanding,4,Lasso,POSNEG,2017-08-01,2.69046,2.9854815188256802,-0.2950215188256804
expanding,4,Lasso,POSNEG,2017-09-01,3.0855473684210524,3.5054454419875563,-0.4198980735665039
expanding,4,Lasso,POSNEG,2017-10-01,3.0982380952380955,3.655567816398543,-0.5573297211604475
expanding,4,Lasso,POSNEG,2017-11-01,3.075673684210526,4.382207485417936,-1.3065338012074101
expanding,4,Lasso,POSNEG,2017-12-01,3.065655,4.112051776649046,-1.0463967766490456
expanding,4,Lasso,POSNEG,2018-01-01,3.15159,4.540699688943955,-1.3891096889439551
expanding,4,Lasso,POSNEG,2018-02-01,3.30657619047619,4.451473102898735,-1.1448969124225448
expanding,4,Lasso,POSNEG,2018-03-01,3.4621947368421053,4.280997179777378,-0.8188024429352727
expanding,4,Lasso,POSNEG,2018-04-01,3.6392136363636367,4.501352674064176,-0.8621390377005391
expanding,4,Lasso,POSNEG,2018-05-01,3.934538095238095,4.847477280437031,-0.9129391851989364
expanding,4,Lasso,POSNEG,2018-06-01,4.20315,4.545584905571115,-0.3424349055711149
expanding,4,Lasso,POSNEG,2018-07-01,4.641321739130435,5.103968049129507,-0.4626463099990721
expanding,4,Lasso,POSNEG,2018-08-01,4.782921052631579,5.465314459542892,-0.6823934069113129
expanding,4,Lasso,POSNEG,2018-09-01,4.948788235294118,4.991186108122405,-0.04239787282828722
expanding,4,Lasso,POSNEG,2018-10-01,5.096627272727273,5.920657607948046,-0.8240303352207734
expanding,4,Lasso,POSNEG,2018-11-01,5.116333333333333,5.663916410716798,-0.5475830773834645
expanding,4,Lasso,POSNEG,2018-12-01,5.169666666666667,4.842723793092022,0.32694287357464535
expanding,4,Lasso,POSNEG,2019-01-01,5.220527777777778,4.219394802915788,1.0011329748619895
expanding,4,Lasso,POSNEG,2019-02-01,5.035757142857143,3.8355539444690705,1.2002031983880728
expanding,4,Lasso,POSNEG,2019-03-01,4.934044444444444,4.35391052264752,0.5801339217969241
expanding,4,Lasso,POSNEG,2019-04-01,4.7935,4.482394701223485,0.31110529877651505
expanding,4,Lasso,POSNEG,2019-05-01,4.410036842105264,4.231735464470946,0.17830137763431786
expanding,4,Lasso,POSNEG,2019-06-01,4.32444761904762,4.207494253821409,0.11695336522621158
expanding,4,Lasso,POSNEG,2019-07-01,4.088347826086957,3.974056402108827,0.11429142397812964
expanding,4,Lasso,POSNEG,2019-08-01,4.01318,3.7085728064798813,0.3046071935201189
expanding,4,Lasso,POSNEG,2019-09-01,3.979216666666667,3.8010214916582274,0.1781951750084394
expanding,4,Lasso,POSNEG,2019-10-01,3.831255,3.4911336201372234,0.3401213798627767
expanding,4,Lasso,POSNEG,2019-11-01,3.672726315789474,3.1799481805343683,0.4927781352551057
expanding,4,Lasso,ToneMean,2016-01-01,2.523847619047619,3.407212245426005,-0.8833646263783863
expanding,4,Lasso,ToneMean,2016-02-01,2.525338095238096,3.5624579783195447,-1.0371198830814485
expanding,4,Lasso,ToneMean,2016-03-01,2.51565,2.9420425598918585,-0.42639255989185854
expanding,4,Lasso,ToneMean,2016-04-01,2.5214052631578947,3.427628270958504,-0.9062230078006093
expanding,4,Lasso,ToneMean,2016-05-01,2.517215,4.008291245853031,-1.491076245853031
expanding,4,Lasso,ToneMean,2016-06-01,2.514826315789474,4.173242763043984,-1.6584164472545098
expanding,4,Lasso,ToneMean,2016-07-01,2.5058625,3.3929198763173885,-0.8870573763173883
expanding,4,Lasso,ToneMean,2016-08-01,2.5015650000000003,3.1743734974783364,-0.6728084974783362
expanding,4,Lasso,ToneMean,2016-09-01,2.518775,3.19413846801612,-0.6753634680161196
expanding,4,Lasso,ToneMean,2016-10-01,2.527788888888889,3.3590109546951306,-0.8312220658062417
expanding,4,Lasso,ToneMean,2016-11-01,2.51759375,3.443744013240795,-0.9261502632407947
expanding,4,Lasso,ToneMean,2016-12-01,2.535536363636364,4.138643135581993,-1.6031067719456287
expanding,4,Lasso,ToneMean,2017-01-01,2.5772411764705883,3.9244512065488535,-1.3472100300782652
expanding,4,Lasso,ToneMean,2017-02-01,2.57815,4.022472076871086,-1.444322076871086
expanding,4,Lasso,ToneMean,2017-03-01,2.5543,4.3234099523377445,-1.7691099523377445
expanding,4,Lasso,ToneMean,2017-04-01,2.5655,4.341777565481132,-1.7762775654811316
expanding,4,Lasso,ToneMean,2017-05-01,2.553335294117648,3.5445726811295826,-0.9912373870119344
expanding,4,Lasso,ToneMean,2017-06-01,2.5712,3.8239811408259357,-1.2527811408259355
expanding,4,Lasso,ToneMean,2017-07-01,2.65784,3.2486013590287732,-0.590761359028773
expanding,4,Lasso,ToneMean,2017-08-01,2.69046,2.885033948874579,-0.19457394887457902
expanding,4,Lasso,ToneMean,2017-09-01,3.0855473684210524,3.7865699138910287,-0.7010225454699763
expanding,4,Lasso,ToneMean,2017-10-01,3.0982380952380955,3.457982060000165,-0.3597439647620697
expanding,4,Lasso,ToneMean,2017-11-01,3.075673684210526,4.20316033225913,-1.1274866480486039
expanding,4,Lasso,ToneMean,2017-12-01,3.065655,4.153096374957043,-1.0874413749570429
expanding,4,Lasso,ToneMean,2018-01-01,3.15159,4.395611405710591,-1.244021405710591
expanding,4,Lasso,ToneMean,2018-02-01,3.30657619047619,4.299492582495328,-0.9929163920191382
expanding,4,Lasso,ToneMean,2018-03-01,3.4621947368421053,4.290610845597104,-0.828416108754999
expanding,4,Lasso,ToneMean,2018-04-01,3.6392136363636367,4.327512262925358,-0.6882986265617217
expanding,4,Lasso,ToneMean,2018-05-01,3.934538095238095,4.849207256515811,-0.914669161277716
expanding,4,Lasso,ToneMean,2018-06-01,4.20315,4.603881626382835,-0.4007316263828349
expanding,4,Lasso,ToneMean,2018-07-01,4.641321739130435,5.066656366300265,-0.42533462716983017
expanding,4,Lasso,ToneMean,2018-08-01,4.782921052631579,5.441582182755158,-0.658661130123579
expanding,4,Lasso,ToneMean,2018-09-01,4.948788235294118,4.950909041165641,-0.0021208058715229683
expanding,4,Lasso,ToneMean,2018-10-01,5.096627272727273,5.712388076894028,-0.6157608041667553
expanding,4,Lasso,ToneMean,2018-11-01,5.116333333333333,5.54523023427727,-0.4288969009439363
expanding,4,Lasso,ToneMean,2018-12-01,5.169666666666667,4.794934135331177,0.3747325313354901
expanding,4,Lasso,ToneMean,2019-01-01,5.220527777777778,4.144151287019516,1.0763764907582622
expanding,4,Lasso,ToneMean,2019-02-01,5.035757142857143,4.445266485455356,0.5904906574017872
expanding,4,Lasso,ToneMean,2019-03-01,4.934044444444444,4.2660905190065,0.6679539254379439
expanding,4,Lasso,ToneMean,2019-04-01,4.7935,4.43224013052906,0.36125986947094013
expanding,4,Lasso,ToneMean,2019-05-01,4.410036842105264,4.144472498719758,0.2655643433855053
expanding,4,Lasso,ToneMean,2019-06-01,4.32444761904762,4.201957223987701,0.12249039505991899
expanding,4,Lasso,ToneMean,2019-07-01,4.088347826086957,4.072822235744688,0.015525590342268636
expanding,4,Lasso,ToneMean,2019-08-01,4.01318,3.7188611060997983,0.29431889390020194
expanding,4,Lasso,ToneMean,2019-09-01,3.979216666666667,3.7099643431036715,0.26925232356299533
expanding,4,Lasso,ToneMean,2019-10-01,3.831255,3.4140657489336563,0.41718925106634375
expanding,4,Lasso,ToneMean,2019-11-01,3.672726315789474,3.142699519197125,0.5300267965923489
expanding,4,OLS,NEG,2016-01-01,2.523847619047619,3.225947355488117,-0.702099736440498
expanding,4,OLS,NEG,2016-02-01,2.525338095238096,3.4932706477948248,-0.9679325525567286
expanding,4,OLS,NEG,2016-03-01,2.51565,2.9775752949469676,-0.46192529494696766
expanding,4,OLS,NEG,2016-04-01,2.5214052631578947,3.429213136285451,-0.9078078731275565
expanding,4,OLS,NEG,2016-05-01,2.517215,3.8742901236102143,-1.357075123610214
expanding,4,OLS,NEG,2016-06-01,2.514826315789474,4.335662555054335,-1.8208362392648612
expanding,4,OLS,NEG,2016-07-01,2.5058625,3.4644884066468458,-0.9586259066468457
expanding,4,OLS,NEG,2016-08-01,2.5015650000000003,3.101633746418722,-0.6000687464187218
expanding,4,OLS,NEG,2016-09-01,2.518775,3.217671190776077,-0.6988961907760767
expanding,4,OLS,NEG,2016-10-01,2.527788888888889,3.3708240957315385,-0.8430352068426497
expanding,4,OLS,NEG,2016-11-01,2.51759375,3.4584428162639846,-0.9408490662639846
expanding,4,OLS,NEG,2016-12-01,2.535536363636364,3.900106764624222,-1.3645704009878576
expanding,4,OLS,NEG,2017-01-01,2.5772411764705883,3.906435986188864,-1.3291948097182757
expanding,4,OLS,NEG,2017-02-01,2.57815,4.055408451785365,-1.4772584517853646
expanding,4,OLS,NEG,2017-03-01,2.5543,4.275005550505426,-1.7207055505054263
expanding,4,OLS,NEG,2017-04-01,2.5655,4.330356430579358,-1.764856430579358
expanding,4,OLS,NEG,2017-05-01,2.553335294117648,3.45129879573151,-0.8979635016138618
expanding,4,OLS,NEG,2017-06-01,2.5712,3.7786084370610995,-1.2074084370610993
expanding,4,OLS,NEG,2017-07-01,2.65784,2.9994349692438007,-0.3415949692438005
expanding,4,OLS,NEG,2017-08-01,2.69046,2.6726089034322804,0.017851096567719438
expanding,4,OLS,NEG,2017-09-01,3.0855473684210524,3.7259047354882435,-0.6403573670671912
expanding,4,OLS,NEG,2017-10-01,3.0982380952380955,3.2416181307308713,-0.1433800354927759
expanding,4,OLS,NEG,2017-11-01,3.075673684210526,4.074298788585247,-0.9986251043747205
expanding,4,OLS,NEG,2017-12-01,3.065655,4.210898027414305,-1.1452430274143048
expanding,4,OLS,NEG,2018-01-01,3.15159,4.257199030242777,-1.105609030242777
expanding,4,OLS,NEG,2018-02-01,3.30657619047619,4.098232046998023,-0.7916558565218326
expanding,4,OLS,NEG,2018-03-01,3.4621947368421053,4.278499864358621,-0.8163051275165158
expanding,4,OLS,NEG,2018-04-01,3.6392136363636367,4.129878610635417,-0.4906649742717799
expanding,4,OLS,NEG,2018-05-01,3.934538095238095,4.900093001291097,-0.965554906053002
expanding,4,OLS,NEG,2018-06-01,4.20315,4.512010326469132,-0.30886032646913186
expanding,4,OLS,NEG,2018-07-01,4.641321739130435,5.134424807913047,-0.4931030687826121
expanding,4,OLS,NEG,2018-08-01,4.782921052631579,5.62510590197285,-0.8421848493412707
expanding,4,OLS,NEG,2018-09-01,4.948788235294118,5.049310226625505,-0.10052199133138728
expanding,4,OLS,NEG,2018-10-01,5.096627272727273,5.685692647429215,-0.5890653747019421
expanding,4,OLS,NEG,2018-11-01,5.116333333333333,5.470414923450203,-0.3540815901168699
expanding,4,OLS,NEG,2018-12-01,5.169666666666667,4.75395657898607,0.4157100876805968
expanding,4,OLS,NEG,2019-01-01,5.220527777777778,4.19480724841797,1.0257205293598082
expanding,4,OLS,NEG,2019-02-01,5.035757142857143,4.640323314704708,0.3954338281524352
expanding,4,OLS,NEG,2019-03-01,4.934044444444444,4.254861122140491,0.6791833223039534
expanding,4,OLS,NEG,2019-04-01,4.7935,4.378286453386669,0.4152135466133311
expanding,4,OLS,NEG,2019-05-01,4.410036842105264,4.192941979933784,0.21709486217147944
expanding,4,OLS,NEG,2019-06-01,4.32444761904762,4.270268512757631,0.054179106289989676
expanding,4,OLS,NEG,2019-07-01,4.088347826086957,4.105735164711461,-0.017387338624503812
expanding,4,OLS,NEG,2019-08-01,4.01318,3.8974211763455098,0.11575882365449042
expanding,4,OLS,NEG,2019-09-01,3.979216666666667,3.565584626939698,0.41363203972696905
expanding,4,OLS,NEG,2019-10-01,3.831255,3.2641619246309244,0.5670930753690757
expanding,4,OLS,NEG,2019-11-01,3.672726315789474,3.0167686899495023,0.6559576258399717
expanding,4,OLS,None,2016-01-01,2.523847619047619,3.232735775638398,-0.708888156590779
expanding,4,OLS,None,2016-02-01,2.525338095238096,3.492357192576571,-0.9670190973384747
expanding,4,OLS,None,2016-03-01,2.51565,2.9852385180182592,-0.4695885180182593
expanding,4,OLS,None,2016-04-01,2.5214052631578947,3.4227953065590135,-0.9013900434011188
expanding,4,OLS,None,2016-05-01,2.517215,3.8658472544255553,-1.3486322544255551
expanding,4,OLS,None,2016-06-01,2.514826315789474,4.333909356217376,-1.819083040427902
expanding,4,OLS,None,2016-07-01,2.5058625,3.4650787796349283,-0.9592162796349282
expanding,4,OLS,None,2016-08-01,2.5015650000000003,3.103922498104373,-0.6023574981043729
expanding,4,OLS,None,2016-09-01,2.518775,3.2252687701418234,-0.7064937701418232
expanding,4,OLS,None,2016-10-01,2.527788888888889,3.3879200557551963,-0.8601311668663074
expanding,4,OLS,None,2016-11-01,2.51759375,3.469162990589929,-0.951569240589929
expanding,4,OLS,None,2016-12-01,2.535536363636364,3.865437912933765,-1.329901549297401
expanding,4,OLS,None,2017-01-01,2.5772411764705883,3.9216942264582926,-1.3444530499877043
expanding,4,OLS,None,2017-02-01,2.57815,4.090916097284934,-1.512766097284934
expanding,4,OLS,None,2017-03-01,2.5543,4.278485456926082,-1.7241854569260817
expanding,4,OLS,None,2017-04-01,2.5655,4.325980682085723,-1.7604806820857233
expanding,4,OLS,None,2017-05-01,2.553335294117648,3.4382764795100513,-0.8849411853924032
expanding,4,OLS,None,2017-06-01,2.5712,3.768664051208729,-1.197464051208729
expanding,4,OLS,None,2017-07-01,2.65784,2.976438850599147,-0.31859885059914683
expanding,4,OLS,None,2017-08-01,2.69046,2.667420397489975,0.023039602510024793
expanding,4,OLS,None,2017-09-01,3.0855473684210524,3.701913516955516,-0.6163661485344636
expanding,4,OLS,None,2017-10-01,3.0982380952380955,3.2326681572682014,-0.134430062030106
expanding,4,OLS,None,2017-11-01,3.075673684210526,4.071895347607917,-0.996221663397391
expanding,4,OLS,None,2017-12-01,3.065655,4.206218268774189,-1.1405632687741893
expanding,4,OLS,None,2018-01-01,3.15159,4.239393346533005,-1.0878033465330046
expanding,4,OLS,None,2018-02-01,3.30657619047619,4.082082052339506,-0.7755058618633157
expanding,4,OLS,None,2018-03-01,3.4621947368421053,4.276360768298578,-0.8141660314564727
expanding,4,OLS,None,2018-04-01,3.6392136363636367,4.11766849667726,-0.4784548603136236
expanding,4,OLS,None,2018-05-01,3.934538095238095,4.901769070484532,-0.9672309752464368
expanding,4,OLS,None,2018-06-01,4.20315,4.500476192295269,-0.29732619229526946
expanding,4,OLS,None,2018-07-01,4.641321739130435,5.134097540306592,-0.4927758011761574
expanding,4,OLS,None,2018-08-01,4.782921052631579,5.63482525564586,-0.8519042030142812
expanding,4,OLS,None,2018-09-01,4.948788235294118,5.060476863281185,-0.1116886279870668
expanding,4,OLS,None,2018-10-01,5.096627272727273,5.681446933880095,-0.5848196611528227
expanding,4,OLS,None,2018-11-01,5.116333333333333,5.468630283207508,-0.3522969498741748
expanding,4,OLS,None,2018-12-01,5.169666666666667,4.741307284893675,0.42835938177299226
expanding,4,OLS,None,2019-01-01,5.220527777777778,4.207138488150821,1.0133892896269572
expanding,4,OLS,None,2019-02-01,5.035757142857143,4.628442973738306,0.40731416911883755
expanding,4,OLS,None,2019-03-01,4.934044444444444,4.253972520265222,0.6800719241792219
expanding,4,OLS,None,2019-04-01,4.7935,4.368200020697245,0.4252999793027552
expanding,4,OLS,None,2019-05-01,4.410036842105264,4.196257193332642,0.213779648772622
expanding,4,OLS,None,2019-06-01,4.32444761904762,4.274939235381808,0.04950838366581234
expanding,4,OLS,None,2019-07-01,4.088347826086957,4.0984912612674185,-0.01014343518046168
expanding,4,OLS,None,2019-08-01,4.01318,3.905492627841367,0.10768737215863311
expanding,4,OLS,None,2019-09-01,3.979216666666667,3.549105494151065,0.43011117251560194
expanding,4,OLS,None,2019-10-01,3.831255,3.2553771141784855,0.5758778858215146
expanding,4,OLS,None,2019-11-01,3.672726315789474,3.0050570818792974,0.6676692339101766
expanding,4,OLS,POSNEG,2016-01-01,2.523847619047619,3.8295014291081917,-1.3056538100605728
expanding,4,OLS,POSNEG,2016-02-01,2.525338095238096,3.533767697442205,-1.0084296022041088
expanding,4,OLS,POSNEG,2016-03-01,2.51565,3.027495856870699,-0.511845856870699
expanding,4,OLS,POSNEG,2016-04-01,2.5214052631578947,3.3023836712567842,-0.7809784080988895
expanding,4,OLS,POSNEG,2016-05-01,2.517215,4.181966239218068,-1.6647512392180674
expanding,4,OLS,POSNEG,2016-06-01,2.514826315789474,4.012242318842856,-1.4974160030533818
expanding,4,OLS,POSNEG,2016-07-01,2.5058625,3.358920526119255,-0.8530580261192551
expanding,4,OLS,POSNEG,2016-08-01,2.5015650000000003,3.4826173823790683,-0.981052382379068
expanding,4,OLS,POSNEG,2016-09-01,2.518775,3.4104377903195866,-0.8916627903195864
expanding,4,OLS,POSNEG,2016-10-01,2.527788888888889,3.6759031592629112,-1.1481142703740224
expanding,4,OLS,POSNEG,2016-11-01,2.51759375,3.529840972107687,-1.0122472221076868
expanding,4,OLS,POSNEG,2016-12-01,2.535536363636364,4.003487093782482,-1.4679507301461179
expanding,4,OLS,POSNEG,2017-01-01,2.5772411764705883,4.312604497856665,-1.7353633213860764
expanding,4,OLS,POSNEG,2017-02-01,2.57815,4.5387540832215345,-1.9606040832215346
expanding,4,OLS,POSNEG,2017-03-01,2.5543,4.4065228906078975,-1.8522228906078975
expanding,4,OLS,POSNEG,2017-04-01,2.5655,4.414626944032367,-1.849126944032367
expanding,4,OLS,POSNEG,2017-05-01,2.553335294117648,3.326515070984599,-0.773179776866951
expanding,4,OLS,POSNEG,2017-06-01,2.5712,3.739518088292348,-1.1683180882923478
expanding,4,OLS,POSNEG,2017-07-01,2.65784,3.25119004315141,-0.5933500431514096
expanding,4,OLS,POSNEG,2017-08-01,2.69046,2.9004435340260386,-0.20998353402603875
expanding,4,OLS,POSNEG,2017-09-01,3.0855473684210524,3.483920488489404,-0.39837312006835157
expanding,4,OLS,POSNEG,2017-10-01,3.0982380952380955,3.6238509184262564,-0.5256128231881609
expanding,4,OLS,POSNEG,2017-11-01,3.075673684210526,4.3943058381259865,-1.3186321539154604
expanding,4,OLS,POSNEG,2017-12-01,3.065655,4.1267246987556625,-1.0610696987556625
expanding,4,OLS,POSNEG,2018-01-01,3.15159,4.575587572074803,-1.423997572074803
expanding,4,OLS,POSNEG,2018-02-01,3.30657619047619,4.449078227629043,-1.1425020371528527
expanding,4,OLS,POSNEG,2018-03-01,3.4621947368421053,4.273942592101864,-0.811747855259759
expanding,4,OLS,POSNEG,2018-04-01,3.6392136363636367,4.472431168505376,-0.8332175321417394
expanding,4,OLS,POSNEG,2018-05-01,3.934538095238095,4.86625232503915,-0.9317142298010546
expanding,4,OLS,POSNEG,2018-06-01,4.20315,4.532535134305825,-0.3293851343058254
expanding,4,OLS,POSNEG,2018-07-01,4.641321739130435,5.187858335891578,-0.5465365967611433
expanding,4,OLS,POSNEG,2018-08-01,4.782921052631579,5.594317324888854,-0.8113962722572747
expanding,4,OLS,POSNEG,2018-09-01,4.948788235294118,5.0457064887557666,-0.09691825346164862
expanding,4,OLS,POSNEG,2018-10-01,5.096627272727273,6.04950049348372,-0.9528732207564472
expanding,4,OLS,POSNEG,2018-11-01,5.116333333333333,5.757986691540709,-0.6416533582073756
expanding,4,OLS,POSNEG,2018-12-01,5.169666666666667,4.856449818271025,0.31321684839564234
expanding,4,OLS,POSNEG,2019-01-01,5.220527777777778,4.244920695683088,0.9756070820946903
expanding,4,OLS,POSNEG,2019-02-01,5.035757142857143,3.840896541926082,1.1948606009310612
expanding,4,OLS,POSNEG,2019-03-01,4.934044444444444,4.400160733126331,0.5338837113181132
expanding,4,OLS,POSNEG,2019-04-01,4.7935,4.536192383417726,0.2573076165822741
expanding,4,OLS,POSNEG,2019-05-01,4.410036842105264,4.288742832966258,0.12129400913900579
expanding,4,OLS,POSNEG,2019-06-01,4.32444761904762,4.238653940986975,0.08579367806064564
expanding,4,OLS,POSNEG,2019-07-01,4.088347826086957,3.984347963631355,0.103999862455602
expanding,4,OLS,POSNEG,2019-08-01,4.01318,3.8480237521945133,0.16515624780548688
expanding,4,OLS,POSNEG,2019-09-01,3.979216666666667,3.819056566507047,0.16016010015962
expanding,4,OLS,POSNEG,2019-10-01,3.831255,3.4514609556864033,0.37979404431359676
expanding,4,OLS,POSNEG,2019-11-01,3.672726315789474,3.1195214770670154,0.5532048387224586
expanding,4,OLS,ToneMean,2016-01-01,2.523847619047619,3.377506495448422,-0.8536588764008033
expanding,4,OLS,ToneMean,2016-02-01,2.525338095238096,3.5499340758982654,-1.0245959806601692
expanding,4,OLS,ToneMean,2016-03-01,2.51565,2.9176364044140484,-0.4019864044140484
expanding,4,OLS,ToneMean,2016-04-01,2.5214052631578947,3.4420951312690224,-0.9206898681111277
expanding,4,OLS,ToneMean,2016-05-01,2.517215,4.05140163240301,-1.53418663240301
expanding,4,OLS,ToneMean,2016-06-01,2.514826315789474,4.238540228452996,-1.7237139126635217
expanding,4,OLS,ToneMean,2016-07-01,2.5058625,3.4129495786301582,-0.9070870786301581
expanding,4,OLS,ToneMean,2016-08-01,2.5015650000000003,3.165784141260352,-0.6642191412603515
expanding,4,OLS,ToneMean,2016-09-01,2.518775,3.175315716455618,-0.6565407164556176
expanding,4,OLS,ToneMean,2016-10-01,2.527788888888889,3.335197232450473,-0.8074083435615842
expanding,4,OLS,ToneMean,2016-11-01,2.51759375,3.4139122191145965,-0.8963184691145964
expanding,4,OLS,ToneMean,2016-12-01,2.535536363636364,4.1334863530257255,-1.5979499893893614
expanding,4,OLS,ToneMean,2017-01-01,2.5772411764705883,3.9121334266853864,-1.3348922502147982
expanding,4,OLS,ToneMean,2017-02-01,2.57815,4.037877151425219,-1.459727151425219
expanding,4,OLS,ToneMean,2017-03-01,2.5543,4.328459725216397,-1.7741597252163968
expanding,4,OLS,ToneMean,2017-04-01,2.5655,4.342745532953941,-1.7772455329539412
expanding,4,OLS,ToneMean,2017-05-01,2.553335294117648,3.4756880767383924,-0.9223527826207443
expanding,4,OLS,ToneMean,2017-06-01,2.5712,3.796201984077565,-1.225001984077565
expanding,4,OLS,ToneMean,2017-07-01,2.65784,3.1813661859732774,-0.5235261859732772
expanding,4,OLS,ToneMean,2017-08-01,2.69046,2.7977944058313846,-0.10733440583138476
expanding,4,OLS,ToneMean,2017-09-01,3.0855473684210524,3.783681835163208,-0.6981344667421556
expanding,4,OLS,ToneMean,2017-10-01,3.0982380952380955,3.424649734882531,-0.3264116396444354
expanding,4,OLS,ToneMean,2017-11-01,3.075673684210526,4.210164444052519,-1.1344907598419929
expanding,4,OLS,ToneMean,2017-12-01,3.065655,4.170533937303235,-1.1048789373032348
expanding,4,OLS,ToneMean,2018-01-01,3.15159,4.437118476194558,-1.2855284761945582
expanding,4,OLS,ToneMean,2018-02-01,3.30657619047619,4.3056914410860125,-0.9991152506098224
expanding,4,OLS,ToneMean,2018-03-01,3.4621947368421053,4.294351362955824,-0.832156626113719
expanding,4,OLS,ToneMean,2018-04-01,3.6392136363636367,4.30598286312774,-0.6667692267641034
expanding,4,OLS,ToneMean,2018-05-01,3.934538095238095,4.878321752330414,-0.9437836570923186
expanding,4,OLS,ToneMean,2018-06-01,4.20315,4.602103306808657,-0.39895330680865726
expanding,4,OLS,ToneMean,2018-07-01,4.641321739130435,5.149097003367033,-0.5077752642365985
expanding,4,OLS,ToneMean,2018-08-01,4.782921052631579,5.560742771150025,-0.777821718518446
expanding,4,OLS,ToneMean,2018-09-01,4.948788235294118,4.9938706793508425,-0.04508244405672457
expanding,4,OLS,ToneMean,2018-10-01,5.096627272727273,5.830222397741776,-0.7335951250145039
expanding,4,OLS,ToneMean,2018-11-01,5.116333333333333,5.627907063228915,-0.5115737298955816
expanding,4,OLS,ToneMean,2018-12-01,5.169666666666667,4.8148800066464,0.3547866600202667
expanding,4,OLS,ToneMean,2019-01-01,5.220527777777778,4.155340833728612,1.0651869440491657
expanding,4,OLS,ToneMean,2019-02-01,5.035757142857143,4.484409632659544,0.5513475101975995
expanding,4,OLS,ToneMean,2019-03-01,4.934044444444444,4.3083766364594585,0.6256678079849856
expanding,4,OLS,ToneMean,2019-04-01,4.7935,4.490264160903863,0.3032358390961365
expanding,4,OLS,ToneMean,2019-05-01,4.410036842105264,4.195505532617639,0.2145313094876249
expanding,4,OLS,ToneMean,2019-06-01,4.32444761904762,4.230098307018888,0.09434931202873287
expanding,4,OLS,ToneMean,2019-07-01,4.088347826086957,4.0930581961245265,-0.004710370037569689
expanding,4,OLS,ToneMean,2019-08-01,4.01318,3.853001836097796,0.1601781639022044
expanding,4,OLS,ToneMean,2019-09-01,3.979216666666667,3.734241697199298,0.24497496946736863
expanding,4,OLS,ToneMean,2019-10-01,3.831255,3.375249367042331,0.45600563295766916
expanding,4,OLS,ToneMean,2019-11-01,3.672726315789474,3.0872729467794433,0.5854533690100308
expanding,4,Ridge,NEG,2016-01-01,2.523847619047619,3.234386659921546,-0.7105390408739272
expanding,4,Ridge,NEG,2016-02-01,2.525338095238096,3.497627399414688,-0.9722893041765919
expanding,4,Ridge,NEG,2016-03-01,2.51565,3.000442717465448,-0.48479271746544805
expanding,4,Ridge,NEG,2016-04-01,2.5214052631578947,3.434655434982072,-0.9132501718241772
expanding,4,Ridge,NEG,2016-05-01,2.517215,3.864802263347718,-1.3475872633477177
expanding,4,Ridge,NEG,2016-06-01,2.514826315789474,4.306566724844751,-1.7917404090552767
expanding,4,Ridge,NEG,2016-07-01,2.5058625,3.4701316410159606,-0.9642691410159605
expanding,4,Ridge,NEG,2016-08-01,2.5015650000000003,3.1205906553697,-0.6190256553696996
expanding,4,Ridge,NEG,2016-09-01,2.518775,3.231678760617973,-0.7129037606179729
expanding,4,Ridge,NEG,2016-10-01,2.527788888888889,3.378558444162218,-0.8507695552733292
expanding,4,Ridge,NEG,2016-11-01,2.51759375,3.4708211839958487,-0.9532274339958486
expanding,4,Ridge,NEG,2016-12-01,2.535536363636364,3.9087311370909212,-1.373194773454557
expanding,4,Ridge,NEG,2017-01-01,2.5772411764705883,3.914477191364181,-1.337236014893593
expanding,4,Ridge,NEG,2017-02-01,2.57815,4.056367226756348,-1.4782172267563478
expanding,4,Ridge,NEG,2017-03-01,2.5543,4.272794824666603,-1.7184948246666027
expanding,4,Ridge,NEG,2017-04-01,2.5655,4.326925612295818,-1.7614256122958176
expanding,4,Ridge,NEG,2017-05-01,2.553335294117648,3.4575921299931114,-0.9042568358754632
expanding,4,Ridge,NEG,2017-06-01,2.5712,3.7767155602023132,-1.205515560202313
expanding,4,Ridge,NEG,2017-07-01,2.65784,3.019322759803249,-0.36148275980324884
expanding,4,Ridge,NEG,2017-08-01,2.69046,2.694636180110013,-0.004176180110013306
expanding,4,Ridge,NEG,2017-09-01,3.0855473684210524,3.723086191326203,-0.6375388229051508
expanding,4,Ridge,NEG,2017-10-01,3.0982380952380955,3.251381916415077,-0.15314382117698155
expanding,4,Ridge,NEG,2017-11-01,3.075673684210526,4.066881534679758,-0.9912078504692317
expanding,4,Ridge,NEG,2017-12-01,3.065655,4.19980331648824,-1.1341483164882402
expanding,4,Ridge,NEG,2018-01-01,3.15159,4.250370018621233,-1.0987800186212326
expanding,4,Ridge,NEG,2018-02-01,3.30657619047619,4.102665659084932,-0.7960894686087423
expanding,4,Ridge,NEG,2018-03-01,3.4621947368421053,4.279383340934396,-0.8171886040922911
expanding,4,Ridge,NEG,2018-04-01,3.6392136363636367,4.135510483340067,-0.49629684697642995
expanding,4,Ridge,NEG,2018-05-01,3.934538095238095,4.890043696161761,-0.9555056009236655
expanding,4,Ridge,NEG,2018-06-01,4.20315,4.510221648197667,-0.30707164819766675
expanding,4,Ridge,NEG,2018-07-01,4.641321739130435,5.114179552006864,-0.4728578128764296
expanding,4,Ridge,NEG,2018-08-01,4.782921052631579,5.597851399500237,-0.8149303468686577
expanding,4,Ridge,NEG,2018-09-01,4.948788235294118,5.039168952312397,-0.0903807170182791
expanding,4,Ridge,NEG,2018-10-01,5.096627272727273,5.6640451177482305,-0.5674178450209579
expanding,4,Ridge,NEG,2018-11-01,5.116333333333333,5.453866951799634,-0.3375336184663009
expanding,4,Ridge,NEG,2018-12-01,5.169666666666667,4.751069524849152,0.4185971418175152
expanding,4,Ridge,NEG,2019-01-01,5.220527777777778,4.195439761736678,1.0250880160411002
expanding,4,Ridge,NEG,2019-02-01,5.035757142857143,4.635523211273566,0.40023393158357745
expanding,4,Ridge,NEG,2019-03-01,4.934044444444444,4.250588972599433,0.6834554718450114
expanding,4,Ridge,NEG,2019-04-01,4.7935,4.37192447570819,0.4215755242918098
expanding,4,Ridge,NEG,2019-05-01,4.410036842105264,4.187511934028911,0.22252490807635272
expanding,4,Ridge,NEG,2019-06-01,4.32444761904762,4.266986751474885,0.057460867572735275
expanding,4,Ridge,NEG,2019-07-01,4.088347826086957,4.105350329399943,-0.017002503312986583
expanding,4,Ridge,NEG,2019-08-01,4.01318,3.8848229934309417,0.12835700656905846
expanding,4,Ridge,NEG,2019-09-01,3.979216666666667,3.5681448085198504,0.41107185814681646
expanding,4,Ridge,NEG,2019-10-01,3.831255,3.275387159082171,0.5558678409178293
expanding,4,Ridge,NEG,2019-11-01,3.672726315789474,3.030958365572318,0.6417679502171563
expanding,4,Ridge,None,2016-01-01,2.523847619047619,3.2415752045824306,-0.7177275855348118
expanding,4,Ridge,None,2016-02-01,2.525338095238096,3.496693088257489,-0.9713549930193928
expanding,4,Ridge,None,2016-03-01,2.51565,3.0085839549141067,-0.49293395491410674
expanding,4,Ridge,None,2016-04-01,2.5214052631578947,3.427953082801658,-0.9065478196437633
expanding,4,Ridge,None,2016-05-01,2.517215,3.855824109192307,-1.3386091091923067
expanding,4,Ridge,None,2016-06-01,2.514826315789474,4.304561642112622,-1.7897353263231484
expanding,4,Ridge,None,2016-07-01,2.5058625,3.470806169538121,-0.9649436695381208
expanding,4,Ridge,None,2016-08-01,2.5015650000000003,3.123190978142254,-0.6216259781422537
expanding,4,Ridge,None,2016-09-01,2.518775,3.240129875916699,-0.721354875916699
expanding,4,Ridge,None,2016-10-01,2.527788888888889,3.3970589283781605,-0.8692700394892716
expanding,4,Ridge,None,2016-11-01,2.51759375,3.4821673411062726,-0.9645735911062725
expanding,4,Ridge,None,2016-12-01,2.535536363636364,3.8724863432157104,-1.3369499795793462
expanding,4,Ridge,None,2017-01-01,2.5772411764705883,3.9313643801084037,-1.3541232036378155
expanding,4,Ridge,None,2017-02-01,2.57815,4.093660385055589,-1.515510385055589
expanding,4,Ridge,None,2017-03-01,2.5543,4.276298120813211,-1.7219981208132107
expanding,4,Ridge,None,2017-04-01,2.5655,4.3223192052653925,-1.7568192052653924
expanding,4,Ridge,None,2017-05-01,2.553335294117648,3.4441343171374004,-0.8907990230197522
expanding,4,Ridge,None,2017-06-01,2.5712,3.7663628032473886,-1.1951628032473884
expanding,4,Ridge,None,2017-07-01,2.65784,2.995762270711902,-0.3379222707119016
expanding,4,Ridge,None,2017-08-01,2.69046,2.6894146166792496,0.001045383320750215
expanding,4,Ridge,None,2017-09-01,3.0855473684210524,3.698311728087475,-0.6127643596664227
expanding,4,Ridge,None,2017-10-01,3.0982380952380955,3.242154933456453,-0.14391683821835732
expanding,4,Ridge,None,2017-11-01,3.075673684210526,4.064265810719018,-0.9885921265084918
expanding,4,Ridge,None,2017-12-01,3.065655,4.194807447276975,-1.1291524472769754
expanding,4,Ridge,None,2018-01-01,3.15159,4.231894950378696,-1.0803049503786961
expanding,4,Ridge,None,2018-02-01,3.30657619047619,4.085872017439942,-0.779295826963752
expanding,4,Ridge,None,2018-03-01,3.4621947368421053,4.277115330894368,-0.8149205940522628
expanding,4,Ridge,None,2018-04-01,3.6392136363636367,4.1226822497215,-0.48346861335786295
expanding,4,Ridge,None,2018-05-01,3.934538095238095,4.891717918729865,-0.9571798234917703
expanding,4,Ridge,None,2018-06-01,4.20315,4.4980432168731825,-0.2948932168731826
expanding,4,Ridge,None,2018-07-01,4.641321739130435,5.113644199556247,-0.4723224604258123
expanding,4,Ridge,None,2018-08-01,4.782921052631579,5.607863624955851,-0.8249425723242716
expanding,4,Ridge,None,2018-09-01,4.948788235294118,5.05055548865264,-0.10176725335852232
expanding,4,Ridge,None,2018-10-01,5.096627272727273,5.65946173014872,-0.562834457421447
expanding,4,Ridge,None,2018-11-01,5.116333333333333,5.451833905924695,-0.33550057259136157
expanding,4,Ridge,None,2018-12-01,5.169666666666667,4.737932209654769,0.43173445701189817
expanding,4,Ridge,None,2019-01-01,5.220527777777778,4.208057710243025,1.0124700675347524
expanding,4,Ridge,None,2019-02-01,5.035757142857143,4.623104254428899,0.4126528884282443
expanding,4,Ridge,None,2019-03-01,4.934044444444444,4.249595703594503,0.6844487408499411
expanding,4,Ridge,None,2019-04-01,4.7935,4.3613944080139095,0.43210559198609033
expanding,4,Ridge,None,2019-05-01,4.410036842105264,4.190875685279458,0.2191611568258054
expanding,4,Ridge,None,2019-06-01,4.32444761904762,4.271770092676792,0.05267752637082879
expanding,4,Ridge,None,2019-07-01,4.088347826086957,4.097832967161475,-0.009485141074518033
expanding,4,Ridge,None,2019-08-01,4.01318,3.8930665779939773,0.12011342200602293
expanding,4,Ridge,None,2019-09-01,3.979216666666667,3.551110729382482,0.4281059372841849
expanding,4,Ridge,None,2019-10-01,3.831255,3.266439111692347,0.5648158883076531
expanding,4,Ridge,None,2019-11-01,3.672726315789474,3.0190715918564335,0.6536547239330406
expanding,4,Ridge,POSNEG,2016-01-01,2.523847619047619,3.8361467436166605,-1.3122991245690416
expanding,4,Ridge,POSNEG,2016-02-01,2.525338095238096,3.5378350762967683,-1.0124969810586721
expanding,4,Ridge,POSNEG,2016-03-01,2.51565,3.0462358331704804,-0.5305858331704805
expanding,4,Ridge,POSNEG,2016-04-01,2.5214052631578947,3.307819792664414,-0.7864145295065192
expanding,4,Ridge,POSNEG,2016-05-01,2.517215,4.17526967766198,-1.6580546776619798
expanding,4,Ridge,POSNEG,2016-06-01,2.514826315789474,3.9887905862522315,-1.4739642704627576
expanding,4,Ridge,POSNEG,2016-07-01,2.5058625,3.3643193784613086,-0.8584568784613085
expanding,4,Ridge,POSNEG,2016-08-01,2.5015650000000003,3.498724276723176,-0.9971592767231758
expanding,4,Ridge,POSNEG,2016-09-01,2.518775,3.42205845930093,-0.9032834593009298
expanding,4,Ridge,POSNEG,2016-10-01,2.527788888888889,3.681577200825326,-1.1537883119364372
expanding,4,Ridge,POSNEG,2016-11-01,2.51759375,3.539954994884937,-1.0223612448849368
expanding,4,Ridge,POSNEG,2016-12-01,2.535536363636364,4.012906912461711,-1.4773705488253466
expanding,4,Ridge,POSNEG,2017-01-01,2.5772411764705883,4.318869643603838,-1.7416284671332498
expanding,4,Ridge,POSNEG,2017-02-01,2.57815,4.538262516928768,-1.9601125169287679
expanding,4,Ridge,POSNEG,2017-03-01,2.5543,4.40473549049479,-1.8504354904947902
expanding,4,Ridge,POSNEG,2017-04-01,2.5655,4.411710412829071,-1.8462104128290706
expanding,4,Ridge,POSNEG,2017-05-01,2.553335294117648,3.3314988655814837,-0.7781635714638355
expanding,4,Ridge,POSNEG,2017-06-01,2.5712,3.7378719688388298,-1.1666719688388296
expanding,4,Ridge,POSNEG,2017-07-01,2.65784,3.269687677895982,-0.6118476778959816
expanding,4,Ridge,POSNEG,2017-08-01,2.69046,2.9203447706406007,-0.22988477064060087
expanding,4,Ridge,POSNEG,2017-09-01,3.0855473684210524,3.4815220800622413,-0.3959747116411889
expanding,4,Ridge,POSNEG,2017-10-01,3.0982380952380955,3.633952884057041,-0.5357147888189457
expanding,4,Ridge,POSNEG,2017-11-01,3.075673684210526,4.388737277751677,-1.3130635935411505
expanding,4,Ridge,POSNEG,2017-12-01,3.065655,4.1171575056629734,-1.0515025056629734
expanding,4,Ridge,POSNEG,2018-01-01,3.15159,4.571511534582923,-1.4199215345829228
expanding,4,Ridge,POSNEG,2018-02-01,3.30657619047619,4.455227117763669,-1.1486509272874788
expanding,4,Ridge,POSNEG,2018-03-01,3.4621947368421053,4.275851578077037,-0.8136568412349319
expanding,4,Ridge,POSNEG,2018-04-01,3.6392136363636367,4.479777358719641,-0.8405637223560043
expanding,4,Ridge,POSNEG,2018-05-01,3.934538095238095,4.858910045110954,-0.9243719498728589
expanding,4,Ridge,POSNEG,2018-06-01,4.20315,4.53266846226067,-0.32951846226066994
expanding,4,Ridge,POSNEG,2018-07-01,4.641321739130435,5.171472582505518,-0.5301508433750834
expanding,4,Ridge,POSNEG,2018-08-01,4.782921052631579,5.57154181198661,-0.7886207593550312
expanding,4,Ridge,POSNEG,2018-09-01,4.948788235294118,5.037748684977975,-0.08896044968385741
expanding,4,Ridge,POSNEG,2018-10-01,5.096627272727273,6.03286396003521,-0.9362366873079377
expanding,4,Ridge,POSNEG,2018-11-01,5.116333333333333,5.746548943412385,-0.6302156100790519
expanding,4,Ridge,POSNEG,2018-12-01,5.169666666666667,4.8566305857964664,0.31303608087020063
expanding,4,Ridge,POSNEG,2019-01-01,5.220527777777778,4.246834678774837,0.9736930990029409
expanding,4,Ridge,POSNEG,2019-02-01,5.035757142857143,3.836452966528136,1.199304176329007
expanding,4,Ridge,POSNEG,2019-03-01,4.934044444444444,4.397366547856752,0.5366778965876922
expanding,4,Ridge,POSNEG,2019-04-01,4.7935,4.53179365202024,0.2617063479797599
expanding,4,Ridge,POSNEG,2019-05-01,4.410036842105264,4.284105606950307,0.1259312351549564
expanding,4,Ridge,POSNEG,2019-06-01,4.32444761904762,4.235692650491627,0.08875496855599341
expanding,4,Ridge,POSNEG,2019-07-01,4.088347826086957,3.9834589518875725,0.10488887419938431
expanding,4,Ridge,POSNEG,2019-08-01,4.01318,3.8355575093103096,0.1776224906896906
expanding,4,Ridge,POSNEG,2019-09-01,3.979216666666667,3.822068993287134,0.15714767337953273
expanding,4,Ridge,POSNEG,2019-10-01,3.831255,3.4617825921462546,0.36947240785374547
expanding,4,Ridge,POSNEG,2019-11-01,3.672726315789474,3.1323027808976267,0.5404235348918474
expanding,4,Ridge,ToneMean,2016-01-01,2.523847619047619,3.3871628914706644,-0.8633152724230455
expanding,4,Ridge,ToneMean,2016-02-01,2.525338095238096,3.554607160194827,-1.0292690649567309
expanding,4,Ridge,ToneMean,2016-03-01,2.51565,2.9380969286684007,-0.4224469286684007
expanding,4,Ridge,ToneMean,2016-04-01,2.5214052631578947,3.4471204294655102,-0.9257151663076155
expanding,4,Ridge,ToneMean,2016-05-01,2.517215,4.044586836968531,-1.5273718369685305
expanding,4,Ridge,ToneMean,2016-06-01,2.514826315789474,4.211328203176729,-1.6965018873872548
expanding,4,Ridge,ToneMean,2016-07-01,2.5058625,3.417980141495272,-0.9121176414952719
expanding,4,Ridge,ToneMean,2016-08-01,2.5015650000000003,3.18408376369726,-0.6825187636972596
expanding,4,Ridge,ToneMean,2016-09-01,2.518775,3.188511882295393,-0.6697368822953926
expanding,4,Ridge,ToneMean,2016-10-01,2.527788888888889,3.343171146083489,-0.8153822571946003
expanding,4,Ridge,ToneMean,2016-11-01,2.51759375,3.4251611345095236,-0.9075673845095236
expanding,4,Ridge,ToneMean,2016-12-01,2.535536363636364,4.14297690172793,-1.6074405380915655
expanding,4,Ridge,ToneMean,2017-01-01,2.5772411764705883,3.9209889975513605,-1.3437478210807723
expanding,4,Ridge,ToneMean,2017-02-01,2.57815,4.039617072327727,-1.4614670723277268
expanding,4,Ridge,ToneMean,2017-03-01,2.5543,4.327160081743876,-1.7728600817438758
expanding,4,Ridge,ToneMean,2017-04-01,2.5655,4.339644948529619,-1.774144948529619
expanding,4,Ridge,ToneMean,2017-05-01,2.553335294117648,3.4816566901485655,-0.9283213960309173
expanding,4,Ridge,ToneMean,2017-06-01,2.5712,3.7947279316117513,-1.223527931611751
expanding,4,Ridge,ToneMean,2017-07-01,2.65784,3.201645623345914,-0.5438056233459139
expanding,4,Ridge,ToneMean,2017-08-01,2.69046,2.81967882181571,-0.12921882181570998
expanding,4,Ridge,ToneMean,2017-09-01,3.0855473684210524,3.781639936678776,-0.6960925682577237
expanding,4,Ridge,ToneMean,2017-10-01,3.0982380952380955,3.436069672636422,-0.3378315773983265
expanding,4,Ridge,ToneMean,2017-11-01,3.075673684210526,4.205140148976869,-1.129466464766343
expanding,4,Ridge,ToneMean,2017-12-01,3.065655,4.160068893220034,-1.0944138932200338
expanding,4,Ridge,ToneMean,2018-01-01,3.15159,4.4330143016853665,-1.2814243016853664
expanding,4,Ridge,ToneMean,2018-02-01,3.30657619047619,4.312434770139222,-1.0058585796630322
expanding,4,Ridge,ToneMean,2018-03-01,3.4621947368421053,4.295877259579914,-0.8336825227378086
expanding,4,Ridge,ToneMean,2018-04-01,3.6392136363636367,4.313713418243712,-0.6744997818800749
expanding,4,Ridge,ToneMean,2018-05-01,3.934538095238095,4.869682724083553,-0.9351446288454581
expanding,4,Ridge,ToneMean,2018-06-01,4.20315,4.6019170819673745,-0.39876708196737454
expanding,4,Ridge,ToneMean,2018-07-01,4.641321739130435,5.131567740038051,-0.49024600090761616
expanding,4,Ridge,ToneMean,2018-08-01,4.782921052631579,5.536329255203096,-0.7534082025715172
expanding,4,Ridge,ToneMean,2018-09-01,4.948788235294118,4.985093368563378,-0.036305133269260104
expanding,4,Ridge,ToneMean,2018-10-01,5.096627272727273,5.8126638077271515,-0.716036534999879
expanding,4,Ridge,ToneMean,2018-11-01,5.116333333333333,5.615685565958608,-0.4993522326252746
expanding,4,Ridge,ToneMean,2018-12-01,5.169666666666667,4.81391824230994,0.3557484243567268
expanding,4,Ridge,ToneMean,2019-01-01,5.220527777777778,4.156610165795277,1.0639176119825011
expanding,4,Ridge,ToneMean,2019-02-01,5.035757142857143,4.4784566936655485,0.5573004491915947
expanding,4,Ridge,ToneMean,2019-03-01,4.934044444444444,4.305523737218093,0.6285207072263512
expanding,4,Ridge,ToneMean,2019-04-01,4.7935,4.485966796824068,0.30753320317593147
expanding,4,Ridge,ToneMean,2019-05-01,4.410036842105264,4.1906947147291245,0.21934212737613912
expanding,4,Ridge,ToneMean,2019-06-01,4.32444761904762,4.226836912502007,0.09761070654561355
expanding,4,Ridge,ToneMean,2019-07-01,4.088347826086957,4.09233671404505,-0.003988887958093379
expanding,4,Ridge,ToneMean,2019-08-01,4.01318,3.8407351751518197,0.17244482484818047
expanding,4,Ridge,ToneMean,2019-09-01,3.979216666666667,3.7382562115960165,0.24096045507065034
expanding,4,Ridge,ToneMean,2019-10-01,3.831255,3.386615582998772,0.4446394170012282
expanding,4,Ridge,ToneMean,2019-11-01,3.672726315789474,3.100867206655902,0.5718591091335719
expanding,4,SVR,NEG,2016-01-01,2.523847619047619,2.071107258168772,0.4527403608788467
expanding,4,SVR,NEG,2016-02-01,2.525338095238096,2.847739325889699,-0.32240123065160287
expanding,4,SVR,NEG,2016-03-01,2.51565,2.1714409463138553,0.34420905368614463
expanding,4,SVR,NEG,2016-04-01,2.5214052631578947,2.6162757438297892,-0.09487048067189452
expanding,4,SVR,NEG,2016-05-01,2.517215,3.774712249822416,-1.257497249822416
expanding,4,SVR,NEG,2016-06-01,2.514826315789474,3.670290798094718,-1.155464482305244
expanding,4,SVR,NEG,2016-07-01,2.5058625,2.6611455024369883,-0.15528300243698823
expanding,4,SVR,NEG,2016-08-01,2.5015650000000003,2.31642621399664,0.18513878600336042
expanding,4,SVR,NEG,2016-09-01,2.518775,2.6918055577216418,-0.17303055772164155
expanding,4,SVR,NEG,2016-10-01,2.527788888888889,3.065377446713636,-0.5375885578247472
expanding,4,SVR,NEG,2016-11-01,2.51759375,2.468123495938444,0.04947025406155614
expanding,4,SVR,NEG,2016-12-01,2.535536363636364,4.113707675657207,-1.5781713120208432
expanding,4,SVR,NEG,2017-01-01,2.5772411764705883,4.471125724892897,-1.8938845484223084
expanding,4,SVR,NEG,2017-02-01,2.57815,3.4747989377233854,-0.8966489377233855
expanding,4,SVR,NEG,2017-03-01,2.5543,3.4877220125333395,-0.9334220125333395
expanding,4,SVR,NEG,2017-04-01,2.5655,3.1815183563507277,-0.6160183563507275
expanding,4,SVR,NEG,2017-05-01,2.553335294117648,2.005613424480901,0.5477218696367472
expanding,4,SVR,NEG,2017-06-01,2.5712,2.4800623483831585,0.09113765161684162
expanding,4,SVR,NEG,2017-07-01,2.65784,2.4391021205139936,0.21873787948600665
expanding,4,SVR,NEG,2017-08-01,2.69046,2.0355555446592373,0.6549044553407626
expanding,4,SVR,NEG,2017-09-01,3.0855473684210524,3.0132718375742513,0.07227553084680105
expanding,4,SVR,NEG,2017-10-01,3.0982380952380955,2.424473116307478,0.6737649789306173
expanding,4,SVR,NEG,2017-11-01,3.075673684210526,2.859254405278107,0.21641927893241908
expanding,4,SVR,NEG,2017-12-01,3.065655,3.1171107126941453,-0.051455712694145284
expanding,4,SVR,NEG,2018-01-01,3.15159,3.621822288735153,-0.4702322887351529
expanding,4,SVR,NEG,2018-02-01,3.30657619047619,4.153054631555077,-0.8464784410788866
expanding,4,SVR,NEG,2018-03-01,3.4621947368421053,4.032495388522411,-0.5703006516803053
expanding,4,SVR,NEG,2018-04-01,3.6392136363636367,4.365665475135772,-0.7264518387721357
expanding,4,SVR,NEG,2018-05-01,3.934538095238095,4.3265107662496085,-0.39197267101151345
expanding,4,SVR,NEG,2018-06-01,4.20315,4.487509310185807,-0.28435931018580707
expanding,4,SVR,NEG,2018-07-01,4.641321739130435,4.333051725545215,0.30827001358521944
expanding,4,SVR,NEG,2018-08-01,4.782921052631579,4.828327418089865,-0.04540636545828569
expanding,4,SVR,NEG,2018-09-01,4.948788235294118,5.025825446560628,-0.07703721126650986
expanding,4,SVR,NEG,2018-10-01,5.096627272727273,5.664894351877413,-0.5682670791501403
expanding,4,SVR,NEG,2018-11-01,5.116333333333333,5.013174705905601,0.10315862742773252
expanding,4,SVR,NEG,2018-12-01,5.169666666666667,4.917317459090712,0.25234920757595525
expanding,4,SVR,NEG,2019-01-01,5.220527777777778,4.0654917898442395,1.1550359879335383
expanding,4,SVR,NEG,2019-02-01,5.035757142857143,4.710249061429051,0.32550808142809196
expanding,4,SVR,NEG,2019-03-01,4.934044444444444,4.378810177673121,0.5552342667713228
expanding,4,SVR,NEG,2019-04-01,4.7935,4.547384318527643,0.2461156814723573
expanding,4,SVR,NEG,2019-05-01,4.410036842105264,4.638734478062036,-0.22869763595677206
expanding,4,SVR,NEG,2019-06-01,4.32444761904762,4.804179906465511,-0.47973228741789065
expanding,4,SVR,NEG,2019-07-01,4.088347826086957,5.022068208610877,-0.9337203825239202
expanding,4,SVR,NEG,2019-08-01,4.01318,4.840077674895792,-0.8268976748957915
expanding,4,SVR,NEG,2019-09-01,3.979216666666667,4.05453390681145,-0.07531724014478325
expanding,4,SVR,NEG,2019-10-01,3.831255,3.4182815819717813,0.41297341802821874
expanding,4,SVR,NEG,2019-11-01,3.672726315789474,3.4634759954176637,0.20925032037181035
expanding,4,SVR,None,2016-01-01,2.523847619047619,2.1904293192043807,0.33341829984323823
expanding,4,SVR,None,2016-02-01,2.525338095238096,2.99458295607797,-0.4692448608398738
expanding,4,SVR,None,2016-03-01,2.51565,2.405331736383557,0.11031826361644281
expanding,4,SVR,None,2016-04-01,2.5214052631578947,2.6079599748513083,-0.08655471169341356
expanding,4,SVR,None,2016-05-01,2.517215,3.5505420712634077,-1.0333270712634075
expanding,4,SVR,None,2016-06-01,2.514826315789474,3.5119962034554058,-0.9971698876659318
expanding,4,SVR,None,2016-07-01,2.5058625,2.568454927712642,-0.06259242771264173
expanding,4,SVR,None,2016-08-01,2.5015650000000003,2.4612136187244715,0.04035138127552873
expanding,4,SVR,None,2016-09-01,2.518775,2.441694418889861,0.07708058111013916
expanding,4,SVR,None,2016-10-01,2.527788888888889,2.474242519871835,0.053546369017053674
expanding,4,SVR,None,2016-11-01,2.51759375,2.692960005041278,-0.17536625504127779
expanding,4,SVR,None,2016-12-01,2.535536363636364,3.8222086809766602,-1.286672317340296
expanding,4,SVR,None,2017-01-01,2.5772411764705883,4.209086670960472,-1.631845494489884
expanding,4,SVR,None,2017-02-01,2.57815,3.391055028421256,-0.8129050284212562
expanding,4,SVR,None,2017-03-01,2.5543,3.616137247202288,-1.0618372472022881
expanding,4,SVR,None,2017-04-01,2.5655,3.2940532823802964,-0.7285532823802963
expanding,4,SVR,None,2017-05-01,2.553335294117648,1.964560628290998,0.5887746658266502
expanding,4,SVR,None,2017-06-01,2.5712,2.352479808978572,0.21872019102142826
expanding,4,SVR,None,2017-07-01,2.65784,2.2143119195994005,0.44352808040059966
expanding,4,SVR,None,2017-08-01,2.69046,2.234289258625939,0.456170741374061
expanding,4,SVR,None,2017-09-01,3.0855473684210524,2.876206622447496,0.20934074597355634
expanding,4,SVR,None,2017-10-01,3.0982380952380955,2.6647218003352173,0.43351629490287813
expanding,4,SVR,None,2017-11-01,3.075673684210526,2.9277564058364254,0.14791727837410074
expanding,4,SVR,None,2017-12-01,3.065655,3.0684119017884393,-0.0027569017884392366
expanding,4,SVR,None,2018-01-01,3.15159,3.381438615971364,-0.22984861597136375
expanding,4,SVR,None,2018-02-01,3.30657619047619,4.0957377433596625,-0.7891615528834723
expanding,4,SVR,None,2018-03-01,3.4621947368421053,4.161676402203081,-0.6994816653609761
expanding,4,SVR,None,2018-04-01,3.6392136363636367,4.368068645101698,-0.7288550087380616
expanding,4,SVR,None,2018-05-01,3.934538095238095,4.454725917105119,-0.5201878218670237
expanding,4,SVR,None,2018-06-01,4.20315,4.30872122630343,-0.10557122630342963
expanding,4,SVR,None,2018-07-01,4.641321739130435,4.326352571489143,0.31496916764129157
expanding,4,SVR,None,2018-08-01,4.782921052631579,4.948853823270397,-0.16593277063881828
expanding,4,SVR,None,2018-09-01,4.948788235294118,5.223074522919567,-0.2742862876254488
expanding,4,SVR,None,2018-10-01,5.096627272727273,5.213330672977175,-0.11670340024990278
expanding,4,SVR,None,2018-11-01,5.116333333333333,4.90505381230984,0.211279521023493
expanding,4,SVR,None,2018-12-01,5.169666666666667,4.825854815555655,0.3438118511110124
expanding,4,SVR,None,2019-01-01,5.220527777777778,4.369584190819189,0.8509435869585893
expanding,4,SVR,None,2019-02-01,5.035757142857143,4.86180895709283,0.17394818576431348
expanding,4,SVR,None,2019-03-01,4.934044444444444,4.647879776366532,0.2861646680779124
expanding,4,SVR,None,2019-04-01,4.7935,4.539116940510727,0.25438305948927287
expanding,4,SVR,None,2019-05-01,4.410036842105264,4.698232874199606,-0.2881960320943424
expanding,4,SVR,None,2019-06-01,4.32444761904762,5.042299027286435,-0.7178514082388148
expanding,4,SVR,None,2019-07-01,4.088347826086957,4.836584553122886,-0.7482367270359296
expanding,4,SVR,None,2019-08-01,4.01318,4.614751048970818,-0.6015710489708175
expanding,4,SVR,None,2019-09-01,3.979216666666667,3.5484291720498518,0.4307874946168151
expanding,4,SVR,None,2019-10-01,3.831255,3.419327603217578,0.41192739678242196
expanding,4,SVR,None,2019-11-01,3.672726315789474,3.4013439807109966,0.2713823350784774
expanding,4,SVR,POSNEG,2016-01-01,2.523847619047619,3.160937698935399,-0.6370900798877801
expanding,4,SVR,POSNEG,2016-02-01,2.525338095238096,2.549042335723187,-0.0237042404850909
expanding,4,SVR,POSNEG,2016-03-01,2.51565,1.9627451435591046,0.5529048564408954
expanding,4,SVR,POSNEG,2016-04-01,2.5214052631578947,2.583359809124619,-0.06195454596672434
expanding,4,SVR,POSNEG,2016-05-01,2.517215,4.116442181628749,-1.5992271816287484
expanding,4,SVR,POSNEG,2016-06-01,2.514826315789474,3.6248139895495535,-1.1099876737600796
expanding,4,SVR,POSNEG,2016-07-01,2.5058625,2.6676207574615285,-0.1617582574615284
expanding,4,SVR,POSNEG,2016-08-01,2.5015650000000003,2.615182783026078,-0.11361778302607783
expanding,4,SVR,POSNEG,2016-09-01,2.518775,2.6692039278467403,-0.1504289278467401
expanding,4,SVR,POSNEG,2016-10-01,2.527788888888889,3.003109879463546,-0.47532099057465693
expanding,4,SVR,POSNEG,2016-11-01,2.51759375,2.3027849758621226,0.21480877413787747
expanding,4,SVR,POSNEG,2016-12-01,2.535536363636364,4.321192985687613,-1.785656622051249
expanding,4,SVR,POSNEG,2017-01-01,2.5772411764705883,4.401855864284761,-1.8246146878141731
expanding,4,SVR,POSNEG,2017-02-01,2.57815,3.6818271533418407,-1.1036771533418408
expanding,4,SVR,POSNEG,2017-03-01,2.5543,3.7569259886599737,-1.2026259886599737
expanding,4,SVR,POSNEG,2017-04-01,2.5655,3.385696204448702,-0.8201962044487017
expanding,4,SVR,POSNEG,2017-05-01,2.553335294117648,2.0416659320483044,0.5116693620693438
expanding,4,SVR,POSNEG,2017-06-01,2.5712,2.492239753087409,0.07896024691259118
expanding,4,SVR,POSNEG,2017-07-01,2.65784,2.9314510251804866,-0.2736110251804864
expanding,4,SVR,POSNEG,2017-08-01,2.69046,2.1083685970485364,0.5820914029514634
expanding,4,SVR,POSNEG,2017-09-01,3.0855473684210524,2.7984235462833844,0.28712382213766796
expanding,4,SVR,POSNEG,2017-10-01,3.0982380952380955,3.016893526205827,0.0813445690322685
expanding,4,SVR,POSNEG,2017-11-01,3.075673684210526,3.304101544774669,-0.228427860564143
expanding,4,SVR,POSNEG,2017-12-01,3.065655,2.993507666658018,0.0721473333419822
expanding,4,SVR,POSNEG,2018-01-01,3.15159,3.783916053470316,-0.6323260534703157
expanding,4,SVR,POSNEG,2018-02-01,3.30657619047619,4.309233405387493,-1.002657214911303
expanding,4,SVR,POSNEG,2018-03-01,3.4621947368421053,3.969803778528763,-0.5076090416866577
expanding,4,SVR,POSNEG,2018-04-01,3.6392136363636367,4.534775282964407,-0.8955616466007705
expanding,4,SVR,POSNEG,2018-05-01,3.934538095238095,4.245382698045646,-0.31084460280755133
expanding,4,SVR,POSNEG,2018-06-01,4.20315,4.500000401309069,-0.2968504013090687
expanding,4,SVR,POSNEG,2018-07-01,4.641321739130435,4.5091559139201465,0.1321658252102882
expanding,4,SVR,POSNEG,2018-08-01,4.782921052631579,4.7467369945740865,0.036184058057492585
expanding,4,SVR,POSNEG,2018-09-01,4.948788235294118,5.0523481518231765,-0.1035599165290586
expanding,4,SVR,POSNEG,2018-10-01,5.096627272727273,5.606905817475687,-0.5102785447484148
expanding,4,SVR,POSNEG,2018-11-01,5.116333333333333,5.129863949932427,-0.013530616599093825
expanding,4,SVR,POSNEG,2018-12-01,5.169666666666667,5.191302763792852,-0.021636097126185305
expanding,4,SVR,POSNEG,2019-01-01,5.220527777777778,4.321010318107874,0.8995174596699043
expanding,4,SVR,POSNEG,2019-02-01,5.035757142857143,3.865580369660151,1.1701767731969923
expanding,4,SVR,POSNEG,2019-03-01,4.934044444444444,4.853739072783951,0.08030537166049267
expanding,4,SVR,POSNEG,2019-04-01,4.7935,4.958165398805838,-0.16466539880583841
expanding,4,SVR,POSNEG,2019-05-01,4.410036842105264,4.485399562495016,-0.07536272038975245
expanding,4,SVR,POSNEG,2019-06-01,4.32444761904762,4.503233104616621,-0.17878548556900054
expanding,4,SVR,POSNEG,2019-07-01,4.088347826086957,4.5531096868529914,-0.46476186076603465
expanding,4,SVR,POSNEG,2019-08-01,4.01318,4.529892770682657,-0.5167127706826564
expanding,4,SVR,POSNEG,2019-09-01,3.979216666666667,4.944970919861935,-0.9657542531952679
expanding,4,SVR,POSNEG,2019-10-01,3.831255,3.848183972788279,-0.016928972788278873
expanding,4,SVR,POSNEG,2019-11-01,3.672726315789474,3.3829970858984306,0.28972922989104344
expanding,4,SVR,ToneMean,2016-01-01,2.523847619047619,2.4817198940405927,0.04212772500702622
expanding,4,SVR,ToneMean,2016-02-01,2.525338095238096,2.850051946114665,-0.3247138508765688
expanding,4,SVR,ToneMean,2016-03-01,2.51565,2.24004618981973,0.2756038101802698
expanding,4,SVR,ToneMean,2016-04-01,2.5214052631578947,2.6677940656896615,-0.14638880253176678
expanding,4,SVR,ToneMean,2016-05-01,2.517215,3.996085302056098,-1.4788703020560976
expanding,4,SVR,ToneMean,2016-06-01,2.514826315789474,3.7221786954601983,-1.2073523796707244
expanding,4,SVR,ToneMean,2016-07-01,2.5058625,2.763804778977091,-0.2579422789770911
expanding,4,SVR,ToneMean,2016-08-01,2.5015650000000003,2.4393982894704864,0.062166710529513836
expanding,4,SVR,ToneMean,2016-09-01,2.518775,2.4064369258254503,0.11233807417454988
expanding,4,SVR,ToneMean,2016-10-01,2.527788888888889,2.441584999107712,0.08620388978117699
expanding,4,SVR,ToneMean,2016-11-01,2.51759375,2.633150424307907,-0.11555667430790706
expanding,4,SVR,ToneMean,2016-12-01,2.535536363636364,4.190193295833582,-1.6546569321972182
expanding,4,SVR,ToneMean,2017-01-01,2.5772411764705883,4.156689520719673,-1.5794483442490845
expanding,4,SVR,ToneMean,2017-02-01,2.57815,3.4828968974263415,-0.9047468974263415
expanding,4,SVR,ToneMean,2017-03-01,2.5543,3.8373294618029443,-1.2830294618029443
expanding,4,SVR,ToneMean,2017-04-01,2.5655,3.3138199615020474,-0.7483199615020473
expanding,4,SVR,ToneMean,2017-05-01,2.553335294117648,2.057209818130034,0.49612547598761436
expanding,4,SVR,ToneMean,2017-06-01,2.5712,2.4787858639077216,0.09241413609227855
expanding,4,SVR,ToneMean,2017-07-01,2.65784,2.670965274414031,-0.013125274414030663
expanding,4,SVR,ToneMean,2017-08-01,2.69046,2.2742322453814787,0.41622775461852113
expanding,4,SVR,ToneMean,2017-09-01,3.0855473684210524,2.83434247627608,0.25120489214497255
expanding,4,SVR,ToneMean,2017-10-01,3.0982380952380955,2.936126658730381,0.1621114365077143
expanding,4,SVR,ToneMean,2017-11-01,3.075673684210526,3.3034721945552206,-0.22779851034469445
expanding,4,SVR,ToneMean,2017-12-01,3.065655,2.9329659103660224,0.13268908963397763
expanding,4,SVR,ToneMean,2018-01-01,3.15159,3.642176490654866,-0.49058649065486604
expanding,4,SVR,ToneMean,2018-02-01,3.30657619047619,4.268776335302729,-0.9622001448265385
expanding,4,SVR,ToneMean,2018-03-01,3.4621947368421053,4.16221323484941,-0.7000184980073043
expanding,4,SVR,ToneMean,2018-04-01,3.6392136363636367,4.386750122991458,-0.7475364866278214
expanding,4,SVR,ToneMean,2018-05-01,3.934538095238095,4.52183999659158,-0.5873019013534848
expanding,4,SVR,ToneMean,2018-06-01,4.20315,4.325546024816463,-0.12239602481646283
expanding,4,SVR,ToneMean,2018-07-01,4.641321739130435,4.566080047597703,0.07524169153273164
expanding,4,SVR,ToneMean,2018-08-01,4.782921052631579,4.866048279420015,-0.0831272267884362
expanding,4,SVR,ToneMean,2018-09-01,4.948788235294118,5.233217453920051,-0.28442921862593273
expanding,4,SVR,ToneMean,2018-10-01,5.096627272727273,5.548845498302647,-0.4522182255753746
expanding,4,SVR,ToneMean,2018-11-01,5.116333333333333,5.028708850537046,0.08762448279628732
expanding,4,SVR,ToneMean,2018-12-01,5.169666666666667,4.9881798487893505,0.18148681787731658
expanding,4,SVR,ToneMean,2019-01-01,5.220527777777778,4.036879562342448,1.1836482154353298
expanding,4,SVR,ToneMean,2019-02-01,5.035757142857143,4.525783232055899,0.5099739108012447
expanding,4,SVR,ToneMean,2019-03-01,4.934044444444444,4.974156771174859,-0.04011232673041487
expanding,4,SVR,ToneMean,2019-04-01,4.7935,5.1179296742683675,-0.32442967426836766
expanding,4,SVR,ToneMean,2019-05-01,4.410036842105264,4.386766846868133,0.023269995237130914
expanding,4,SVR,ToneMean,2019-06-01,4.32444761904762,4.595662803434023,-0.2712151843864028
expanding,4,SVR,ToneMean,2019-07-01,4.088347826086957,4.62928628394951,-0.5409384578625529
expanding,4,SVR,ToneMean,2019-08-01,4.01318,4.6175252889648375,-0.6043452889648373
expanding,4,SVR,ToneMean,2019-09-01,3.979216666666667,4.861579914158069,-0.8823632474914023
expanding,4,SVR,ToneMean,2019-10-01,3.831255,3.842894317210624,-0.011639317210623723
expanding,4,SVR,ToneMean,2019-11-01,3.672726315789474,3.252871413404267,0.41985490238520695
expanding,5,ElasticNet,NEG,2016-01-01,2.525338095238096,3.21012003044724,-0.684781935209144
expanding,5,ElasticNet,NEG,2016-02-01,2.51565,3.4613313780752617,-0.9456813780752618
expanding,5,ElasticNet,NEG,2016-03-01,2.5214052631578947,2.934137779122115,-0.41273251596422034
expanding,5,ElasticNet,NEG,2016-04-01,2.517215,3.3428815599989212,-0.825666559998921
expanding,5,ElasticNet,NEG,2016-05-01,2.514826315789474,3.786533101900896,-1.2717067861114222
expanding,5,ElasticNet,NEG,2016-06-01,2.5058625,4.251548882061056,-1.7456863820610558
expanding,5,ElasticNet,NEG,2016-07-01,2.5015650000000003,3.3933094025639656,-0.8917444025639654
expanding,5,ElasticNet,NEG,2016-08-01,2.518775,3.0378660330605585,-0.5190910330605583
expanding,5,ElasticNet,NEG,2016-09-01,2.527788888888889,3.170125411100382,-0.642336522211493
expanding,5,ElasticNet,NEG,2016-10-01,2.51759375,3.3503531911209636,-0.8327594411209636
expanding,5,ElasticNet,NEG,2016-11-01,2.535536363636364,3.458699538104236,-0.9231631744678719
expanding,5,ElasticNet,NEG,2016-12-01,2.5772411764705883,3.843776813302917,-1.2665356368323288
expanding,5,ElasticNet,NEG,2017-01-01,2.57815,3.8645914080629424,-1.2864414080629425
expanding,5,ElasticNet,NEG,2017-02-01,2.5543,4.083626943509663,-1.529326943509663
expanding,5,ElasticNet,NEG,2017-03-01,2.5655,4.264935389078945,-1.6994353890789453
expanding,5,ElasticNet,NEG,2017-04-01,2.553335294117648,4.340366431058831,-1.7870311369411827
expanding,5,ElasticNet,NEG,2017-05-01,2.5712,3.5008898007695124,-0.9296898007695122
expanding,5,ElasticNet,NEG,2017-06-01,2.65784,3.7957382228847765,-1.1378982228847763
expanding,5,ElasticNet,NEG,2017-07-01,2.69046,3.038080627933342,-0.34762062793334225
expanding,5,ElasticNet,NEG,2017-08-01,3.0855473684210524,2.731163523539642,0.3543838448814105
expanding,5,ElasticNet,NEG,2017-09-01,3.0982380952380955,3.7383921459127696,-0.6401540506746741
expanding,5,ElasticNet,NEG,2017-10-01,3.075673684210526,3.2493492250978493,-0.17367554088732318
expanding,5,ElasticNet,NEG,2017-11-01,3.065655,4.068726359680417,-1.0030713596804168
expanding,5,ElasticNet,NEG,2017-12-01,3.15159,4.182888293811945,-1.0312982938119446
expanding,5,ElasticNet,NEG,2018-01-01,3.30657619047619,4.206344974771941,-0.8997687842957509
expanding,5,ElasticNet,NEG,2018-02-01,3.4621947368421053,4.052802760710558,-0.590608023868453
expanding,5,ElasticNet,NEG,2018-03-01,3.6392136363636367,4.232156627513264,-0.5929429911496276
expanding,5,ElasticNet,NEG,2018-04-01,3.934538095238095,4.091794341193486,-0.157256245955391
expanding,5,ElasticNet,NEG,2018-05-01,4.20315,4.833722121949686,-0.6305721219496858
expanding,5,ElasticNet,NEG,2018-06-01,4.641321739130435,4.486194144246723,0.15512759488371142
expanding,5,ElasticNet,NEG,2018-07-01,4.782921052631579,5.095316439664174,-0.31239538703259484
expanding,5,ElasticNet,NEG,2018-08-01,4.948788235294118,5.5781962643802565,-0.6294080290861386
expanding,5,ElasticNet,NEG,2018-09-01,5.096627272727273,5.021101529543756,0.07552574318351635
expanding,5,ElasticNet,NEG,2018-10-01,5.116333333333333,5.657631017805779,-0.541297684472446
expanding,5,ElasticNet,NEG,2018-11-01,5.169666666666667,5.459101474270324,-0.2894348076036568
expanding,5,ElasticNet,NEG,2018-12-01,5.220527777777778,4.73702303267978,0.48350474509799746
expanding,5,ElasticNet,NEG,2019-01-01,5.035757142857143,4.1362764088645925,0.8994807339925508
expanding,5,ElasticNet,NEG,2019-02-01,4.934044444444444,4.603122418914648,0.3309220255297962
expanding,5,ElasticNet,NEG,2019-03-01,4.7935,4.2113636745552965,0.5821363254447034
expanding,5,ElasticNet,NEG,2019-04-01,4.410036842105264,4.337293000261271,0.07274384184399274
expanding,5,ElasticNet,NEG,2019-05-01,4.32444761904762,4.131286005751996,0.19316161329562487
expanding,5,ElasticNet,NEG,2019-06-01,4.088347826086957,4.217582808866661,-0.12923498277970413
expanding,5,ElasticNet,NEG,2019-07-01,4.01318,4.042442195763035,-0.029262195763035237
expanding,5,ElasticNet,NEG,2019-08-01,3.979216666666667,3.741194075231835,0.23802259143483173
expanding,5,ElasticNet,NEG,2019-09-01,3.831255,3.4973712804377235,0.3338837195622766
expanding,5,ElasticNet,NEG,2019-10-01,3.672726315789474,3.2323890831731,0.44033723261637414
expanding,5,ElasticNet,None,2016-01-01,2.525338095238096,3.215839499187008,-0.6905014039489119
expanding,5,ElasticNet,None,2016-02-01,2.51565,3.460563372457269,-0.9449133724572691
expanding,5,ElasticNet,None,2016-03-01,2.5214052631578947,2.9407703280296777,-0.41936506487178304
expanding,5,ElasticNet,None,2016-04-01,2.517215,3.3373938948826876,-0.8201788948826874
expanding,5,ElasticNet,None,2016-05-01,2.514826315789474,3.7793094263374085,-1.2644831105479346
expanding,5,ElasticNet,None,2016-06-01,2.5058625,4.25008346449177,-1.7442209644917703
expanding,5,ElasticNet,None,2016-07-01,2.5015650000000003,3.3951685201486175,-0.8936035201486172
expanding,5,ElasticNet,None,2016-08-01,2.518775,3.040102325913272,-0.5213273259132718
expanding,5,ElasticNet,None,2016-09-01,2.527788888888889,3.1773773164078714,-0.6495884275189825
expanding,5,ElasticNet,None,2016-10-01,2.51759375,3.366430013136541,-0.8488362631365409
expanding,5,ElasticNet,None,2016-11-01,2.535536363636364,3.4689705293489945,-0.9334341657126304
expanding,5,ElasticNet,None,2016-12-01,2.5772411764705883,3.810652255642243,-1.2334110791716548
expanding,5,ElasticNet,None,2017-01-01,2.57815,3.8798148955245257,-1.3016648955245258
expanding,5,ElasticNet,None,2017-02-01,2.5543,4.120031456165843,-1.5657314561658429
expanding,5,ElasticNet,None,2017-03-01,2.5655,4.2684181216779855,-1.7029181216779854
expanding,5,ElasticNet,None,2017-04-01,2.553335294117648,4.335797350687196,-1.782462056569548
expanding,5,ElasticNet,None,2017-05-01,2.5712,3.4797246200361416,-0.9085246200361414
expanding,5,ElasticNet,None,2017-06-01,2.65784,3.7858823817248917,-1.1280423817248915
expanding,5,ElasticNet,None,2017-07-01,2.69046,3.0159095303583383,-0.32544953035833846
expanding,5,ElasticNet,None,2017-08-01,3.0855473684210524,2.726185926340124,0.3593614420809286
expanding,5,ElasticNet,None,2017-09-01,3.0982380952380955,3.714556517642454,-0.6163184224043587
expanding,5,ElasticNet,None,2017-10-01,3.075673684210526,3.2405136354696964,-0.16483995125917028
expanding,5,ElasticNet,None,2017-11-01,3.065655,4.0662252587523895,-1.0005702587523895
expanding,5,ElasticNet,None,2017-12-01,3.15159,4.1781137196990406,-1.0265237196990404
expanding,5,ElasticNet,None,2018-01-01,3.30657619047619,4.188718423258448,-0.8821422327822575
expanding,5,ElasticNet,None,2018-02-01,3.4621947368421053,4.036284999693899,-0.5740902628517941
expanding,5,ElasticNet,None,2018-03-01,3.6392136363636367,4.229810622445981,-0.5905969860823439
expanding,5,ElasticNet,None,2018-04-01,3.934538095238095,4.078441586568491,-0.14390349133039626
expanding,5,ElasticNet,None,2018-05-01,4.20315,4.835618187060758,-0.6324681870607582
expanding,5,ElasticNet,None,2018-06-01,4.641321739130435,4.472477609965159,0.1688441291652758
expanding,5,ElasticNet,None,2018-07-01,4.782921052631579,5.094466347017653,-0.31154529438607437
expanding,5,ElasticNet,None,2018-08-01,4.948788235294118,5.591005962859565,-0.6422177275654475
expanding,5,ElasticNet,None,2018-09-01,5.096627272727273,5.034628210729132,0.06199906199814098
expanding,5,ElasticNet,None,2018-10-01,5.116333333333333,5.652403506107501,-0.5360701727741679
expanding,5,ElasticNet,None,2018-11-01,5.169666666666667,5.456687481187681,-0.28702081452101424
expanding,5,ElasticNet,None,2018-12-01,5.220527777777778,4.721750579492559,0.49877719828521894
expanding,5,ElasticNet,None,2019-01-01,5.035757142857143,4.150927509159702,0.884829633697441
expanding,5,ElasticNet,None,2019-02-01,4.934044444444444,4.587742935140275,0.34630150930416903
expanding,5,ElasticNet,None,2019-03-01,4.7935,4.210205091334245,0.5832949086657546
expanding,5,ElasticNet,None,2019-04-01,4.410036842105264,4.324835801196203,0.08520104090906067
expanding,5,ElasticNet,None,2019-05-01,4.32444761904762,4.135005786723529,0.18944183232409184
expanding,5,ElasticNet,None,2019-06-01,4.088347826086957,4.222869730914068,-0.13452190482711135
expanding,5,ElasticNet,None,2019-07-01,4.01318,4.034029194845459,-0.020849194845458996
expanding,5,ElasticNet,None,2019-08-01,3.979216666666667,3.750463391617458,0.22875327504920895
expanding,5,ElasticNet,None,2019-09-01,3.831255,3.478514917981418,0.352740082018582
expanding,5,ElasticNet,None,2019-10-01,3.672726315789474,3.2228108923778476,0.4499154234116265
expanding,5,ElasticNet,POSNEG,2016-01-01,2.525338095238096,3.843277600050177,-1.317939504812081
expanding,5,ElasticNet,POSNEG,2016-02-01,2.51565,3.5083969711065484,-0.9927469711065484
expanding,5,ElasticNet,POSNEG,2016-03-01,2.5214052631578947,2.986529206880516,-0.4651239437226211
expanding,5,ElasticNet,POSNEG,2016-04-01,2.517215,3.2356957877566046,-0.7184807877566044
expanding,5,ElasticNet,POSNEG,2016-05-01,2.514826315789474,4.147648243075635,-1.6328219272861615
expanding,5,ElasticNet,POSNEG,2016-06-01,2.5058625,3.9373467322982467,-1.4314842322982466
expanding,5,ElasticNet,POSNEG,2016-07-01,2.5015650000000003,3.283401156534457,-0.7818361565344567
expanding,5,ElasticNet,POSNEG,2016-08-01,2.518775,3.434145686463969,-0.9153706864639686
expanding,5,ElasticNet,POSNEG,2016-09-01,2.527788888888889,3.362342406374327,-0.8345535174854382
expanding,5,ElasticNet,POSNEG,2016-10-01,2.51759375,3.6567528143248538,-1.1391590643248537
expanding,5,ElasticNet,POSNEG,2016-11-01,2.535536363636364,3.526229810010835,-0.990693446374471
expanding,5,ElasticNet,POSNEG,2016-12-01,2.5772411764705883,3.9711474294899416,-1.3939062530193533
expanding,5,ElasticNet,POSNEG,2017-01-01,2.57815,4.278648400933003,-1.7004984009330029
expanding,5,ElasticNet,POSNEG,2017-02-01,2.5543,4.578613743018034,-2.0243137430180336
expanding,5,ElasticNet,POSNEG,2017-03-01,2.5655,4.405236670858663,-1.839736670858663
expanding,5,ElasticNet,POSNEG,2017-04-01,2.553335294117648,4.431117270318899,-1.877781976201251
expanding,5,ElasticNet,POSNEG,2017-05-01,2.5712,3.339467384369814,-0.768267384369814
expanding,5,ElasticNet,POSNEG,2017-06-01,2.65784,3.7422886180123554,-1.0844486180123551
expanding,5,ElasticNet,POSNEG,2017-07-01,2.69046,3.2957211356860547,-0.6052611356860549
expanding,5,ElasticNet,POSNEG,2017-08-01,3.0855473684210524,2.9579300077164383,0.12761736070461405
expanding,5,ElasticNet,POSNEG,2017-09-01,3.0982380952380955,3.478994739362985,-0.38075664412488974
expanding,5,ElasticNet,POSNEG,2017-10-01,3.075673684210526,3.6589120835578983,-0.5832383993473722
expanding,5,ElasticNet,POSNEG,2017-11-01,3.065655,4.410227752654302,-1.3445727526543023
expanding,5,ElasticNet,POSNEG,2017-12-01,3.15159,4.094944343306875,-0.9433543433068752
expanding,5,ElasticNet,POSNEG,2018-01-01,3.30657619047619,4.5610990958977915,-1.2545229054216014
expanding,5,ElasticNet,POSNEG,2018-02-01,3.4621947368421053,4.4511188018443395,-0.9889240650022342
expanding,5,ElasticNet,POSNEG,2018-03-01,3.6392136363636367,4.240301280796459,-0.6010876444328219
expanding,5,ElasticNet,POSNEG,2018-04-01,3.934538095238095,4.487852061719238,-0.5533139664811428
expanding,5,ElasticNet,POSNEG,2018-05-01,4.20315,4.823924540116991,-0.6207745401169911
expanding,5,ElasticNet,POSNEG,2018-06-01,4.641321739130435,4.533130002408374,0.10819173672206084
expanding,5,ElasticNet,POSNEG,2018-07-01,4.782921052631579,5.1650029850072405,-0.38208193237566146
expanding,5,ElasticNet,POSNEG,2018-08-01,4.948788235294118,5.548793045839537,-0.6000048105454194
expanding,5,ElasticNet,POSNEG,2018-09-01,5.096627272727273,5.008409228131959,0.08821804459531357
expanding,5,ElasticNet,POSNEG,2018-10-01,5.116333333333333,6.0703900127035855,-0.9540566793702521
expanding,5,ElasticNet,POSNEG,2018-11-01,5.169666666666667,5.780929270159296,-0.6112626034926292
expanding,5,ElasticNet,POSNEG,2018-12-01,5.220527777777778,4.86620654696571,0.3543212308120678
expanding,5,ElasticNet,POSNEG,2019-01-01,5.035757142857143,4.190786919878961,0.8449702229781826
expanding,5,ElasticNet,POSNEG,2019-02-01,4.934044444444444,3.7308280588210456,1.2032163856233984
expanding,5,ElasticNet,POSNEG,2019-03-01,4.7935,4.370598832317032,0.4229011676829675
expanding,5,ElasticNet,POSNEG,2019-04-01,4.410036842105264,4.5208686018309265,-0.11083175972566295
expanding,5,ElasticNet,POSNEG,2019-05-01,4.32444761904762,4.2226623109193975,0.10178530812822295
expanding,5,ElasticNet,POSNEG,2019-06-01,4.088347826086957,4.17104745636616,-0.08269963027920291
expanding,5,ElasticNet,POSNEG,2019-07-01,4.01318,3.9006525241519396,0.11252747584806055
expanding,5,ElasticNet,POSNEG,2019-08-01,3.979216666666667,3.647955942239572,0.33126072442709464
expanding,5,ElasticNet,POSNEG,2019-09-01,3.831255,3.784037289277162,0.0472177107228382
expanding,5,ElasticNet,POSNEG,2019-10-01,3.672726315789474,3.450240094390056,0.22248622139941787
expanding,5,ElasticNet,ToneMean,2016-01-01,2.525338095238096,3.376142570425902,-0.8508044751878057
expanding,5,ElasticNet,ToneMean,2016-02-01,2.51565,3.5244857583659845,-1.0088357583659846
expanding,5,ElasticNet,ToneMean,2016-03-01,2.5214052631578947,2.8631501770868293,-0.3417449139289346
expanding,5,ElasticNet,ToneMean,2016-04-01,2.517215,3.3585776105893332,-0.841362610589333
expanding,5,ElasticNet,ToneMean,2016-05-01,2.514826315789474,3.9875363479818233,-1.4727100321923494
expanding,5,ElasticNet,ToneMean,2016-06-01,2.5058625,4.155186118183916,-1.6493236181839155
expanding,5,ElasticNet,ToneMean,2016-07-01,2.5015650000000003,3.3383678575983247,-0.8368028575983244
expanding,5,ElasticNet,ToneMean,2016-08-01,2.518775,3.107404196742446,-0.588629196742446
expanding,5,ElasticNet,ToneMean,2016-09-01,2.527788888888889,3.120411450130094,-0.592622561241205
expanding,5,ElasticNet,ToneMean,2016-10-01,2.51759375,3.307001128104795,-0.7894073781047948
expanding,5,ElasticNet,ToneMean,2016-11-01,2.535536363636364,3.4061967997619638,-0.8706604361255996
expanding,5,ElasticNet,ToneMean,2016-12-01,2.5772411764705883,4.108573346761046,-1.531332170290458
expanding,5,ElasticNet,ToneMean,2017-01-01,2.57815,3.8683044826051307,-1.2901544826051308
expanding,5,ElasticNet,ToneMean,2017-02-01,2.5543,4.055452705727196,-1.5011527057271956
expanding,5,ElasticNet,ToneMean,2017-03-01,2.5655,4.325241992888733,-1.759741992888733
expanding,5,ElasticNet,ToneMean,2017-04-01,2.553335294117648,4.352633222835488,-1.7992979287178397
expanding,5,ElasticNet,ToneMean,2017-05-01,2.5712,3.503501991166676,-0.9323019911666757
expanding,5,ElasticNet,ToneMean,2017-06-01,2.65784,3.8203168415643045,-1.1624768415643043
expanding,5,ElasticNet,ToneMean,2017-07-01,2.69046,3.2430088995082382,-0.5525488995082384
expanding,5,ElasticNet,ToneMean,2017-08-01,3.0855473684210524,2.873269716715518,0.21227765170553425
expanding,5,ElasticNet,ToneMean,2017-09-01,3.0982380952380955,3.808273480810766,-0.7100353855726707
expanding,5,ElasticNet,ToneMean,2017-10-01,3.075673684210526,3.457393602657704,-0.3817199184471778
expanding,5,ElasticNet,ToneMean,2017-11-01,3.065655,4.225372962179841,-1.1597179621798408
expanding,5,ElasticNet,ToneMean,2017-12-01,3.15159,4.140456881170116,-0.9888668811701158
expanding,5,ElasticNet,ToneMean,2018-01-01,3.30657619047619,4.411560891646414,-1.104984701170224
expanding,5,ElasticNet,ToneMean,2018-02-01,3.4621947368421053,4.296552651183061,-0.8343579143409561
expanding,5,ElasticNet,ToneMean,2018-03-01,3.6392136363636367,4.252177527476052,-0.6129638911124151
expanding,5,ElasticNet,ToneMean,2018-04-01,3.934538095238095,4.30534144081531,-0.37080334557721484
expanding,5,ElasticNet,ToneMean,2018-05-01,4.20315,4.809294518560877,-0.6061445185608774
expanding,5,ElasticNet,ToneMean,2018-06-01,4.641321739130435,4.598260684447089,0.043061054683345645
expanding,5,ElasticNet,ToneMean,2018-07-01,4.782921052631579,5.116678255452521,-0.3337572028209417
expanding,5,ElasticNet,ToneMean,2018-08-01,4.948788235294118,5.5030854294460525,-0.5542971941519346
expanding,5,ElasticNet,ToneMean,2018-09-01,5.096627272727273,4.954684227198706,0.14194304552856618
expanding,5,ElasticNet,ToneMean,2018-10-01,5.116333333333333,5.839216360398177,-0.7228830270648432
expanding,5,ElasticNet,ToneMean,2018-11-01,5.169666666666667,5.65758854865549,-0.48792188198882336
expanding,5,ElasticNet,ToneMean,2018-12-01,5.220527777777778,4.8155186646290975,0.4050091131486804
expanding,5,ElasticNet,ToneMean,2019-01-01,5.035757142857143,4.08762074909947,0.9481363937576734
expanding,5,ElasticNet,ToneMean,2019-02-01,4.934044444444444,4.408651545721517,0.5253928987229273
expanding,5,ElasticNet,ToneMean,2019-03-01,4.7935,4.280066176819909,0.5134338231800912
expanding,5,ElasticNet,ToneMean,2019-04-01,4.410036842105264,4.479640759494536,-0.06960391738927285
expanding,5,ElasticNet,ToneMean,2019-05-01,4.32444761904762,4.134824214246877,0.18962340480074324
expanding,5,ElasticNet,ToneMean,2019-06-01,4.088347826086957,4.168073484481621,-0.07972565839466395
expanding,5,ElasticNet,ToneMean,2019-07-01,4.01318,4.027295645593354,-0.014115645593354209
expanding,5,ElasticNet,ToneMean,2019-08-01,3.979216666666667,3.686440678785848,0.2927759878808187
expanding,5,ElasticNet,ToneMean,2019-09-01,3.831255,3.7069486076310705,0.1243063923689296
expanding,5,ElasticNet,ToneMean,2019-10-01,3.672726315789474,3.368601228741137,0.30412508704833696
expanding,5,Lasso,NEG,2016-01-01,2.525338095238096,3.221560695056924,-0.6962225998188281
expanding,5,Lasso,NEG,2016-02-01,2.51565,3.4636017227632316,-0.9479517227632317
expanding,5,Lasso,NEG,2016-03-01,2.5214052631578947,2.9274757173351373,-0.40607045417724263
expanding,5,Lasso,NEG,2016-04-01,2.517215,3.327718558915178,-0.8105035589151779
expanding,5,Lasso,NEG,2016-05-01,2.514826315789474,3.770316899446686,-1.255490583657212
expanding,5,Lasso,NEG,2016-06-01,2.5058625,4.256375181722687,-1.7505126817226868
expanding,5,Lasso,NEG,2016-07-01,2.5015650000000003,3.3979055436241703,-0.89634054362417
expanding,5,Lasso,NEG,2016-08-01,2.518775,3.0486336041845314,-0.5298586041845312
expanding,5,Lasso,NEG,2016-09-01,2.527788888888889,3.1800296490093465,-0.6522407601204576
expanding,5,Lasso,NEG,2016-10-01,2.51759375,3.3609975267607917,-0.8434037767607916
expanding,5,Lasso,NEG,2016-11-01,2.535536363636364,3.4625718876039904,-0.9270355239676262
expanding,5,Lasso,NEG,2016-12-01,2.5772411764705883,3.8418447258433512,-1.264603549372763
expanding,5,Lasso,NEG,2017-01-01,2.57815,3.8694267590431988,-1.2912767590431988
expanding,5,Lasso,NEG,2017-02-01,2.5543,4.081234235602427,-1.5269342356024267
expanding,5,Lasso,NEG,2017-03-01,2.5655,4.262889163923858,-1.6973891639238579
expanding,5,Lasso,NEG,2017-04-01,2.553335294117648,4.334443310946346,-1.7811080168286981
expanding,5,Lasso,NEG,2017-05-01,2.5712,3.5067102254835287,-0.9355102254835286
expanding,5,Lasso,NEG,2017-06-01,2.65784,3.8041543296513276,-1.1463143296513274
expanding,5,Lasso,NEG,2017-07-01,2.69046,3.0541836618105984,-0.36372366181059856
expanding,5,Lasso,NEG,2017-08-01,3.0855473684210524,2.7542739336470854,0.331273434773967
expanding,5,Lasso,NEG,2017-09-01,3.0982380952380955,3.73965601722628,-0.6414179219881846
expanding,5,Lasso,NEG,2017-10-01,3.075673684210526,3.2597278950151516,-0.18405421080462547
expanding,5,Lasso,NEG,2017-11-01,3.065655,4.073928690979319,-1.0082736909793186
expanding,5,Lasso,NEG,2017-12-01,3.15159,4.180391012800545,-1.0288010128005447
expanding,5,Lasso,NEG,2018-01-01,3.30657619047619,4.1950557491965945,-0.8884795587204044
expanding,5,Lasso,NEG,2018-02-01,3.4621947368421053,4.051564983015106,-0.5893702461730004
expanding,5,Lasso,NEG,2018-03-01,3.6392136363636367,4.240155033001096,-0.600941396637459
expanding,5,Lasso,NEG,2018-04-01,3.934538095238095,4.100382078712347,-0.16584398347425156
expanding,5,Lasso,NEG,2018-05-01,4.20315,4.833547014707809,-0.6303970147078086
expanding,5,Lasso,NEG,2018-06-01,4.641321739130435,4.4854971857047365,0.15582455342569812
expanding,5,Lasso,NEG,2018-07-01,4.782921052631579,5.073783723265294,-0.2908626706337145
expanding,5,Lasso,NEG,2018-08-01,4.948788235294118,5.548508267708878,-0.5997200324147602
expanding,5,Lasso,NEG,2018-09-01,5.096627272727273,5.011710372481341,0.08491690024593179
expanding,5,Lasso,NEG,2018-10-01,5.116333333333333,5.61985258439119,-0.503519251057857
expanding,5,Lasso,NEG,2018-11-01,5.169666666666667,5.4300179102310215,-0.26035124356435446
expanding,5,Lasso,NEG,2018-12-01,5.220527777777778,4.724344498892052,0.49618327888572544
expanding,5,Lasso,NEG,2019-01-01,5.035757142857143,4.126152874996217,0.9096042678609262
expanding,5,Lasso,NEG,2019-02-01,4.934044444444444,4.582972544162669,0.3510719002817746
expanding,5,Lasso,NEG,2019-03-01,4.7935,4.194885863266281,0.598614136733719
expanding,5,Lasso,NEG,2019-04-01,4.410036842105264,4.312852891711337,0.09718395039392647
expanding,5,Lasso,NEG,2019-05-01,4.32444761904762,4.112282695176159,0.21216492387146157
expanding,5,Lasso,NEG,2019-06-01,4.088347826086957,4.207998498107891,-0.11965067202093405
expanding,5,Lasso,NEG,2019-07-01,4.01318,4.030621073387573,-0.01744107338757317
expanding,5,Lasso,NEG,2019-08-01,3.979216666666667,3.6888312755515344,0.2903853911151324
expanding,5,Lasso,NEG,2019-09-01,3.831255,3.4785738967237267,0.35268110327627333
expanding,5,Lasso,NEG,2019-10-01,3.672726315789474,3.237830563069607,0.4348957527198669
expanding,5,Lasso,None,2016-01-01,2.525338095238096,3.2240552011540036,-0.6987171059159074
expanding,5,Lasso,None,2016-02-01,2.51565,3.46318206259963,-0.9475320625996302
expanding,5,Lasso,None,2016-03-01,2.5214052631578947,2.9308889873664223,-0.40948372420852763
expanding,5,Lasso,None,2016-04-01,2.517215,3.324618358051243,-0.8074033580512427
expanding,5,Lasso,None,2016-05-01,2.514826315789474,3.7667978541051914,-1.2519715383157175
expanding,5,Lasso,None,2016-06-01,2.5058625,4.256270766306311,-1.7504082663063105
expanding,5,Lasso,None,2016-07-01,2.5015650000000003,3.3984038629485616,-0.8968388629485613
expanding,5,Lasso,None,2016-08-01,2.518775,3.0494700554544827,-0.5306950554544825
expanding,5,Lasso,None,2016-09-01,2.527788888888889,3.1832858971794153,-0.6554970082905265
expanding,5,Lasso,None,2016-10-01,2.51759375,3.370838428004662,-0.8532446780046619
expanding,5,Lasso,None,2016-11-01,2.535536363636364,3.470353763556674,-0.93481739992031
expanding,5,Lasso,None,2016-12-01,2.5772411764705883,3.8154532834346133,-1.238212106964025
expanding,5,Lasso,None,2017-01-01,2.57815,3.878421770372735,-1.300271770372735
expanding,5,Lasso,None,2017-02-01,2.5543,4.110475150694975,-1.5561751506949748
expanding,5,Lasso,None,2017-03-01,2.5655,4.265990332702353,-1.700490332702353
expanding,5,Lasso,None,2017-04-01,2.553335294117648,4.327805362356134,-1.774470068238486
expanding,5,Lasso,None,2017-05-01,2.5712,3.4882738677052236,-0.9170738677052235
expanding,5,Lasso,None,2017-06-01,2.65784,3.7948667808330443,-1.137026780833044
expanding,5,Lasso,None,2017-07-01,2.69046,3.0361999345341975,-0.3457399345341976
expanding,5,Lasso,None,2017-08-01,3.0855473684210524,2.7500777652494595,0.3354696031715929
expanding,5,Lasso,None,2017-09-01,3.0982380952380955,3.720473971697159,-0.6222358764590634
expanding,5,Lasso,None,2017-10-01,3.075673684210526,3.253256841211455,-0.17758315700092897
expanding,5,Lasso,None,2017-11-01,3.065655,4.07223416807164,-1.00657916807164
expanding,5,Lasso,None,2017-12-01,3.15159,4.176397147544463,-1.0248071475444624
expanding,5,Lasso,None,2018-01-01,3.30657619047619,4.18240891078398,-0.8758327203077902
expanding,5,Lasso,None,2018-02-01,3.4621947368421053,4.040197993877048,-0.5780032570349429
expanding,5,Lasso,None,2018-03-01,3.6392136363636367,4.239456726996128,-0.6002430906324911
expanding,5,Lasso,None,2018-04-01,3.934538095238095,4.090906008905608,-0.15636791366751313
expanding,5,Lasso,None,2018-05-01,4.20315,4.834964193708729,-0.6318141937087294
expanding,5,Lasso,None,2018-06-01,4.641321739130435,4.4759405092156745,0.16538122991476012
expanding,5,Lasso,None,2018-07-01,4.782921052631579,5.073388844723425,-0.2904677920918459
expanding,5,Lasso,None,2018-08-01,4.948788235294118,5.557865628044505,-0.609077392750387
expanding,5,Lasso,None,2018-09-01,5.096627272727273,5.0218827409651485,0.07474453176212403
expanding,5,Lasso,None,2018-10-01,5.116333333333333,5.616203489429768,-0.4998701560964349
expanding,5,Lasso,None,2018-11-01,5.169666666666667,5.42841461941461,-0.25874795274794327
expanding,5,Lasso,None,2018-12-01,5.220527777777778,4.7129436747909015,0.5075841029868764
expanding,5,Lasso,None,2019-01-01,5.035757142857143,4.137294961329411,0.8984621815277318
expanding,5,Lasso,None,2019-02-01,4.934044444444444,4.572157681757953,0.361886762686491
expanding,5,Lasso,None,2019-03-01,4.7935,4.1940651519116665,0.5994348480883334
expanding,5,Lasso,None,2019-04-01,4.410036842105264,4.303787651738329,0.1062491903669347
expanding,5,Lasso,None,2019-05-01,4.32444761904762,4.115100375622675,0.20934724342494526
expanding,5,Lasso,None,2019-06-01,4.088347826086957,4.2119380872971774,-0.12359026121022065
expanding,5,Lasso,None,2019-07-01,4.01318,4.024436241328468,-0.011256241328467809
expanding,5,Lasso,None,2019-08-01,3.979216666666667,3.69577916332156,0.28343750334510665
expanding,5,Lasso,None,2019-09-01,3.831255,3.4649004424340943,0.36635455756590574
expanding,5,Lasso,None,2019-10-01,3.672726315789474,3.2306136833658634,0.44211263242361065
expanding,5,Lasso,POSNEG,2016-01-01,2.525338095238096,3.8464214904768443,-1.3210833952387482
expanding,5,Lasso,POSNEG,2016-02-01,2.51565,3.5173180184229,-1.0016680184229
expanding,5,Lasso,POSNEG,2016-03-01,2.5214052631578947,2.9862175833877305,-0.46481232022983576
expanding,5,Lasso,POSNEG,2016-04-01,2.517215,3.243680044057236,-0.7264650440572358
expanding,5,Lasso,POSNEG,2016-05-01,2.514826315789474,4.157091717911827,-1.6422654021223533
expanding,5,Lasso,POSNEG,2016-06-01,2.5058625,3.9512864304626776,-1.4454239304626775
expanding,5,Lasso,POSNEG,2016-07-01,2.5015650000000003,3.296936072641128,-0.7953710726411276
expanding,5,Lasso,POSNEG,2016-08-01,2.518775,3.438526395040059,-0.9197513950400587
expanding,5,Lasso,POSNEG,2016-09-01,2.527788888888889,3.3618295872604955,-0.8340406983716067
expanding,5,Lasso,POSNEG,2016-10-01,2.51759375,3.6490998323407617,-1.1315060823407617
expanding,5,Lasso,POSNEG,2016-11-01,2.535536363636364,3.5250822128514847,-0.9895458492151206
expanding,5,Lasso,POSNEG,2016-12-01,2.5772411764705883,3.9836415793223816,-1.4064004028517934
expanding,5,Lasso,POSNEG,2017-01-01,2.57815,4.2599607524423035,-1.6818107524423036
expanding,5,Lasso,POSNEG,2017-02-01,2.5543,4.550846179184049,-1.9965461791840489
expanding,5,Lasso,POSNEG,2017-03-01,2.5655,4.399382999249033,-1.8338829992490329
expanding,5,Lasso,POSNEG,2017-04-01,2.553335294117648,4.420984882520609,-1.8676495884029611
expanding,5,Lasso,POSNEG,2017-05-01,2.5712,3.3410553863286854,-0.7698553863286852
expanding,5,Lasso,POSNEG,2017-06-01,2.65784,3.7413709674341744,-1.0835309674341742
expanding,5,Lasso,POSNEG,2017-07-01,2.69046,3.3057724083263555,-0.6153124083263557
expanding,5,Lasso,POSNEG,2017-08-01,3.0855473684210524,2.9709595455635855,0.11458782285746683
expanding,5,Lasso,POSNEG,2017-09-01,3.0982380952380955,3.4889907027675404,-0.39075260752944496
expanding,5,Lasso,POSNEG,2017-10-01,3.075673684210526,3.6627509297983147,-0.5870772455877886
expanding,5,Lasso,POSNEG,2017-11-01,3.065655,4.403920044236379,-1.3382650442363793
expanding,5,Lasso,POSNEG,2017-12-01,3.15159,4.093807766553443,-0.9422177665534428
expanding,5,Lasso,POSNEG,2018-01-01,3.30657619047619,4.552176275097126,-1.2456000846209356
expanding,5,Lasso,POSNEG,2018-02-01,3.4621947368421053,4.450926159082876,-0.9887314222407704
expanding,5,Lasso,POSNEG,2018-03-01,3.6392136363636367,4.247103143577868,-0.6078895072142312
expanding,5,Lasso,POSNEG,2018-04-01,3.934538095238095,4.498445929852947,-0.5639078346148518
expanding,5,Lasso,POSNEG,2018-05-01,4.20315,4.82524148011398,-0.6220914801139799
expanding,5,Lasso,POSNEG,2018-06-01,4.641321739130435,4.546700240362665,0.09462149876776937
expanding,5,Lasso,POSNEG,2018-07-01,4.782921052631579,5.1412998385409,-0.3583787859093208
expanding,5,Lasso,POSNEG,2018-08-01,4.948788235294118,5.5107177930525495,-0.5619295577584316
expanding,5,Lasso,POSNEG,2018-09-01,5.096627272727273,4.986810747814946,0.10981652491232641
expanding,5,Lasso,POSNEG,2018-10-01,5.116333333333333,6.022208632669326,-0.9058752993359924
expanding,5,Lasso,POSNEG,2018-11-01,5.169666666666667,5.75168464134184,-0.582017974675173
expanding,5,Lasso,POSNEG,2018-12-01,5.220527777777778,4.867250225198427,0.35327755257935056
expanding,5,Lasso,POSNEG,2019-01-01,5.035757142857143,4.1928472118027855,0.8429099310543577
expanding,5,Lasso,POSNEG,2019-02-01,4.934044444444444,3.7440106957603416,1.1900337486841024
expanding,5,Lasso,POSNEG,2019-03-01,4.7935,4.348888116236557,0.44461188376344296
expanding,5,Lasso,POSNEG,2019-04-01,4.410036842105264,4.4977839679680125,-0.08774712586274891
expanding,5,Lasso,POSNEG,2019-05-01,4.32444761904762,4.19619428751137,0.12825333153625085
expanding,5,Lasso,POSNEG,2019-06-01,4.088347826086957,4.1567232227097035,-0.06837539662274672
expanding,5,Lasso,POSNEG,2019-07-01,4.01318,3.8941981692068603,0.11898183079313984
expanding,5,Lasso,POSNEG,2019-08-01,3.979216666666667,3.5840160898688573,0.3952005767978095
expanding,5,Lasso,POSNEG,2019-09-01,3.831255,3.768002760031391,0.06325223996860929
expanding,5,Lasso,POSNEG,2019-10-01,3.672726315789474,3.461450164561893,0.21127615122758092
expanding,5,Lasso,ToneMean,2016-01-01,2.525338095238096,3.382786171539763,-0.857448076301667
expanding,5,Lasso,ToneMean,2016-02-01,2.51565,3.526441786271812,-1.0107917862718119
expanding,5,Lasso,ToneMean,2016-03-01,2.5214052631578947,2.8565139900776213,-0.3351087269197266
expanding,5,Lasso,ToneMean,2016-04-01,2.517215,3.3458270967457837,-0.8286120967457835
expanding,5,Lasso,ToneMean,2016-05-01,2.514826315789474,3.9731656829451936,-1.4583393671557197
expanding,5,Lasso,ToneMean,2016-06-01,2.5058625,4.159800171188957,-1.6539376711889568
expanding,5,Lasso,ToneMean,2016-07-01,2.5015650000000003,3.351618354916413,-0.8500533549164127
expanding,5,Lasso,ToneMean,2016-08-01,2.518775,3.1173337121867593,-0.598558712186759
expanding,5,Lasso,ToneMean,2016-09-01,2.527788888888889,3.1284141466866635,-0.6006252577977746
expanding,5,Lasso,ToneMean,2016-10-01,2.51759375,3.3129882456199753,-0.7953944956199752
expanding,5,Lasso,ToneMean,2016-11-01,2.535536363636364,3.4097804396889155,-0.8742440760525514
expanding,5,Lasso,ToneMean,2016-12-01,2.5772411764705883,4.109002552782006,-1.531761376311418
expanding,5,Lasso,ToneMean,2017-01-01,2.57815,3.8653985861321094,-1.2872485861321095
expanding,5,Lasso,ToneMean,2017-02-01,2.5543,4.047282431660783,-1.4929824316607827
expanding,5,Lasso,ToneMean,2017-03-01,2.5655,4.321688168857377,-1.7561881688573768
expanding,5,Lasso,ToneMean,2017-04-01,2.553335294117648,4.343373145512798,-1.7900378513951498
expanding,5,Lasso,ToneMean,2017-05-01,2.5712,3.509416043696942,-0.9382160436969418
expanding,5,Lasso,ToneMean,2017-06-01,2.65784,3.8230005706295604,-1.1651605706295602
expanding,5,Lasso,ToneMean,2017-07-01,2.69046,3.2608585542779362,-0.5703985542779364
expanding,5,Lasso,ToneMean,2017-08-01,3.0855473684210524,2.8969052702148606,0.18864209820619182
expanding,5,Lasso,ToneMean,2017-09-01,3.0982380952380955,3.8120673862335592,-0.7138292909954638
expanding,5,Lasso,ToneMean,2017-10-01,3.075673684210526,3.4662372930391854,-0.39056360882865926
expanding,5,Lasso,ToneMean,2017-11-01,3.065655,4.2274567948420225,-1.1618017948420225
expanding,5,Lasso,ToneMean,2017-12-01,3.15159,4.139175634598981,-0.9875856345989811
expanding,5,Lasso,ToneMean,2018-01-01,3.30657619047619,4.399173153670347,-1.0925969631941568
expanding,5,Lasso,ToneMean,2018-02-01,3.4621947368421053,4.2897294625933,-0.8275347257511947
expanding,5,Lasso,ToneMean,2018-03-01,3.6392136363636367,4.251402645326348,-0.6121890089627109
expanding,5,Lasso,ToneMean,2018-04-01,3.934538095238095,4.312580927465172,-0.3780428322270768
expanding,5,Lasso,ToneMean,2018-05-01,4.20315,4.806941151391607,-0.603791151391607
expanding,5,Lasso,ToneMean,2018-06-01,4.641321739130435,4.599915869195688,0.0414058699347466
expanding,5,Lasso,ToneMean,2018-07-01,4.782921052631579,5.092381285421923,-0.30946023279034396
expanding,5,Lasso,ToneMean,2018-08-01,4.948788235294118,5.468169780738864,-0.5193815454447464
expanding,5,Lasso,ToneMean,2018-09-01,5.096627272727273,4.940153219512881,0.15647405321439134
expanding,5,Lasso,ToneMean,2018-10-01,5.116333333333333,5.796588033222257,-0.6802546998889234
expanding,5,Lasso,ToneMean,2018-11-01,5.169666666666667,5.630592899113876,-0.46092623244720876
expanding,5,Lasso,ToneMean,2018-12-01,5.220527777777778,4.809830049118822,0.41069772865895615
expanding,5,Lasso,ToneMean,2019-01-01,5.035757142857143,4.087673442977736,0.9480836998794073
expanding,5,Lasso,ToneMean,2019-02-01,4.934044444444444,4.394059982357028,0.5399844620874159
expanding,5,Lasso,ToneMean,2019-03-01,4.7935,4.261856642486391,0.5316433575136088
expanding,5,Lasso,ToneMean,2019-04-01,4.410036842105264,4.454946807035686,-0.04490996493042232
expanding,5,Lasso,ToneMean,2019-05-01,4.32444761904762,4.113428524234235,0.211019094813385
expanding,5,Lasso,ToneMean,2019-06-01,4.088347826086957,4.15620958761268,-0.0678617615257231
expanding,5,Lasso,ToneMean,2019-07-01,4.01318,4.016489903558094,-0.0033099035580939073
expanding,5,Lasso,ToneMean,2019-08-01,3.979216666666667,3.6281637753324842,0.3510528913341826
expanding,5,Lasso,ToneMean,2019-09-01,3.831255,3.6880400394161126,0.1432149605838875
expanding,5,Lasso,ToneMean,2019-10-01,3.672726315789474,3.377428563348845,0.29529775244062906
expanding,5,OLS,NEG,2016-01-01,2.525338095238096,3.1841424424318663,-0.6588043471937701
expanding,5,OLS,NEG,2016-02-01,2.51565,3.4508727348476507,-0.9352227348476507
expanding,5,OLS,NEG,2016-03-01,2.5214052631578947,2.898512350818734,-0.3771070876608391
expanding,5,OLS,NEG,2016-04-01,2.517215,3.3461145412509534,-0.8288995412509532
expanding,5,OLS,NEG,2016-05-01,2.514826315789474,3.8171443245219616,-1.3023180087324877
expanding,5,OLS,NEG,2016-06-01,2.5058625,4.311042916712111,-1.805180416712111
expanding,5,OLS,NEG,2016-07-01,2.5015650000000003,3.3713518748555336,-0.8697868748555333
expanding,5,OLS,NEG,2016-08-01,2.518775,2.990513446746058,-0.4717384467460577
expanding,5,OLS,NEG,2016-09-01,2.527788888888889,3.13305012012475,-0.6052612312358612
expanding,5,OLS,NEG,2016-10-01,2.51759375,3.3248763291560977,-0.8072825791560976
expanding,5,OLS,NEG,2016-11-01,2.535536363636364,3.432054990809248,-0.8965186271728838
expanding,5,OLS,NEG,2016-12-01,2.5772411764705883,3.82796020823105,-1.250719031760462
expanding,5,OLS,NEG,2017-01-01,2.57815,3.844989444483711,-1.2668394444837112
expanding,5,OLS,NEG,2017-02-01,2.5543,4.081199862129325,-1.526899862129325
expanding,5,OLS,NEG,2017-03-01,2.5655,4.271112010949228,-1.7056120109492277
expanding,5,OLS,NEG,2017-04-01,2.553335294117648,4.3519633741212,-1.7986280800035521
expanding,5,OLS,NEG,2017-05-01,2.5712,3.477608320236105,-0.9064083202361051
expanding,5,OLS,NEG,2017-06-01,2.65784,3.7941960485269126,-1.1363560485269124
expanding,5,OLS,NEG,2017-07-01,2.69046,2.981041560253008,-0.29058156025300796
expanding,5,OLS,NEG,2017-08-01,3.0855473684210524,2.6671290176530293,0.41841835076802303
expanding,5,OLS,NEG,2017-09-01,3.0982380952380955,3.7402289035343235,-0.641990808296228
expanding,5,OLS,NEG,2017-10-01,3.075673684210526,3.215597403176574,-0.13992371896604805
expanding,5,OLS,NEG,2017-11-01,3.065655,4.0754808348936855,-1.0098258348936855
expanding,5,OLS,NEG,2017-12-01,3.15159,4.207842491383528,-1.0562524913835278
expanding,5,OLS,NEG,2018-01-01,3.30657619047619,4.220812037807897,-0.9142358473317067
expanding,5,OLS,NEG,2018-02-01,3.4621947368421053,4.03801761814611,-0.5758228813040049
expanding,5,OLS,NEG,2018-03-01,3.6392136363636367,4.218946098524121,-0.5797324621604845
expanding,5,OLS,NEG,2018-04-01,3.934538095238095,4.070559404166399,-0.13602130892830422
expanding,5,OLS,NEG,2018-05-01,4.20315,4.851245373960304,-0.6480953739603041
expanding,5,OLS,NEG,2018-06-01,4.641321739130435,4.489044462179095,0.15227727695133986
expanding,5,OLS,NEG,2018-07-01,4.782921052631579,5.156170843837111,-0.3732497912055317
expanding,5,OLS,NEG,2018-08-01,4.948788235294118,5.662409479869989,-0.7136212445758714
expanding,5,OLS,NEG,2018-09-01,5.096627272727273,5.051220075081957,0.0454071976453152
expanding,5,OLS,NEG,2018-10-01,5.116333333333333,5.740832370593016,-0.6244990372596826
expanding,5,OLS,NEG,2018-11-01,5.169666666666667,5.523341457129559,-0.3536747904628923
expanding,5,OLS,NEG,2018-12-01,5.220527777777778,4.757031104123879,0.463496673653899
expanding,5,OLS,NEG,2019-01-01,5.035757142857143,4.144659321482368,0.8910978213747756
expanding,5,OLS,NEG,2019-02-01,4.934044444444444,4.633505206681078,0.300539237763366
expanding,5,OLS,NEG,2019-03-01,4.7935,4.236988856759336,0.5565111432406642
expanding,5,OLS,NEG,2019-04-01,4.410036842105264,4.37527624978602,0.03476059231924378
expanding,5,OLS,NEG,2019-05-01,4.32444761904762,4.16161212349505,0.16283549555257082
expanding,5,OLS,NEG,2019-06-01,4.088347826086957,4.234075838509799,-0.1457280124228424
expanding,5,OLS,NEG,2019-07-01,4.01318,4.054755444910461,-0.04157544491046039
expanding,5,OLS,NEG,2019-08-01,3.979216666666667,3.8191673534850814,0.16004931318158544
expanding,5,OLS,NEG,2019-09-01,3.831255,3.509938756862896,0.32131624313710416
expanding,5,OLS,NEG,2019-10-01,3.672726315789474,3.202107924993266,0.47061839079620826
expanding,5,OLS,None,2016-01-01,2.525338095238096,3.192333004368094,-0.6669949091299978
expanding,5,OLS,None,2016-02-01,2.51565,3.4498077290341076,-0.9341577290341077
expanding,5,OLS,None,2016-03-01,2.5214052631578947,2.907484363050016,-0.3860790998921213
expanding,5,OLS,None,2016-04-01,2.517215,3.33880782545447,-0.82159282545447
expanding,5,OLS,None,2016-05-01,2.514826315789474,3.807234347698581,-1.292408031909107
expanding,5,OLS,None,2016-06-01,2.5058625,4.308786040784149,-1.8029235407841488
expanding,5,OLS,None,2016-07-01,2.5015650000000003,3.372160235983024,-0.8705952359830236
expanding,5,OLS,None,2016-08-01,2.518775,2.9935808967300885,-0.47480589673008833
expanding,5,OLS,None,2016-09-01,2.527788888888889,3.1427073718616074,-0.6149184829727186
expanding,5,OLS,None,2016-10-01,2.51759375,3.3445382632934724,-0.8269445132934723
expanding,5,OLS,None,2016-11-01,2.535536363636364,3.4436338388751957,-0.9080974752388316
expanding,5,OLS,None,2016-12-01,2.5772411764705883,3.7911296531931513,-1.213888476722563
expanding,5,OLS,None,2017-01-01,2.57815,3.863854432374298,-1.285704432374298
expanding,5,OLS,None,2017-02-01,2.5543,4.119842398415293,-1.565542398415293
expanding,5,OLS,None,2017-03-01,2.5655,4.274824916065628,-1.7093249160656283
expanding,5,OLS,None,2017-04-01,2.553335294117648,4.347303569787028,-1.7939682756693802
expanding,5,OLS,None,2017-05-01,2.5712,3.4637202018874875,-0.8925202018874874
expanding,5,OLS,None,2017-06-01,2.65784,3.783558752814838,-1.125718752814838
expanding,5,OLS,None,2017-07-01,2.69046,2.956247809413114,-0.2657878094131143
expanding,5,OLS,None,2017-08-01,3.0855473684210524,2.6614780685627437,0.42406929985830866
expanding,5,OLS,None,2017-09-01,3.0982380952380955,3.713784843278036,-0.6155467480399404
expanding,5,OLS,None,2017-10-01,3.075673684210526,3.2056353335415904,-0.12996164933106424
expanding,5,OLS,None,2017-11-01,3.065655,4.07280220399556,-1.0071472039955602
expanding,5,OLS,None,2017-12-01,3.15159,4.202617342306516,-1.0510273423065155
expanding,5,OLS,None,2018-01-01,3.30657619047619,4.20076780130761,-0.8941916108314203
expanding,5,OLS,None,2018-02-01,3.4621947368421053,4.0187770862385435,-0.5565823493964381
expanding,5,OLS,None,2018-03-01,3.6392136363636367,4.216186474545154,-0.5769728381815171
expanding,5,OLS,None,2018-04-01,3.934538095238095,4.054551567905898,-0.12001347266780327
expanding,5,OLS,None,2018-05-01,4.20315,4.853699516145746,-0.6505495161457464
expanding,5,OLS,None,2018-06-01,4.641321739130435,4.472538430661643,0.1687833084687913
expanding,5,OLS,None,2018-07-01,4.782921052631579,5.155638988616133,-0.3727179359845536
expanding,5,OLS,None,2018-08-01,4.948788235294118,5.678245611852449,-0.7294573765583312
expanding,5,OLS,None,2018-09-01,5.096627272727273,5.06774502706718,0.028882245660092565
expanding,5,OLS,None,2018-10-01,5.116333333333333,5.734730416498002,-0.6183970831646688
expanding,5,OLS,None,2018-11-01,5.169666666666667,5.520744550206602,-0.35107788353993463
expanding,5,OLS,None,2018-12-01,5.220527777777778,4.738549363699978,0.4819784140778003
expanding,5,OLS,None,2019-01-01,5.035757142857143,4.162235473624657,0.8735216692324865
expanding,5,OLS,None,2019-02-01,4.934044444444444,4.614684186113232,0.31936025833121207
expanding,5,OLS,None,2019-03-01,4.7935,4.235669768583294,0.5578302314167063
expanding,5,OLS,None,2019-04-01,4.410036842105264,4.36039328239287,0.049643559712393426
expanding,5,OLS,None,2019-05-01,4.32444761904762,4.166116673391841,0.15833094565577976
expanding,5,OLS,None,2019-06-01,4.088347826086957,4.240459730746407,-0.15211190465945013
expanding,5,OLS,None,2019-07-01,4.01318,4.0447128463301105,-0.03153284633011033
expanding,5,OLS,None,2019-08-01,3.979216666666667,3.8303378315903256,0.14887883507634125
expanding,5,OLS,None,2019-09-01,3.831255,3.4871321481019493,0.3441228518980508
expanding,5,OLS,None,2019-10-01,3.672726315789474,3.1905675578578494,0.48215875793162466
expanding,5,OLS,POSNEG,2016-01-01,2.525338095238096,3.830763608554767,-1.305425513316671
expanding,5,OLS,POSNEG,2016-02-01,2.51565,3.494389150985658,-0.9787391509856582
expanding,5,OLS,POSNEG,2016-03-01,2.5214052631578947,2.952167508330653,-0.4307622451727582
expanding,5,OLS,POSNEG,2016-04-01,2.517215,3.2097516471514003,-0.6925366471514001
expanding,5,OLS,POSNEG,2016-05-01,2.514826315789474,4.147607843560472,-1.632781527770998
expanding,5,OLS,POSNEG,2016-06-01,2.5058625,3.962761506397505,-1.4568990063975047
expanding,5,OLS,POSNEG,2016-07-01,2.5015650000000003,3.2579680018203137,-0.7564030018203134
expanding,5,OLS,POSNEG,2016-08-01,2.518775,3.3993303248081883,-0.8805553248081881
expanding,5,OLS,POSNEG,2016-09-01,2.527788888888889,3.340639502036467,-0.8128506131475781
expanding,5,OLS,POSNEG,2016-10-01,2.51759375,3.653941955764515,-1.1363482057645151
expanding,5,OLS,POSNEG,2016-11-01,2.535536363636364,3.5092069864417748,-0.9736706228054106
expanding,5,OLS,POSNEG,2016-12-01,2.5772411764705883,3.939729936979595,-1.3624887605090068
expanding,5,OLS,POSNEG,2017-01-01,2.57815,4.284726184799048,-1.7065761847990482
expanding,5,OLS,POSNEG,2017-02-01,2.5543,4.606745549361075,-2.052445549361075
expanding,5,OLS,POSNEG,2017-03-01,2.5655,4.414483821651931,-1.848983821651931
expanding,5,OLS,POSNEG,2017-04-01,2.553335294117648,4.443986640428856,-1.8906513463112082
expanding,5,OLS,POSNEG,2017-05-01,2.5712,3.341230664741619,-0.7700306647416189
expanding,5,OLS,POSNEG,2017-06-01,2.65784,3.75150425865445,-1.0936642586544498
expanding,5,OLS,POSNEG,2017-07-01,2.69046,3.255839803971054,-0.5653798039710543
expanding,5,OLS,POSNEG,2017-08-01,3.0855473684210524,2.9162158367274706,0.16933153169358173
expanding,5,OLS,POSNEG,2017-09-01,3.0982380952380955,3.4738133655724805,-0.3755752703343851
expanding,5,OLS,POSNEG,2017-10-01,3.075673684210526,3.6359285707935,-0.5602548865829737
expanding,5,OLS,POSNEG,2017-11-01,3.065655,4.427569947160734,-1.361914947160734
expanding,5,OLS,POSNEG,2017-12-01,3.15159,4.115016531282995,-0.963426531282995
expanding,5,OLS,POSNEG,2018-01-01,3.30657619047619,4.571419982873671,-1.264843792397481
expanding,5,OLS,POSNEG,2018-02-01,3.4621947368421053,4.427530490693074,-0.9653357538509684
expanding,5,OLS,POSNEG,2018-03-01,3.6392136363636367,4.2138375464289455,-0.5746239100653088
expanding,5,OLS,POSNEG,2018-04-01,3.934538095238095,4.454494866299424,-0.5199567710613286
expanding,5,OLS,POSNEG,2018-05-01,4.20315,4.812803800623812,-0.6096538006238124
expanding,5,OLS,POSNEG,2018-06-01,4.641321739130435,4.51232718813386,0.12899455099657509
expanding,5,OLS,POSNEG,2018-07-01,4.782921052631579,5.216843944571696,-0.43392289194011724
expanding,5,OLS,POSNEG,2018-08-01,4.948788235294118,5.627417369704967,-0.6786291344108495
expanding,5,OLS,POSNEG,2018-09-01,5.096627272727273,5.04712702767119,0.04950024505608219
expanding,5,OLS,POSNEG,2018-10-01,5.116333333333333,6.15401513609509,-1.0376818027617567
expanding,5,OLS,POSNEG,2018-11-01,5.169666666666667,5.850421893270479,-0.6807552266038117
expanding,5,OLS,POSNEG,2018-12-01,5.220527777777778,4.873765165696157,0.34676261208162096
expanding,5,OLS,POSNEG,2019-01-01,5.035757142857143,4.201729712424688,0.8340274304324549
expanding,5,OLS,POSNEG,2019-02-01,4.934044444444444,3.7243906607844512,1.2096537836599928
expanding,5,OLS,POSNEG,2019-03-01,4.7935,4.404334356420833,0.38916564357916705
expanding,5,OLS,POSNEG,2019-04-01,4.410036842105264,4.556447730886312,-0.14641088878104824
expanding,5,OLS,POSNEG,2019-05-01,4.32444761904762,4.270652107068551,0.05379551197906984
expanding,5,OLS,POSNEG,2019-06-01,4.088347826086957,4.198125135732255,-0.10977730964529808
expanding,5,OLS,POSNEG,2019-07-01,4.01318,3.916614959371032,0.0965650406289682
expanding,5,OLS,POSNEG,2019-08-01,3.979216666666667,3.762935386044437,0.21628128062222984
expanding,5,OLS,POSNEG,2019-09-01,3.831255,3.7984427390209623,0.03281226097903778
expanding,5,OLS,POSNEG,2019-10-01,3.672726315789474,3.4143985135225843,0.2583278022668898
expanding,5,OLS,ToneMean,2016-01-01,2.525338095238096,3.35308029007202,-0.8277421948339239
expanding,5,OLS,ToneMean,2016-02-01,2.51565,3.51391758051885,-0.9982675805188501
expanding,5,OLS,ToneMean,2016-03-01,2.5214052631578947,2.8321093664870425,-0.3107041033291478
expanding,5,OLS,ToneMean,2016-04-01,2.517215,3.3602934145504917,-0.8430784145504915
expanding,5,OLS,ToneMean,2016-05-01,2.514826315789474,4.013923335246524,-1.49909701945705
expanding,5,OLS,ToneMean,2016-06-01,2.5058625,4.201852852114024,-1.6959903521140243
expanding,5,OLS,ToneMean,2016-07-01,2.5015650000000003,3.3139277282579753,-0.8123627282579751
expanding,5,OLS,ToneMean,2016-08-01,2.518775,3.062562316226264,-0.5437873162262639
expanding,5,OLS,ToneMean,2016-09-01,2.527788888888889,3.0868900206182612,-0.5591011317293724
expanding,5,OLS,ToneMean,2016-10-01,2.51759375,3.2857142066099905,-0.7681204566099904
expanding,5,OLS,ToneMean,2016-11-01,2.535536363636364,3.3820636086186866,-0.8465272449823225
expanding,5,OLS,ToneMean,2016-12-01,2.5772411764705883,4.089409863528152,-1.5121686870575637
expanding,5,OLS,ToneMean,2017-01-01,2.57815,3.8530812504582626,-1.2749312504582626
expanding,5,OLS,ToneMean,2017-02-01,2.5543,4.060102137697477,-1.505802137697477
expanding,5,OLS,ToneMean,2017-03-01,2.5655,4.33103719951263,-1.7655371995126297
expanding,5,OLS,ToneMean,2017-04-01,2.553335294117648,4.366201921125336,-1.812866627007688
expanding,5,OLS,ToneMean,2017-05-01,2.5712,3.5059182777547058,-0.9347182777547056
expanding,5,OLS,ToneMean,2017-06-01,2.65784,3.8146431114336146,-1.1568031114336144
expanding,5,OLS,ToneMean,2017-07-01,2.69046,3.1878483550497076,-0.4973883550497078
expanding,5,OLS,ToneMean,2017-08-01,3.0855473684210524,2.809391012625307,0.27615635579574516
expanding,5,OLS,ToneMean,2017-09-01,3.0982380952380955,3.807521582744893,-0.7092834875067977
expanding,5,OLS,ToneMean,2017-10-01,3.075673684210526,3.426052544088782,-0.3503788598782558
expanding,5,OLS,ToneMean,2017-11-01,3.065655,4.231708181855024,-1.1660531818550237
expanding,5,OLS,ToneMean,2017-12-01,3.15159,4.161434540785391,-1.0098445407853913
expanding,5,OLS,ToneMean,2018-01-01,3.30657619047619,4.428470284353979,-1.1218940938777893
expanding,5,OLS,ToneMean,2018-02-01,3.4621947368421053,4.280603298480712,-0.818408561638607
expanding,5,OLS,ToneMean,2018-03-01,3.6392136363636367,4.237690603247948,-0.5984769668843115
expanding,5,OLS,ToneMean,2018-04-01,3.934538095238095,4.280086137319051,-0.345548042080956
expanding,5,OLS,ToneMean,2018-05-01,4.20315,4.824928451677031,-0.6217784516770308
expanding,5,OLS,ToneMean,2018-06-01,4.641321739130435,4.596807050388502,0.04451468874193232
expanding,5,OLS,ToneMean,2018-07-01,4.782921052631579,5.174267703991911,-0.3913466513603323
expanding,5,OLS,ToneMean,2018-08-01,4.948788235294118,5.586146489014604,-0.6373582537204863
expanding,5,OLS,ToneMean,2018-09-01,5.096627272727273,4.9854698635646235,0.11115740916264905
expanding,5,OLS,ToneMean,2018-10-01,5.116333333333333,5.917942733975864,-0.8016094006425307
expanding,5,OLS,ToneMean,2018-11-01,5.169666666666667,5.717685070941368,-0.5480184042747007
expanding,5,OLS,ToneMean,2018-12-01,5.220527777777778,4.829872526625955,0.39065525115182265
expanding,5,OLS,ToneMean,2019-01-01,5.035757142857143,4.098013154958071,0.9377439878990721
expanding,5,OLS,ToneMean,2019-02-01,4.934044444444444,4.4350023110529895,0.49904213339145453
expanding,5,OLS,ToneMean,2019-03-01,4.7935,4.3041428931577395,0.4893571068422604
expanding,5,OLS,ToneMean,2019-04-01,4.410036842105264,4.5132070391107435,-0.10317019700547991
expanding,5,OLS,ToneMean,2019-05-01,4.32444761904762,4.165193313031771,0.15925430601584978
expanding,5,OLS,ToneMean,2019-06-01,4.088347826086957,4.185374559115495,-0.09702673302853793
expanding,5,OLS,ToneMean,2019-07-01,4.01318,4.03801802215158,-0.02483802215158004
expanding,5,OLS,ToneMean,2019-08-01,3.979216666666667,3.765654602146891,0.21356206451977577
expanding,5,OLS,ToneMean,2019-09-01,3.831255,3.715220428317938,0.1160345716820621
expanding,5,OLS,ToneMean,2019-10-01,3.672726315789474,3.3366951562201095,0.3360311595693646
expanding,5,Ridge,NEG,2016-01-01,2.525338095238096,3.1925146040528425,-0.6671765088147463
expanding,5,Ridge,NEG,2016-02-01,2.51565,3.4554216052057463,-0.9397716052057463
expanding,5,Ridge,NEG,2016-03-01,2.5214052631578947,2.9222789568565437,-0.400873693698649
expanding,5,Ridge,NEG,2016-04-01,2.517215,3.352473819725568,-0.8352588197255679
expanding,5,Ridge,NEG,2016-05-01,2.514826315789474,3.808557692320546,-1.2937313765310723
expanding,5,Ridge,NEG,2016-06-01,2.5058625,4.282363470002624,-1.7765009700026235
expanding,5,Ridge,NEG,2016-07-01,2.5015650000000003,3.378172228824713,-0.8766072288247129
expanding,5,Ridge,NEG,2016-08-01,2.518775,3.010840701982744,-0.4920657019827437
expanding,5,Ridge,NEG,2016-09-01,2.527788888888889,3.148012274434584,-0.6202233855456951
expanding,5,Ridge,NEG,2016-10-01,2.51759375,3.3329576206652947,-0.8153638706652946
expanding,5,Ridge,NEG,2016-11-01,2.535536363636364,3.4444555184741716,-0.9089191548378075
expanding,5,Ridge,NEG,2016-12-01,2.5772411764705883,3.837541197479557,-1.2603000210089688
expanding,5,Ridge,NEG,2017-01-01,2.57815,3.853889557568311,-1.2757395575683113
expanding,5,Ridge,NEG,2017-02-01,2.5543,4.0817261623103365,-1.5274261623103365
expanding,5,Ridge,NEG,2017-03-01,2.5655,4.268841796282986,-1.7033417962829862
expanding,5,Ridge,NEG,2017-04-01,2.553335294117648,4.3483363770415595,-1.7950010829239114
expanding,5,Ridge,NEG,2017-05-01,2.5712,3.483353648686473,-0.912153648686473
expanding,5,Ridge,NEG,2017-06-01,2.65784,3.7920556957614044,-1.1342156957614042
expanding,5,Ridge,NEG,2017-07-01,2.69046,3.0009612898684734,-0.3105012898684736
expanding,5,Ridge,NEG,2017-08-01,3.0855473684210524,2.688943690141947,0.3966036782791056
expanding,5,Ridge,NEG,2017-09-01,3.0982380952380955,3.7376273974961984,-0.639389302258103
expanding,5,Ridge,NEG,2017-10-01,3.075673684210526,3.225701436765073,-0.1500277525545468
expanding,5,Ridge,NEG,2017-11-01,3.065655,4.0683072065312045,-1.0026522065312045
expanding,5,Ridge,NEG,2017-12-01,3.15159,4.196988862744063,-1.045398862744063
expanding,5,Ridge,NEG,2018-01-01,3.30657619047619,4.214754248999312,-0.9081780585231218
expanding,5,Ridge,NEG,2018-02-01,3.4621947368421053,4.043214710298449,-0.5810199734563439
expanding,5,Ridge,NEG,2018-03-01,3.6392136363636367,4.220684829742856,-0.5814711933792194
expanding,5,Ridge,NEG,2018-04-01,3.934538095238095,4.0768720863129,-0.1423339910748047
expanding,5,Ridge,NEG,2018-05-01,4.20315,4.842003067695642,-0.6388530676956421
expanding,5,Ridge,NEG,2018-06-01,4.641321739130435,4.487496982959715,0.15382475617072
expanding,5,Ridge,NEG,2018-07-01,4.782921052631579,5.135171195475943,-0.3522501428443636
expanding,5,Ridge,NEG,2018-08-01,4.948788235294118,5.633785995021645,-0.6849977597275272
expanding,5,Ridge,NEG,2018-09-01,5.096627272727273,5.040071599746823,0.0565556729804495
expanding,5,Ridge,NEG,2018-10-01,5.116333333333333,5.717148010546479,-0.6008146772131457
expanding,5,Ridge,NEG,2018-11-01,5.169666666666667,5.505089436235281,-0.3354227695686136
expanding,5,Ridge,NEG,2018-12-01,5.220527777777778,4.753472587019347,0.4670551907584306
expanding,5,Ridge,NEG,2019-01-01,5.035757142857143,4.144952260456657,0.8908048824004862
expanding,5,Ridge,NEG,2019-02-01,4.934044444444444,4.628171166357219,0.3058732780872253
expanding,5,Ridge,NEG,2019-03-01,4.7935,4.232196565531013,0.5613034344689867
expanding,5,Ridge,NEG,2019-04-01,4.410036842105264,4.36837873449462,0.041658107610643924
expanding,5,Ridge,NEG,2019-05-01,4.32444761904762,4.155851466045938,0.1685961530016824
expanding,5,Ridge,NEG,2019-06-01,4.088347826086957,4.230569281582491,-0.1422214554955339
expanding,5,Ridge,NEG,2019-07-01,4.01318,4.054356506889228,-0.04117650688922758
expanding,5,Ridge,NEG,2019-08-01,3.979216666666667,3.806295424063971,0.1729212426026958
expanding,5,Ridge,NEG,2019-09-01,3.831255,3.512655340965039,0.3185996590349611
expanding,5,Ridge,NEG,2019-10-01,3.672726315789474,3.2138332746504785,0.45889304113899554
expanding,5,Ridge,None,2016-01-01,2.525338095238096,3.201130193942107,-0.6757920987040107
expanding,5,Ridge,None,2016-02-01,2.51565,3.4543372730920456,-0.9386872730920457
expanding,5,Ridge,None,2016-03-01,2.5214052631578947,2.9317625304740345,-0.41035726731613975
expanding,5,Ridge,None,2016-04-01,2.517215,3.344873952227947,-0.8276589522279467
expanding,5,Ridge,None,2016-05-01,2.514826315789474,3.798089380378385,-1.283263064588911
expanding,5,Ridge,None,2016-06-01,2.5058625,4.279828762543027,-1.773966262543027
expanding,5,Ridge,None,2016-07-01,2.5015650000000003,3.3790709742782017,-0.8775059742782014
expanding,5,Ridge,None,2016-08-01,2.518775,3.014242158546704,-0.49546715854670387
expanding,5,Ridge,None,2016-09-01,2.527788888888889,3.158556813851106,-0.6307679249622171
expanding,5,Ridge,None,2016-10-01,2.51759375,3.3540731854500567,-0.8364794354500567
expanding,5,Ridge,None,2016-11-01,2.535536363636364,3.4566855125413043,-0.9211491489049402
expanding,5,Ridge,None,2016-12-01,2.5772411764705883,3.7990810291389363,-1.221839852668348
expanding,5,Ridge,None,2017-01-01,2.57815,3.8744206766774782,-1.2962706766774783
expanding,5,Ridge,None,2017-02-01,2.5543,4.122201791252407,-1.5679017912524071
expanding,5,Ridge,None,2017-03-01,2.5655,4.272575397340878,-1.707075397340878
expanding,5,Ridge,None,2017-04-01,2.553335294117648,4.3434358589399285,-1.7901005648222803
expanding,5,Ridge,None,2017-05-01,2.5712,3.469015830964276,-0.8978158309642756
expanding,5,Ridge,None,2017-06-01,2.65784,3.7809935574903593,-1.123153557490359
expanding,5,Ridge,None,2017-07-01,2.69046,2.9755921361350572,-0.2851321361350574
expanding,5,Ridge,None,2017-08-01,3.0855473684210524,2.683265526721999,0.40228184169905346
expanding,5,Ridge,None,2017-09-01,3.0982380952380955,3.7103772662221095,-0.612139170984014
expanding,5,Ridge,None,2017-10-01,3.075673684210526,3.2154584924105674,-0.13978480820004124
expanding,5,Ridge,None,2017-11-01,3.065655,4.065399816330823,-0.9997448163308227
expanding,5,Ridge,None,2017-12-01,3.15159,4.191425841244058,-1.039835841244058
expanding,5,Ridge,None,2018-01-01,3.30657619047619,4.194016132853868,-0.8874399423776778
expanding,5,Ridge,None,2018-02-01,3.4621947368421053,4.023320300885352,-0.5611255640432469
expanding,5,Ridge,None,2018-03-01,3.6392136363636367,4.217788716849249,-0.5785750804856122
expanding,5,Ridge,None,2018-04-01,3.934538095238095,4.060239184258022,-0.12570108901992727
expanding,5,Ridge,None,2018-05-01,4.20315,4.844412835963031,-0.6412628359630315
expanding,5,Ridge,None,2018-06-01,4.641321739130435,4.470316023675467,0.17100571545496734
expanding,5,Ridge,None,2018-07-01,4.782921052631579,5.134318746881355,-0.3513976942497763
expanding,5,Ridge,None,2018-08-01,4.948788235294118,5.649786180370169,-0.7009979450760513
expanding,5,Ridge,None,2018-09-01,5.096627272727273,5.056761229554527,0.039866043172745336
expanding,5,Ridge,None,2018-10-01,5.116333333333333,5.71061166728119,-0.594278333947857
expanding,5,Ridge,None,2018-11-01,5.169666666666667,5.502155549088877,-0.33248888242220964
expanding,5,Ridge,None,2018-12-01,5.220527777777778,4.734436353227233,0.486091424550545
expanding,5,Ridge,None,2019-01-01,5.035757142857143,4.162809846454709,0.8729472964024341
expanding,5,Ridge,None,2019-02-01,4.934044444444444,4.608752154396733,0.3252922900477113
expanding,5,Ridge,None,2019-03-01,4.7935,4.230737209394945,0.5627627906050545
expanding,5,Ridge,None,2019-04-01,4.410036842105264,4.353001687656407,0.05703515444885632
expanding,5,Ridge,None,2019-05-01,4.32444761904762,4.160385984070674,0.1640616349769468
expanding,5,Ridge,None,2019-06-01,4.088347826086957,4.237053712899993,-0.14870588681303598
expanding,5,Ridge,None,2019-07-01,4.01318,4.044025379719052,-0.03084537971905199
expanding,5,Ridge,None,2019-08-01,3.979216666666667,3.8176050936096546,0.16161157305701224
expanding,5,Ridge,None,2019-09-01,3.831255,3.4892797244642373,0.3419752755357628
expanding,5,Ridge,None,2019-10-01,3.672726315789474,3.202148545700863,0.4705777700886111
expanding,5,Ridge,POSNEG,2016-01-01,2.525338095238096,3.836747495919494,-1.3114094006813977
expanding,5,Ridge,POSNEG,2016-02-01,2.51565,3.4985939588029886,-0.9829439588029887
expanding,5,Ridge,POSNEG,2016-03-01,2.5214052631578947,2.9714596553252246,-0.4500543921673299
expanding,5,Ridge,POSNEG,2016-04-01,2.517215,3.2162149175415546,-0.6989999175415544
expanding,5,Ridge,POSNEG,2016-05-01,2.514826315789474,4.141754314971209,-1.626927999181735
expanding,5,Ridge,POSNEG,2016-06-01,2.5058625,3.940452765901047,-1.434590265901047
expanding,5,Ridge,POSNEG,2016-07-01,2.5015650000000003,3.2646075578442844,-0.7630425578442841
expanding,5,Ridge,POSNEG,2016-08-01,2.518775,3.4163135197525056,-0.8975385197525054
expanding,5,Ridge,POSNEG,2016-09-01,2.527788888888889,3.3528715783247125,-0.8250826894358236
expanding,5,Ridge,POSNEG,2016-10-01,2.51759375,3.6595324074267572,-1.1419386574267572
expanding,5,Ridge,POSNEG,2016-11-01,2.535536363636364,3.5190961966126784,-0.9835598329763142
expanding,5,Ridge,POSNEG,2016-12-01,2.5772411764705883,3.950071237172333,-1.372830060701745
expanding,5,Ridge,POSNEG,2017-01-01,2.57815,4.291309779865177,-1.713159779865177
expanding,5,Ridge,POSNEG,2017-02-01,2.5543,4.605168969317894,-2.0508689693178943
expanding,5,Ridge,POSNEG,2017-03-01,2.5655,4.4125194969332,-1.8470194969332
expanding,5,Ridge,POSNEG,2017-04-01,2.553335294117648,4.44081745931601,-1.887482165198362
expanding,5,Ridge,POSNEG,2017-05-01,2.5712,3.3457023110715527,-0.7745023110715525
expanding,5,Ridge,POSNEG,2017-06-01,2.65784,3.749681762199713,-1.0918417621997127
expanding,5,Ridge,POSNEG,2017-07-01,2.69046,3.273934938290113,-0.583474938290113
expanding,5,Ridge,POSNEG,2017-08-01,3.0855473684210524,2.9354273918689335,0.15011997655211884
expanding,5,Ridge,POSNEG,2017-09-01,3.0982380952380955,3.4720077079660827,-0.37376961272798725
expanding,5,Ridge,POSNEG,2017-10-01,3.075673684210526,3.64589499613522,-0.5702213119246937
expanding,5,Ridge,POSNEG,2017-11-01,3.065655,4.422004471109544,-1.3563494711095436
expanding,5,Ridge,POSNEG,2017-12-01,3.15159,4.105963781434581,-0.954373781434581
expanding,5,Ridge,POSNEG,2018-01-01,3.30657619047619,4.5679668205252195,-1.2613906300490294
expanding,5,Ridge,POSNEG,2018-02-01,3.4621947368421053,4.434115095414985,-0.9719203585728793
expanding,5,Ridge,POSNEG,2018-03-01,3.6392136363636367,4.216731571905217,-0.57751793554158
expanding,5,Ridge,POSNEG,2018-04-01,3.934538095238095,4.462185789367068,-0.5276476941289725
expanding,5,Ridge,POSNEG,2018-05-01,4.20315,4.806691129906881,-0.6035411299068807
expanding,5,Ridge,POSNEG,2018-06-01,4.641321739130435,4.512924317180233,0.12839742195020154
expanding,5,Ridge,POSNEG,2018-07-01,4.782921052631579,5.200140910870754,-0.41721985823917507
expanding,5,Ridge,POSNEG,2018-08-01,4.948788235294118,5.603922487241039,-0.6551342519469214
expanding,5,Ridge,POSNEG,2018-09-01,5.096627272727273,5.038460366880057,0.058166905847215844
expanding,5,Ridge,POSNEG,2018-10-01,5.116333333333333,6.13554937243359,-1.0192160391002565
expanding,5,Ridge,POSNEG,2018-11-01,5.169666666666667,5.837590526859525,-0.6679238601928583
expanding,5,Ridge,POSNEG,2018-12-01,5.220527777777778,4.873556823906627,0.34697095387115073
expanding,5,Ridge,POSNEG,2019-01-01,5.035757142857143,4.2034125728471485,0.8323445700099947
expanding,5,Ridge,POSNEG,2019-02-01,4.934044444444444,3.72054245397572,1.2135019904687239
expanding,5,Ridge,POSNEG,2019-03-01,4.7935,4.401007965732244,0.3924920342677556
expanding,5,Ridge,POSNEG,2019-04-01,4.410036842105264,4.5515538032944045,-0.14151696118914092
expanding,5,Ridge,POSNEG,2019-05-01,4.32444761904762,4.265647979746337,0.05879963930128351
expanding,5,Ridge,POSNEG,2019-06-01,4.088347826086957,4.195029851169453,-0.10668202508249625
expanding,5,Ridge,POSNEG,2019-07-01,4.01318,3.915826698413543,0.09735330158645716
expanding,5,Ridge,POSNEG,2019-08-01,3.979216666666667,3.750288180148734,0.22892848651793285
expanding,5,Ridge,POSNEG,2019-09-01,3.831255,3.801293003299488,0.029961996700512028
expanding,5,Ridge,POSNEG,2019-10-01,3.672726315789474,3.42483708848577,0.2478892273037041
expanding,5,Ridge,ToneMean,2016-01-01,2.525338095238096,3.3625392428683893,-0.8372011476302932
expanding,5,Ridge,ToneMean,2016-02-01,2.51565,3.518720164953078,-1.003070164953078
expanding,5,Ridge,ToneMean,2016-03-01,2.5214052631578947,2.85329984207358,-0.3318945789156853
expanding,5,Ridge,ToneMean,2016-04-01,2.517215,3.3661761441810354,-0.8489611441810352
expanding,5,Ridge,ToneMean,2016-05-01,2.514826315789474,4.007990562472475,-1.4931642466830013
expanding,5,Ridge,ToneMean,2016-06-01,2.5058625,4.175494345019539,-1.6696318450195387
expanding,5,Ridge,ToneMean,2016-07-01,2.5015650000000003,3.3201587329893405,-0.8185937329893402
expanding,5,Ridge,ToneMean,2016-08-01,2.518775,3.0820323205629334,-0.5632573205629332
expanding,5,Ridge,ToneMean,2016-09-01,2.527788888888889,3.100978485417185,-0.5731895965282963
expanding,5,Ridge,ToneMean,2016-10-01,2.51759375,3.2940533336318616,-0.7764595836318615
expanding,5,Ridge,ToneMean,2016-11-01,2.535536363636364,3.3932679691955308,-0.8577316055591666
expanding,5,Ridge,ToneMean,2016-12-01,2.5772411764705883,4.099562485856604,-1.5223213093860162
expanding,5,Ridge,ToneMean,2017-01-01,2.57815,3.8627538877517367,-1.2846038877517367
expanding,5,Ridge,ToneMean,2017-02-01,2.5543,4.061457435645435,-1.5071574356454351
expanding,5,Ridge,ToneMean,2017-03-01,2.5655,4.329669245920528,-1.7641692459205283
expanding,5,Ridge,ToneMean,2017-04-01,2.553335294117648,4.362925390092556,-1.809590095974908
expanding,5,Ridge,ToneMean,2017-05-01,2.5712,3.511249418775284,-0.9400494187752839
expanding,5,Ridge,ToneMean,2017-06-01,2.65784,3.8129433109239335,-1.1551033109239333
expanding,5,Ridge,ToneMean,2017-07-01,2.69046,3.20777334378046,-0.5173133437804602
expanding,5,Ridge,ToneMean,2017-08-01,3.0855473684210524,2.8307328906032074,0.25481447781784494
expanding,5,Ridge,ToneMean,2017-09-01,3.0982380952380955,3.8056742864204285,-0.707436191182333
expanding,5,Ridge,ToneMean,2017-10-01,3.075673684210526,3.437551972804247,-0.36187828859372084
expanding,5,Ridge,ToneMean,2017-11-01,3.065655,4.226907311274187,-1.1612523112741866
expanding,5,Ridge,ToneMean,2017-12-01,3.15159,4.151437968221235,-0.9998479682212351
expanding,5,Ridge,ToneMean,2018-01-01,3.30657619047619,4.425067592537294,-1.118491402061104
expanding,5,Ridge,ToneMean,2018-02-01,3.4621947368421053,4.287858679429925,-0.8256639425878194
expanding,5,Ridge,ToneMean,2018-03-01,3.6392136363636367,4.24014110411724,-0.600927467753603
expanding,5,Ridge,ToneMean,2018-04-01,3.934538095238095,4.288279802304196,-0.35374170706610064
expanding,5,Ridge,ToneMean,2018-05-01,4.20315,4.817474668512085,-0.6143246685120847
expanding,5,Ridge,ToneMean,2018-06-01,4.641321739130435,4.596906089348291,0.04441564978214352
expanding,5,Ridge,ToneMean,2018-07-01,4.782921052631579,5.156501229537671,-0.373580176906092
expanding,5,Ridge,ToneMean,2018-08-01,4.948788235294118,5.561153413467512,-0.6123651781733939
expanding,5,Ridge,ToneMean,2018-09-01,5.096627272727273,4.976128922281854,0.1204983504454189
expanding,5,Ridge,ToneMean,2018-10-01,5.116333333333333,5.898768523877495,-0.7824351905441613
expanding,5,Ridge,ToneMean,2018-11-01,5.169666666666667,5.704174308359251,-0.534507641692584
expanding,5,Ridge,ToneMean,2018-12-01,5.220527777777778,4.828472237057402,0.3920555407203761
expanding,5,Ridge,ToneMean,2019-01-01,5.035757142857143,4.0992106409685425,0.9365465018886008
expanding,5,Ridge,ToneMean,2019-02-01,4.934044444444444,4.428886111619584,0.5051583328248599
expanding,5,Ridge,ToneMean,2019-03-01,4.7935,4.300884421043616,0.49261557895638397
expanding,5,Ridge,ToneMean,2019-04-01,4.410036842105264,4.508425803390565,-0.09838896128530106
expanding,5,Ridge,ToneMean,2019-05-01,4.32444761904762,4.160164383789864,0.16428323525775657
expanding,5,Ridge,ToneMean,2019-06-01,4.088347826086957,4.182031591760242,-0.09368376567328518
expanding,5,Ridge,ToneMean,2019-07-01,4.01318,4.037274782755852,-0.024094782755851973
expanding,5,Ridge,ToneMean,2019-08-01,3.979216666666667,3.753328315512373,0.22588835115429395
expanding,5,Ridge,ToneMean,2019-09-01,3.831255,3.7191007031179755,0.1121542968820246
expanding,5,Ridge,ToneMean,2019-10-01,3.672726315789474,3.348217659757567,0.32450865603190726
expanding,5,SVR,NEG,2016-01-01,2.525338095238096,2.049697980274791,0.47564011496330494
expanding,5,SVR,NEG,2016-02-01,2.51565,2.795559014908032,-0.2799090149080321
expanding,5,SVR,NEG,2016-03-01,2.5214052631578947,2.0930413205562988,0.42836394260159594
expanding,5,SVR,NEG,2016-04-01,2.517215,2.5820434275115343,-0.06482842751153406
expanding,5,SVR,NEG,2016-05-01,2.514826315789474,3.7043268445673645,-1.1895005287778906
expanding,5,SVR,NEG,2016-06-01,2.5058625,3.6014779328838236,-1.0956154328838235
expanding,5,SVR,NEG,2016-07-01,2.5015650000000003,2.6007641797162053,-0.09919917971620507
expanding,5,SVR,NEG,2016-08-01,2.518775,2.2077841500130555,0.3109908499869447
expanding,5,SVR,NEG,2016-09-01,2.527788888888889,2.644864308613482,-0.11707541972459312
expanding,5,SVR,NEG,2016-10-01,2.51759375,3.143448005604294,-0.6258542556042941
expanding,5,SVR,NEG,2016-11-01,2.535536363636364,2.4296598356356136,0.10587652800075054
expanding,5,SVR,NEG,2016-12-01,2.5772411764705883,4.015964558592466,-1.4387233821218777
expanding,5,SVR,NEG,2017-01-01,2.57815,4.438644168403931,-1.860494168403931
expanding,5,SVR,NEG,2017-02-01,2.5543,3.5259787574100865,-0.9716787574100865
expanding,5,SVR,NEG,2017-03-01,2.5655,3.5211854942589325,-0.9556854942589323
expanding,5,SVR,NEG,2017-04-01,2.553335294117648,3.2549930112392276,-0.7016577171215794
expanding,5,SVR,NEG,2017-05-01,2.5712,2.012877970185378,0.5583220298146223
expanding,5,SVR,NEG,2017-06-01,2.65784,2.5394474345465348,0.11839256545346544
expanding,5,SVR,NEG,2017-07-01,2.69046,2.432956499791063,0.25750350020893675
expanding,5,SVR,NEG,2017-08-01,3.0855473684210524,2.048475374378961,1.0370719940420914
expanding,5,SVR,NEG,2017-09-01,3.0982380952380955,3.0898436153287268,0.008394479909368702
expanding,5,SVR,NEG,2017-10-01,3.075673684210526,2.393171648805422,0.6825020354051041
expanding,5,SVR,NEG,2017-11-01,3.065655,2.8717565015396196,0.19389849846038043
expanding,5,SVR,NEG,2017-12-01,3.15159,3.0899426363764633,0.061647363623536844
expanding,5,SVR,NEG,2018-01-01,3.30657619047619,3.5232880211224122,-0.21671183064622213
expanding,5,SVR,NEG,2018-02-01,3.4621947368421053,4.084958683646089,-0.6227639468039841
expanding,5,SVR,NEG,2018-03-01,3.6392136363636367,3.9505894892082787,-0.311375852844642
expanding,5,SVR,NEG,2018-04-01,3.934538095238095,4.276772964264723,-0.34223486902662836
expanding,5,SVR,NEG,2018-05-01,4.20315,4.34123876566751,-0.1380887656675105
expanding,5,SVR,NEG,2018-06-01,4.641321739130435,4.677495659650412,-0.036173920519977365
expanding,5,SVR,NEG,2018-07-01,4.782921052631579,4.638026558433141,0.14489449419843847
expanding,5,SVR,NEG,2018-08-01,4.948788235294118,4.874749656225991,0.07403857906812661
expanding,5,SVR,NEG,2018-09-01,5.096627272727273,5.0958076966140675,0.000819576113205045
expanding,5,SVR,NEG,2018-10-01,5.116333333333333,5.698077260472122,-0.5817439271387883
expanding,5,SVR,NEG,2018-11-01,5.169666666666667,5.2281896515240245,-0.05852298485735741
expanding,5,SVR,NEG,2018-12-01,5.220527777777778,5.067184648334506,0.15334312944327166
expanding,5,SVR,NEG,2019-01-01,5.035757142857143,4.079878230841228,0.9558789120159155
expanding,5,SVR,NEG,2019-02-01,4.934044444444444,4.724461763350717,0.20958268109372735
expanding,5,SVR,NEG,2019-03-01,4.7935,4.32934810832128,0.4641518916787195
expanding,5,SVR,NEG,2019-04-01,4.410036842105264,4.516963390923114,-0.10692654881785035
expanding,5,SVR,NEG,2019-05-01,4.32444761904762,4.481557866656129,-0.15711024760850822
expanding,5,SVR,NEG,2019-06-01,4.088347826086957,4.7279311416325625,-0.6395833155456057
expanding,5,SVR,NEG,2019-07-01,4.01318,4.919314441868622,-0.9061344418686215
expanding,5,SVR,NEG,2019-08-01,3.979216666666667,4.766779566306891,-0.787562899640224
expanding,5,SVR,NEG,2019-09-01,3.831255,3.8947637511219453,-0.0635087511219452
expanding,5,SVR,NEG,2019-10-01,3.672726315789474,3.2751838917026523,0.3975424240868217
expanding,5,SVR,None,2016-01-01,2.525338095238096,2.206796789217047,0.31854130602104913
expanding,5,SVR,None,2016-02-01,2.51565,2.964752326603806,-0.4491023266038061
expanding,5,SVR,None,2016-03-01,2.5214052631578947,2.32655627007237,0.19484899308552484
expanding,5,SVR,None,2016-04-01,2.517215,2.5746969527733827,-0.05748195277338253
expanding,5,SVR,None,2016-05-01,2.514826315789474,3.5216376255179114,-1.0068113097284375
expanding,5,SVR,None,2016-06-01,2.5058625,3.476111230042971,-0.9702487300429707
expanding,5,SVR,None,2016-07-01,2.5015650000000003,2.5543039847243447,-0.05273898472434446
expanding,5,SVR,None,2016-08-01,2.518775,2.3970668261984063,0.12170817380159393
expanding,5,SVR,None,2016-09-01,2.527788888888889,2.4103179228239306,0.11747096606495822
expanding,5,SVR,None,2016-10-01,2.51759375,2.4966493302156127,0.020944419784387325
expanding,5,SVR,None,2016-11-01,2.535536363636364,2.7163482628229367,-0.1808118991865726
expanding,5,SVR,None,2016-12-01,2.5772411764705883,3.7785187842755774,-1.2012776078049892
expanding,5,SVR,None,2017-01-01,2.57815,4.182809982576357,-1.604659982576357
expanding,5,SVR,None,2017-02-01,2.5543,3.4384354616262196,-0.8841354616262196
expanding,5,SVR,None,2017-03-01,2.5655,3.5889243456473428,-1.0234243456473426
expanding,5,SVR,None,2017-04-01,2.553335294117648,3.233103941350838,-0.6797686472331899
expanding,5,SVR,None,2017-05-01,2.5712,1.8738554706901787,0.6973445293098215
expanding,5,SVR,None,2017-06-01,2.65784,2.3576473520622643,0.3001926479377359
expanding,5,SVR,None,2017-07-01,2.69046,2.226292464366172,0.46416753563382773
expanding,5,SVR,None,2017-08-01,3.0855473684210524,2.2465105058160297,0.8390368626050226
expanding,5,SVR,None,2017-09-01,3.0982380952380955,2.892279177836734,0.2059589174013614
expanding,5,SVR,None,2017-10-01,3.075673684210526,2.6673103098164983,0.4083633743940278
expanding,5,SVR,None,2017-11-01,3.065655,2.9944646938999777,0.0711903061000223
expanding,5,SVR,None,2017-12-01,3.15159,3.0790205344084636,0.07256946559153654
expanding,5,SVR,None,2018-01-01,3.30657619047619,3.371369671328045,-0.0647934808518551
expanding,5,SVR,None,2018-02-01,3.4621947368421053,4.095754098649906,-0.633559361807801
expanding,5,SVR,None,2018-03-01,3.6392136363636367,4.163282867896746,-0.5240692315331095
expanding,5,SVR,None,2018-04-01,3.934538095238095,4.300973359661907,-0.36643526442381225
expanding,5,SVR,None,2018-05-01,4.20315,4.444208897485259,-0.24105889748525922
expanding,5,SVR,None,2018-06-01,4.641321739130435,4.451703110080367,0.18961862905006743
expanding,5,SVR,None,2018-07-01,4.782921052631579,4.554220524259315,0.22870052837226407
expanding,5,SVR,None,2018-08-01,4.948788235294118,5.040445184280546,-0.09165694898642851
expanding,5,SVR,None,2018-09-01,5.096627272727273,5.408122983080707,-0.3114957103534346
expanding,5,SVR,None,2018-10-01,5.116333333333333,5.368161087931734,-0.25182775459840023
expanding,5,SVR,None,2018-11-01,5.169666666666667,4.989946463177405,0.17972020348926243
expanding,5,SVR,None,2018-12-01,5.220527777777778,4.918227067657618,0.3023007101201598
expanding,5,SVR,None,2019-01-01,5.035757142857143,4.280925368561561,0.7548317742955826
expanding,5,SVR,None,2019-02-01,4.934044444444444,4.840780192405847,0.09326425203859667
expanding,5,SVR,None,2019-03-01,4.7935,4.48182562379424,0.3116743762057599
expanding,5,SVR,None,2019-04-01,4.410036842105264,4.439750266038014,-0.029713423932750338
expanding,5,SVR,None,2019-05-01,4.32444761904762,4.5553125795628215,-0.2308649605152011
expanding,5,SVR,None,2019-06-01,4.088347826086957,4.845823445905944,-0.7574756198189876
expanding,5,SVR,None,2019-07-01,4.01318,4.7105354253307326,-0.6973554253307324
expanding,5,SVR,None,2019-08-01,3.979216666666667,4.565219776966405,-0.5860031102997381
expanding,5,SVR,None,2019-09-01,3.831255,3.5344633179502267,0.29679168204977335
expanding,5,SVR,None,2019-10-01,3.672726315789474,3.2862875510078453,0.38643876478162875
expanding,5,SVR,POSNEG,2016-01-01,2.525338095238096,3.1787335643431263,-0.6533954691050301
expanding,5,SVR,POSNEG,2016-02-01,2.51565,2.5226820604183766,-0.007032060418376673
expanding,5,SVR,POSNEG,2016-03-01,2.5214052631578947,1.9710130063320972,0.5503922568257975
expanding,5,SVR,POSNEG,2016-04-01,2.517215,2.5438463480020963,-0.0266313480020961
expanding,5,SVR,POSNEG,2016-05-01,2.514826315789474,4.041134785298365,-1.5263084695088907
expanding,5,SVR,POSNEG,2016-06-01,2.5058625,3.534293012081071,-1.028430512081071
expanding,5,SVR,POSNEG,2016-07-01,2.5015650000000003,2.634382784843529,-0.13281778484352857
expanding,5,SVR,POSNEG,2016-08-01,2.518775,2.6110431779657834,-0.09226817796578324
expanding,5,SVR,POSNEG,2016-09-01,2.527788888888889,2.7210868252045315,-0.19329793631564263
expanding,5,SVR,POSNEG,2016-10-01,2.51759375,3.025479612420538,-0.507885862420538
expanding,5,SVR,POSNEG,2016-11-01,2.535536363636364,2.34436646276629,0.19116990087007402
expanding,5,SVR,POSNEG,2016-12-01,2.5772411764705883,4.232523791135954,-1.6552826146653654
expanding,5,SVR,POSNEG,2017-01-01,2.57815,4.43452152209387,-1.8563715220938697
expanding,5,SVR,POSNEG,2017-02-01,2.5543,3.7390639397589736,-1.1847639397589735
expanding,5,SVR,POSNEG,2017-03-01,2.5655,3.8004427341373095,-1.2349427341373094
expanding,5,SVR,POSNEG,2017-04-01,2.553335294117648,3.465398416304742,-0.9120631221870941
expanding,5,SVR,POSNEG,2017-05-01,2.5712,2.065210613004622,0.505989386995378
expanding,5,SVR,POSNEG,2017-06-01,2.65784,2.5744427503461407,0.08339724965385953
expanding,5,SVR,POSNEG,2017-07-01,2.69046,2.9966731924451127,-0.3062131924451128
expanding,5,SVR,POSNEG,2017-08-01,3.0855473684210524,2.1652887138657837,0.9202586545552687
expanding,5,SVR,POSNEG,2017-09-01,3.0982380952380955,2.8277684047309926,0.2704696905071029
expanding,5,SVR,POSNEG,2017-10-01,3.075673684210526,3.0647459212992127,0.010927762911313366
expanding,5,SVR,POSNEG,2017-11-01,3.065655,3.355127954557906,-0.289472954557906
expanding,5,SVR,POSNEG,2017-12-01,3.15159,2.9452609689356164,0.20632903106438372
expanding,5,SVR,POSNEG,2018-01-01,3.30657619047619,3.741229075549193,-0.4346528850730027
expanding,5,SVR,POSNEG,2018-02-01,3.4621947368421053,4.281729066448146,-0.8195343296060407
expanding,5,SVR,POSNEG,2018-03-01,3.6392136363636367,3.9338370162045466,-0.2946233798409099
expanding,5,SVR,POSNEG,2018-04-01,3.934538095238095,4.5543420075535925,-0.6198039123154975
expanding,5,SVR,POSNEG,2018-05-01,4.20315,4.227205186404785,-0.024055186404784656
expanding,5,SVR,POSNEG,2018-06-01,4.641321739130435,4.659968433969218,-0.01864669483878334
expanding,5,SVR,POSNEG,2018-07-01,4.782921052631579,4.7864944194576085,-0.0035733668260293783
expanding,5,SVR,POSNEG,2018-08-01,4.948788235294118,4.868379754845002,0.0804084804491163
expanding,5,SVR,POSNEG,2018-09-01,5.096627272727273,5.208908187742218,-0.11228091501494575
expanding,5,SVR,POSNEG,2018-10-01,5.116333333333333,5.752228214798063,-0.6358948814647292
expanding,5,SVR,POSNEG,2018-11-01,5.169666666666667,5.193007904111622,-0.023341237444954643
expanding,5,SVR,POSNEG,2018-12-01,5.220527777777778,5.343000108305593,-0.12247233052781503
expanding,5,SVR,POSNEG,2019-01-01,5.035757142857143,4.334219441110653,0.7015377017464903
expanding,5,SVR,POSNEG,2019-02-01,4.934044444444444,3.7015979413672326,1.2324465030772114
expanding,5,SVR,POSNEG,2019-03-01,4.7935,4.895336087338358,-0.10183608733835836
expanding,5,SVR,POSNEG,2019-04-01,4.410036842105264,4.961053054897202,-0.5510162127919385
expanding,5,SVR,POSNEG,2019-05-01,4.32444761904762,4.3606775172074475,-0.03622989815982702
expanding,5,SVR,POSNEG,2019-06-01,4.088347826086957,4.401932183423115,-0.3135843573361585
expanding,5,SVR,POSNEG,2019-07-01,4.01318,4.340092298929877,-0.3269122989298765
expanding,5,SVR,POSNEG,2019-08-01,3.979216666666667,4.422632660203757,-0.4434159935370898
expanding,5,SVR,POSNEG,2019-09-01,3.831255,4.774788216179446,-0.9435332161794459
expanding,5,SVR,POSNEG,2019-10-01,3.672726315789474,3.722933724083531,-0.05020740829405712
expanding,5,SVR,ToneMean,2016-01-01,2.525338095238096,2.4773823851725467,0.04795571006554944
expanding,5,SVR,ToneMean,2016-02-01,2.51565,2.8132462464209342,-0.2975962464209343
expanding,5,SVR,ToneMean,2016-03-01,2.5214052631578947,2.237562271483054,0.28384299167484084
expanding,5,SVR,ToneMean,2016-04-01,2.517215,2.6008129752968334,-0.08359797529683322
expanding,5,SVR,ToneMean,2016-05-01,2.514826315789474,3.933548230933609,-1.4187219151441353
expanding,5,SVR,ToneMean,2016-06-01,2.5058625,3.6642003940872727,-1.1583378940872726
expanding,5,SVR,ToneMean,2016-07-01,2.5015650000000003,2.6962242910516467,-0.19465929105164648
expanding,5,SVR,ToneMean,2016-08-01,2.518775,2.388966147770333,0.12980885222966743
expanding,5,SVR,ToneMean,2016-09-01,2.527788888888889,2.4009672123372283,0.12682167655166054
expanding,5,SVR,ToneMean,2016-10-01,2.51759375,2.45903758153415,0.05855616846584999
expanding,5,SVR,ToneMean,2016-11-01,2.535536363636364,2.6357793100412867,-0.1002429464049226
expanding,5,SVR,ToneMean,2016-12-01,2.5772411764705883,4.105299307412208,-1.52805813094162
expanding,5,SVR,ToneMean,2017-01-01,2.57815,4.171140827605261,-1.5929908276052611
expanding,5,SVR,ToneMean,2017-02-01,2.5543,3.4916403252906916,-0.9373403252906916
expanding,5,SVR,ToneMean,2017-03-01,2.5655,3.8273970318934927,-1.2618970318934926
expanding,5,SVR,ToneMean,2017-04-01,2.553335294117648,3.295528994450949,-0.742193700333301
expanding,5,SVR,ToneMean,2017-05-01,2.5712,2.0163967973194574,0.5548032026805427
expanding,5,SVR,ToneMean,2017-06-01,2.65784,2.468332090772212,0.18950790922778804
expanding,5,SVR,ToneMean,2017-07-01,2.69046,2.7325213460307416,-0.04206134603074174
expanding,5,SVR,ToneMean,2017-08-01,3.0855473684210524,2.3298817153065734,0.755665653114479
expanding,5,SVR,ToneMean,2017-09-01,3.0982380952380955,2.822983676919711,0.27525441831838426
expanding,5,SVR,ToneMean,2017-10-01,3.075673684210526,2.954246649579627,0.12142703463089921
expanding,5,SVR,ToneMean,2017-11-01,3.065655,3.3085558656088536,-0.2429008656088536
expanding,5,SVR,ToneMean,2017-12-01,3.15159,2.9029756536432427,0.2486143463567574
expanding,5,SVR,ToneMean,2018-01-01,3.30657619047619,3.632788195666602,-0.32621200519041205
expanding,5,SVR,ToneMean,2018-02-01,3.4621947368421053,4.210076601209003,-0.7478818643668981
expanding,5,SVR,ToneMean,2018-03-01,3.6392136363636367,4.065770738202643,-0.42655710183900597
expanding,5,SVR,ToneMean,2018-04-01,3.934538095238095,4.450504006637273,-0.5159659113991784
expanding,5,SVR,ToneMean,2018-05-01,4.20315,4.435774231184201,-0.23262423118420106
expanding,5,SVR,ToneMean,2018-06-01,4.641321739130435,4.405778470240165,0.23554326889026989
expanding,5,SVR,ToneMean,2018-07-01,4.782921052631579,4.755869535062955,0.027051517568623673
expanding,5,SVR,ToneMean,2018-08-01,4.948788235294118,5.00018578408613,-0.051397548792012415
expanding,5,SVR,ToneMean,2018-09-01,5.096627272727273,5.273231153307581,-0.1766038805803083
expanding,5,SVR,ToneMean,2018-10-01,5.116333333333333,5.660532904705331,-0.5441995713719976
expanding,5,SVR,ToneMean,2018-11-01,5.169666666666667,5.0658046922302615,0.10386197443640555
expanding,5,SVR,ToneMean,2018-12-01,5.220527777777778,5.150195143958367,0.0703326338194108
expanding,5,SVR,ToneMean,2019-01-01,5.035757142857143,4.0132584699078135,1.0224986729493297
expanding,5,SVR,ToneMean,2019-02-01,4.934044444444444,4.466401937387243,0.46764250705720123
expanding,5,SVR,ToneMean,2019-03-01,4.7935,4.914739072436494,-0.12123907243649423
expanding,5,SVR,ToneMean,2019-04-01,4.410036842105264,5.058750090932925,-0.6487132488276615
expanding,5,SVR,ToneMean,2019-05-01,4.32444761904762,4.24213738355892,0.0823102354887002
expanding,5,SVR,ToneMean,2019-06-01,4.088347826086957,4.435139523807217,-0.34679169772025986
expanding,5,SVR,ToneMean,2019-07-01,4.01318,4.5527899629609,-0.5396099629608999
expanding,5,SVR,ToneMean,2019-08-01,3.979216666666667,4.555348281592825,-0.5761316149261582
expanding,5,SVR,ToneMean,2019-09-01,3.831255,4.786458249096816,-0.9552032490968156
expanding,5,SVR,ToneMean,2019-10-01,3.672726315789474,3.7141248580180832,-0.04139854222860917
expanding,6,ElasticNet,NEG,2016-01-01,2.51565,3.1473079197213956,-0.6316579197213956
expanding,6,ElasticNet,NEG,2016-02-01,2.5214052631578947,3.393379078046679,-0.8719738148887841
expanding,6,ElasticNet,NEG,2016-03-01,2.517215,2.897421337877692,-0.38020633787769187
expanding,6,ElasticNet,NEG,2016-04-01,2.514826315789474,3.2641804419765195,-0.7493541261870456
expanding,6,ElasticNet,NEG,2016-05-01,2.5058625,3.71387349371177,-1.20801099371177
expanding,6,ElasticNet,NEG,2016-06-01,2.5015650000000003,4.188853118489329,-1.6872881184893291
expanding,6,ElasticNet,NEG,2016-07-01,2.518775,3.29723252928349,-0.7784575292834899
expanding,6,ElasticNet,NEG,2016-08-01,2.527788888888889,2.9564127558485467,-0.4286238669596578
expanding,6,ElasticNet,NEG,2016-09-01,2.51759375,3.1150456663985064,-0.5974519163985064
expanding,6,ElasticNet,NEG,2016-10-01,2.535536363636364,3.3260412683423244,-0.7905049047059602
expanding,6,ElasticNet,NEG,2016-11-01,2.5772411764705883,3.4486591365477652,-0.871417960077177
expanding,6,ElasticNet,NEG,2016-12-01,2.57815,3.7497339179261564,-1.1715839179261565
expanding,6,ElasticNet,NEG,2017-01-01,2.5543,3.846883976734002,-1.2925839767340022
expanding,6,ElasticNet,NEG,2017-02-01,2.5655,4.153875527462646,-1.588375527462646
expanding,6,ElasticNet,NEG,2017-03-01,2.553335294117648,4.258352201677985,-1.7050169075603367
expanding,6,ElasticNet,NEG,2017-04-01,2.5712,4.364746736086932,-1.793546736086932
expanding,6,ElasticNet,NEG,2017-05-01,2.65784,3.496661220311583,-0.838821220311583
expanding,6,ElasticNet,NEG,2017-06-01,2.69046,3.7805571580720727,-1.0900971580720729
expanding,6,ElasticNet,NEG,2017-07-01,3.0855473684210524,3.0133744050328954,0.07217296338815693
expanding,6,ElasticNet,NEG,2017-08-01,3.0982380952380955,2.7344739633394872,0.36376413189860823
expanding,6,ElasticNet,NEG,2017-09-01,3.075673684210526,3.723725958011041,-0.648052273800515
expanding,6,ElasticNet,NEG,2017-10-01,3.065655,3.221484496935805,-0.15582949693580517
expanding,6,ElasticNet,NEG,2017-11-01,3.15159,4.060930208062073,-0.9093402080620732
expanding,6,ElasticNet,NEG,2017-12-01,3.30657619047619,4.168050002366234,-0.8614738118900442
expanding,6,ElasticNet,NEG,2018-01-01,3.4621947368421053,4.1726149056602,-0.7104201688180951
expanding,6,ElasticNet,NEG,2018-02-01,3.6392136363636367,4.007034060855381,-0.36782042449174446
expanding,6,ElasticNet,NEG,2018-03-01,3.934538095238095,4.20309960352423,-0.26856150828613456
expanding,6,ElasticNet,NEG,2018-04-01,4.20315,4.05255476864769,0.1505952313523098
expanding,6,ElasticNet,NEG,2018-05-01,4.641321739130435,4.819696123021079,-0.17837438389064442
expanding,6,ElasticNet,NEG,2018-06-01,4.782921052631579,4.477707202328418,0.3052138503031614
expanding,6,ElasticNet,NEG,2018-07-01,4.948788235294118,5.094128945678952,-0.14534071038483365
expanding,6,ElasticNet,NEG,2018-08-01,5.096627272727273,5.597547814124521,-0.5009205413972486
expanding,6,ElasticNet,NEG,2018-09-01,5.116333333333333,5.012801055453832,0.10353227787950114
expanding,6,ElasticNet,NEG,2018-10-01,5.169666666666667,5.657455451841465,-0.4877887851747982
expanding,6,ElasticNet,NEG,2018-11-01,5.220527777777778,5.478175748498469,-0.2576479707206909
expanding,6,ElasticNet,NEG,2018-12-01,5.035757142857143,4.720194895538304,0.3155622473188391
expanding,6,ElasticNet,NEG,2019-01-01,4.934044444444444,4.0824983963849135,0.8515460480595305
expanding,6,ElasticNet,NEG,2019-02-01,4.7935,4.571461414451959,0.22203858554804068
expanding,6,ElasticNet,NEG,2019-03-01,4.410036842105264,4.163911369772237,0.24612547233302617
expanding,6,ElasticNet,NEG,2019-04-01,4.32444761904762,4.289234177272189,0.035213441775431065
expanding,6,ElasticNet,NEG,2019-05-01,4.088347826086957,4.063834794812534,0.024513031274422836
expanding,6,ElasticNet,NEG,2019-06-01,4.01318,4.1665036540596585,-0.1533236540596583
expanding,6,ElasticNet,NEG,2019-07-01,3.979216666666667,3.9698766995203387,0.00933996714632812
expanding,6,ElasticNet,NEG,2019-08-01,3.831255,3.5580512878177712,0.27320371218222883
expanding,6,ElasticNet,NEG,2019-09-01,3.672726315789474,3.3989225470051427,0.2738037687843313
expanding,6,ElasticNet,None,2016-01-01,2.51565,3.1473079142703813,-0.6316579142703813
expanding,6,ElasticNet,None,2016-02-01,2.5214052631578947,3.393379221940049,-0.8719739587821542
expanding,6,ElasticNet,None,2016-03-01,2.517215,2.8974209298341393,-0.38020592983413914
expanding,6,ElasticNet,None,2016-04-01,2.514826315789474,3.2638241636433944,-0.7489978478539205
expanding,6,ElasticNet,None,2016-05-01,2.5058625,3.7138735469054365,-1.2080110469054364
expanding,6,ElasticNet,None,2016-06-01,2.5015650000000003,4.188852919831026,-1.687287919831026
expanding,6,ElasticNet,None,2016-07-01,2.518775,3.2972324817716396,-0.7784574817716394
expanding,6,ElasticNet,None,2016-08-01,2.527788888888889,2.9564128367052627,-0.4286239478163738
expanding,6,ElasticNet,None,2016-09-01,2.51759375,3.1150457246271155,-0.5974519746271154
expanding,6,ElasticNet,None,2016-10-01,2.535536363636364,3.32604127283585,-0.7905049091994858
expanding,6,ElasticNet,None,2016-11-01,2.5772411764705883,3.450843187458654,-0.8736020109880656
expanding,6,ElasticNet,None,2016-12-01,2.57815,3.7392888768750763,-1.1611388768750763
expanding,6,ElasticNet,None,2017-01-01,2.5543,3.8468840562912106,-1.2925840562912105
expanding,6,ElasticNet,None,2017-02-01,2.5655,4.167334489671385,-1.6018344896713845
expanding,6,ElasticNet,None,2017-03-01,2.553335294117648,4.260545181891072,-1.7072098877734234
expanding,6,ElasticNet,None,2017-04-01,2.5712,4.361816036230779,-1.7906160362307793
expanding,6,ElasticNet,None,2017-05-01,2.65784,3.488261522355109,-0.8304215223551088
expanding,6,ElasticNet,None,2017-06-01,2.69046,3.774131341542409,-1.0836713415424093
expanding,6,ElasticNet,None,2017-07-01,3.0855473684210524,3.0001042905312865,0.0854430778897659
expanding,6,ElasticNet,None,2017-08-01,3.0982380952380955,2.7312037775117544,0.3670343177263411
expanding,6,ElasticNet,None,2017-09-01,3.075673684210526,3.708240171521934,-0.6325664873114079
expanding,6,ElasticNet,None,2017-10-01,3.065655,3.2164355065276395,-0.15078050652763952
expanding,6,ElasticNet,None,2017-11-01,3.15159,4.059536736389815,-0.9079467363898153
expanding,6,ElasticNet,None,2017-12-01,3.30657619047619,4.164842664661267,-0.8582664741850765
expanding,6,ElasticNet,None,2018-01-01,3.4621947368421053,4.1632862589119135,-0.7010915220698082
expanding,6,ElasticNet,None,2018-02-01,3.6392136363636367,3.9983127612851304,-0.35909912492149365
expanding,6,ElasticNet,None,2018-03-01,3.934538095238095,4.2017818949162145,-0.2672437996781194
expanding,6,ElasticNet,None,2018-04-01,4.20315,4.044932655892351,0.15821734410764865
expanding,6,ElasticNet,None,2018-05-01,4.641321739130435,4.820924706327869,-0.17960296719743418
expanding,6,ElasticNet,None,2018-06-01,4.782921052631579,4.469195418006232,0.31372563462534675
expanding,6,ElasticNet,None,2018-07-01,4.948788235294118,5.0937038503187075,-0.1449156150245896
expanding,6,ElasticNet,None,2018-08-01,5.096627272727273,5.606281809002258,-0.5096545362749856
expanding,6,ElasticNet,None,2018-09-01,5.116333333333333,5.021606511753802,0.09472682157953116
expanding,6,ElasticNet,None,2018-10-01,5.169666666666667,5.652915062214817,-0.48324839554815036
expanding,6,ElasticNet,None,2018-11-01,5.220527777777778,5.475859226575155,-0.255331448797377
expanding,6,ElasticNet,None,2018-12-01,5.035757142857143,4.709941887619556,0.32581525523758703
expanding,6,ElasticNet,None,2019-01-01,4.934044444444444,4.091366114971773,0.8426783294726707
expanding,6,ElasticNet,None,2019-02-01,4.7935,4.561808073483989,0.23169192651601112
expanding,6,ElasticNet,None,2019-03-01,4.410036842105264,4.163159246597286,0.2468775955079776
expanding,6,ElasticNet,None,2019-04-01,4.32444761904762,4.281551879058786,0.042895739988834336
expanding,6,ElasticNet,None,2019-05-01,4.088347826086957,4.066081552599802,0.02226627348715482
expanding,6,ElasticNet,None,2019-06-01,4.01318,4.169747524495607,-0.15656752449560685
expanding,6,ElasticNet,None,2019-07-01,3.979216666666667,3.9646325214044196,0.014584145262247272
expanding,6,ElasticNet,None,2019-08-01,3.831255,3.563770601761898,0.2674843982381021
expanding,6,ElasticNet,None,2019-09-01,3.672726315789474,3.387372161542925,0.2853541542465492
expanding,6,ElasticNet,POSNEG,2016-01-01,2.51565,3.812919490872924,-1.297269490872924
expanding,6,ElasticNet,POSNEG,2016-02-01,2.5214052631578947,3.442217667810449,-0.9208124046525543
expanding,6,ElasticNet,POSNEG,2016-03-01,2.517215,2.9444488648022262,-0.427233864802226
expanding,6,ElasticNet,POSNEG,2016-04-01,2.514826315789474,3.1270771474172445,-0.6122508316277706
expanding,6,ElasticNet,POSNEG,2016-05-01,2.5058625,4.065147411351041,-1.5592849113510407
expanding,6,ElasticNet,POSNEG,2016-06-01,2.5015650000000003,3.8342361425802296,-1.3326711425802293
expanding,6,ElasticNet,POSNEG,2016-07-01,2.518775,3.17923417452307,-0.6604591745230697
expanding,6,ElasticNet,POSNEG,2016-08-01,2.527788888888889,3.3752776669225537,-0.8474887780336648
expanding,6,ElasticNet,POSNEG,2016-09-01,2.51759375,3.32327372962785,-0.80567997962785
expanding,6,ElasticNet,POSNEG,2016-10-01,2.535536363636364,3.653683578414138,-1.1181472147777738
expanding,6,ElasticNet,POSNEG,2016-11-01,2.5772411764705883,3.5203117738752026,-0.9430705974046143
expanding,6,ElasticNet,POSNEG,2016-12-01,2.57815,3.8833483523658163,-1.3051983523658164
expanding,6,ElasticNet,POSNEG,2017-01-01,2.5543,4.291129829795789,-1.7368298297957891
expanding,6,ElasticNet,POSNEG,2017-02-01,2.5655,4.679138828410711,-2.1136388284107106
expanding,6,ElasticNet,POSNEG,2017-03-01,2.553335294117648,4.4070954446119215,-1.8537601504942733
expanding,6,ElasticNet,POSNEG,2017-04-01,2.5712,4.4613472696551,-1.8901472696550998
expanding,6,ElasticNet,POSNEG,2017-05-01,2.65784,3.358296503325175,-0.7004565033251748
expanding,6,ElasticNet,POSNEG,2017-06-01,2.69046,3.7428132175917055,-1.0523532175917056
expanding,6,ElasticNet,POSNEG,2017-07-01,3.0855473684210524,3.3036565606001576,-0.21810919217910518
expanding,6,ElasticNet,POSNEG,2017-08-01,3.0982380952380955,2.995037864683455,0.10320023055464045
expanding,6,ElasticNet,POSNEG,2017-09-01,3.075673684210526,3.4536021265583283,-0.3779284423478022
expanding,6,ElasticNet,POSNEG,2017-10-01,3.065655,3.6633252657642257,-0.5976702657642257
expanding,6,ElasticNet,POSNEG,2017-11-01,3.15159,4.431962407128661,-1.2803724071286608
expanding,6,ElasticNet,POSNEG,2017-12-01,3.30657619047619,4.075328226436889,-0.7687520359606985
expanding,6,ElasticNet,POSNEG,2018-01-01,3.4621947368421053,4.549837479496141,-1.0876427426540354
expanding,6,ElasticNet,POSNEG,2018-02-01,3.6392136363636367,4.4277349483869965,-0.7885213120233598
expanding,6,ElasticNet,POSNEG,2018-03-01,3.934538095238095,4.200449201494131,-0.26591110625603553
expanding,6,ElasticNet,POSNEG,2018-04-01,4.20315,4.470365762331139,-0.26721576233113886
expanding,6,ElasticNet,POSNEG,2018-05-01,4.641321739130435,4.781058943634144,-0.1397372045037093
expanding,6,ElasticNet,POSNEG,2018-06-01,4.782921052631579,4.513924892972239,0.26899615965934043
expanding,6,ElasticNet,POSNEG,2018-07-01,4.948788235294118,5.164872465709424,-0.2160842304153059
expanding,6,ElasticNet,POSNEG,2018-08-01,5.096627272727273,5.558757369709406,-0.4621300969821336
expanding,6,ElasticNet,POSNEG,2018-09-01,5.116333333333333,5.002700234359495,0.11363309897383811
expanding,6,ElasticNet,POSNEG,2018-10-01,5.169666666666667,6.1074742634935175,-0.9378075968268504
expanding,6,ElasticNet,POSNEG,2018-11-01,5.220527777777778,5.836909603694372,-0.6163818259165943
expanding,6,ElasticNet,POSNEG,2018-12-01,5.035757142857143,4.86035246974992,0.17540467310722363
expanding,6,ElasticNet,POSNEG,2019-01-01,4.934044444444444,4.141629085848942,0.7924153585955018
expanding,6,ElasticNet,POSNEG,2019-02-01,4.7935,3.607798314904769,1.1857016850952307
expanding,6,ElasticNet,POSNEG,2019-03-01,4.410036842105264,4.347881318166293,0.06215552393897017
expanding,6,ElasticNet,POSNEG,2019-04-01,4.32444761904762,4.4941685322720035,-0.1697209132243831
expanding,6,ElasticNet,POSNEG,2019-05-01,4.088347826086957,4.180177457378914,-0.09182963129195709
expanding,6,ElasticNet,POSNEG,2019-06-01,4.01318,4.126745010163445,-0.11356501016344467
expanding,6,ElasticNet,POSNEG,2019-07-01,3.979216666666667,3.8288663408881805,0.1503503257784864
expanding,6,ElasticNet,POSNEG,2019-08-01,3.831255,3.497607911688614,0.33364708831138623
expanding,6,ElasticNet,POSNEG,2019-09-01,3.672726315789474,3.7204408453655726,-0.04771452957609856
expanding,6,ElasticNet,ToneMean,2016-01-01,2.51565,3.309243144007798,-0.7935931440077981
expanding,6,ElasticNet,ToneMean,2016-02-01,2.5214052631578947,3.460461072018692,-0.9390558088607972
expanding,6,ElasticNet,ToneMean,2016-03-01,2.517215,2.8208664438152566,-0.30365144381525644
expanding,6,ElasticNet,ToneMean,2016-04-01,2.514826315789474,3.2850018860040415,-0.7701755702145676
expanding,6,ElasticNet,ToneMean,2016-05-01,2.5058625,3.9220947060867504,-1.4162322060867503
expanding,6,ElasticNet,ToneMean,2016-06-01,2.5015650000000003,4.084786449415224,-1.5832214494152241
expanding,6,ElasticNet,ToneMean,2016-07-01,2.518775,3.2387049776908423,-0.7199299776908421
expanding,6,ElasticNet,ToneMean,2016-08-01,2.527788888888889,3.023870340943594,-0.496081452054705
expanding,6,ElasticNet,ToneMean,2016-09-01,2.51759375,3.0579345692680766,-0.5403408192680765
expanding,6,ElasticNet,ToneMean,2016-10-01,2.535536363636364,3.2664655458038085,-0.7309291821674444
expanding,6,ElasticNet,ToneMean,2016-11-01,2.5772411764705883,3.3879341578349527,-0.8106929813643644
expanding,6,ElasticNet,ToneMean,2016-12-01,2.57815,4.037584968180625,-1.4594349681806253
expanding,6,ElasticNet,ToneMean,2017-01-01,2.5543,3.835300308908958,-1.281000308908958
expanding,6,ElasticNet,ToneMean,2017-02-01,2.5655,4.102440756772039,-1.5369407567720392
expanding,6,ElasticNet,ToneMean,2017-03-01,2.553335294117648,4.3176554698017595,-1.7643201756841114
expanding,6,ElasticNet,ToneMean,2017-04-01,2.5712,4.378911285094388,-1.8077112850943875
expanding,6,ElasticNet,ToneMean,2017-05-01,2.65784,3.5363130814313295,-0.8784730814313293
expanding,6,ElasticNet,ToneMean,2017-06-01,2.69046,3.8130746970660563,-1.1226146970660564
expanding,6,ElasticNet,ToneMean,2017-07-01,3.0855473684210524,3.2269629584829103,-0.1414155900618579
expanding,6,ElasticNet,ToneMean,2017-08-01,3.0982380952380955,2.8808172344004315,0.217420860837664
expanding,6,ElasticNet,ToneMean,2017-09-01,3.075673684210526,3.803369934310365,-0.727696250099839
expanding,6,ElasticNet,ToneMean,2017-10-01,3.065655,3.43603063675713,-0.3703756367571298
expanding,6,ElasticNet,ToneMean,2017-11-01,3.15159,4.221084406380236,-1.0694944063802363
expanding,6,ElasticNet,ToneMean,2017-12-01,3.30657619047619,4.127588566849604,-0.8210123763734138
expanding,6,ElasticNet,ToneMean,2018-01-01,3.4621947368421053,4.389101920359751,-0.9269071835176459
expanding,6,ElasticNet,ToneMean,2018-02-01,3.6392136363636367,4.259637242964931,-0.6204236066012947
expanding,6,ElasticNet,ToneMean,2018-03-01,3.934538095238095,4.217863220284551,-0.2833251250464559
expanding,6,ElasticNet,ToneMean,2018-04-01,4.20315,4.279346149748134,-0.07619614974813427
expanding,6,ElasticNet,ToneMean,2018-05-01,4.641321739130435,4.789610723021987,-0.1482889838915522
expanding,6,ElasticNet,ToneMean,2018-06-01,4.782921052631579,4.601918967128331,0.18100208550324837
expanding,6,ElasticNet,ToneMean,2018-07-01,4.948788235294118,5.1190345242905755,-0.17024628899645755
expanding,6,ElasticNet,ToneMean,2018-08-01,5.096627272727273,5.516089072341147,-0.41946179961387475
expanding,6,ElasticNet,ToneMean,2018-09-01,5.116333333333333,4.940700817923948,0.17563251540938563
expanding,6,ElasticNet,ToneMean,2018-10-01,5.169666666666667,5.857629016100989,-0.6879623494343221
expanding,6,ElasticNet,ToneMean,2018-11-01,5.220527777777778,5.6973981603075865,-0.4768703825298086
expanding,6,ElasticNet,ToneMean,2018-12-01,5.035757142857143,4.81395129238552,0.2218058504716236
expanding,6,ElasticNet,ToneMean,2019-01-01,4.934044444444444,4.034091518126249,0.8999529263181953
expanding,6,ElasticNet,ToneMean,2019-02-01,4.7935,4.377664528978936,0.41583547102106344
expanding,6,ElasticNet,ToneMean,2019-03-01,4.410036842105264,4.246255472397829,0.16378136970743462
expanding,6,ElasticNet,ToneMean,2019-04-01,4.32444761904762,4.451380412999012,-0.1269327939513918
expanding,6,ElasticNet,ToneMean,2019-05-01,4.088347826086957,4.07683248690279,0.01151533918416714
expanding,6,ElasticNet,ToneMean,2019-06-01,4.01318,4.1178998839688985,-0.10471988396889831
expanding,6,ElasticNet,ToneMean,2019-07-01,3.979216666666667,3.9663009813634664,0.01291568530320042
expanding,6,ElasticNet,ToneMean,2019-08-01,3.831255,3.5300248751424883,0.30123012485751177
expanding,6,ElasticNet,ToneMean,2019-09-01,3.672726315789474,3.629853010875376,0.04287330491409813
expanding,6,Lasso,NEG,2016-01-01,2.51565,3.159609714852885,-0.6439597148528851
expanding,6,Lasso,NEG,2016-02-01,2.5214052631578947,3.4025971151122336,-0.8811918519543389
expanding,6,Lasso,NEG,2016-03-01,2.517215,2.8980459741257145,-0.3808309741257143
expanding,6,Lasso,NEG,2016-04-01,2.514826315789474,3.2717523120093257,-0.7569259962198518
expanding,6,Lasso,NEG,2016-05-01,2.5058625,3.7263926423457194,-1.2205301423457193
expanding,6,Lasso,NEG,2016-06-01,2.5015650000000003,4.200386369910511,-1.6988213699105108
expanding,6,Lasso,NEG,2016-07-01,2.518775,3.308281229872917,-0.789506229872917
expanding,6,Lasso,NEG,2016-08-01,2.527788888888889,2.965087449500984,-0.43729856061209516
expanding,6,Lasso,NEG,2016-09-01,2.51759375,3.1204845793092146,-0.6028908293092146
expanding,6,Lasso,NEG,2016-10-01,2.535536363636364,3.3301710226055397,-0.7946346589691755
expanding,6,Lasso,NEG,2016-11-01,2.5772411764705883,3.4523935256206704,-0.8751523491500821
expanding,6,Lasso,NEG,2016-12-01,2.57815,3.7469230808283136,-1.1687730808283137
expanding,6,Lasso,NEG,2017-01-01,2.5543,3.846885657899154,-1.2925856578991541
expanding,6,Lasso,NEG,2017-02-01,2.5655,4.152269273714226,-1.5867692737142258
expanding,6,Lasso,NEG,2017-03-01,2.553335294117648,4.256241045149869,-1.7029057510322207
expanding,6,Lasso,NEG,2017-04-01,2.5712,4.356257475231704,-1.7850574752317039
expanding,6,Lasso,NEG,2017-05-01,2.65784,3.485913100145558,-0.8280731001455579
expanding,6,Lasso,NEG,2017-06-01,2.69046,3.7752786298222087,-1.084818629822209
expanding,6,Lasso,NEG,2017-07-01,3.0855473684210524,3.015487623085723,0.07005974533532955
expanding,6,Lasso,NEG,2017-08-01,3.0982380952380955,2.738977628340459,0.35926046689763647
expanding,6,Lasso,NEG,2017-09-01,3.075673684210526,3.717073575878501,-0.6413998916679748
expanding,6,Lasso,NEG,2017-10-01,3.065655,3.225161621030794,-0.15950662103079383
expanding,6,Lasso,NEG,2017-11-01,3.15159,4.056223658706567,-0.9046336587065666
expanding,6,Lasso,NEG,2017-12-01,3.30657619047619,4.163781794885343,-0.8572056044091525
expanding,6,Lasso,NEG,2018-01-01,3.4621947368421053,4.165264483937484,-0.7030697470953791
expanding,6,Lasso,NEG,2018-02-01,3.6392136363636367,4.006599085306053,-0.36738544894241665
expanding,6,Lasso,NEG,2018-03-01,3.934538095238095,4.205862940411244,-0.2713248451731487
expanding,6,Lasso,NEG,2018-04-01,4.20315,4.0589048607911415,0.1442451392088584
expanding,6,Lasso,NEG,2018-05-01,4.641321739130435,4.821050783464469,-0.17972904433403425
expanding,6,Lasso,NEG,2018-06-01,4.782921052631579,4.47948173114919,0.30343932148238917
expanding,6,Lasso,NEG,2018-07-01,4.948788235294118,5.085618487695812,-0.136830252401694
expanding,6,Lasso,NEG,2018-08-01,5.096627272727273,5.588709115813831,-0.49208184308655856
expanding,6,Lasso,NEG,2018-09-01,5.116333333333333,5.014490982015687,0.10184235131764652
expanding,6,Lasso,NEG,2018-10-01,5.169666666666667,5.649402235212638,-0.479735568545971
expanding,6,Lasso,NEG,2018-11-01,5.220527777777778,5.468665224656721,-0.24813744687894346
expanding,6,Lasso,NEG,2018-12-01,5.035757142857143,4.718816525042198,0.31694061781494565
expanding,6,Lasso,NEG,2019-01-01,4.934044444444444,4.097217408487447,0.8368270359569969
expanding,6,Lasso,NEG,2019-02-01,4.7935,4.568102209365155,0.22539779063484477
expanding,6,Lasso,NEG,2019-03-01,4.410036842105264,4.1645803592133275,0.2454564828919361
expanding,6,Lasso,NEG,2019-04-01,4.32444761904762,4.280132369123639,0.04431524992398117
expanding,6,Lasso,NEG,2019-05-01,4.088347826086957,4.058327525944039,0.03002030014291801
expanding,6,Lasso,NEG,2019-06-01,4.01318,4.163891855989531,-0.15071185598953107
expanding,6,Lasso,NEG,2019-07-01,3.979216666666667,3.9674108940379393,0.011805772628727507
expanding,6,Lasso,NEG,2019-08-01,3.831255,3.551194133843356,0.28006086615664394
expanding,6,Lasso,NEG,2019-09-01,3.672726315789474,3.3783663828808885,0.29435993290858553
expanding,6,Lasso,None,2016-01-01,2.51565,3.159609714852885,-0.6439597148528851
expanding,6,Lasso,None,2016-02-01,2.5214052631578947,3.4025971151122336,-0.8811918519543389
expanding,6,Lasso,None,2016-03-01,2.517215,2.8980459741257145,-0.3808309741257143
expanding,6,Lasso,None,2016-04-01,2.514826315789474,3.2717523120093257,-0.7569259962198518
expanding,6,Lasso,None,2016-05-01,2.5058625,3.7263926423457194,-1.2205301423457193
expanding,6,Lasso,None,2016-06-01,2.5015650000000003,4.200386369910511,-1.6988213699105108
expanding,6,Lasso,None,2016-07-01,2.518775,3.308281229872917,-0.789506229872917
expanding,6,Lasso,None,2016-08-01,2.527788888888889,2.965087449500984,-0.43729856061209516
expanding,6,Lasso,None,2016-09-01,2.51759375,3.1204845793092146,-0.6028908293092146
expanding,6,Lasso,None,2016-10-01,2.535536363636364,3.3301710226055397,-0.7946346589691755
expanding,6,Lasso,None,2016-11-01,2.5772411764705883,3.452393111928412,-0.8751519354578239
expanding,6,Lasso,None,2016-12-01,2.57815,3.7434187871760227,-1.1652687871760228
expanding,6,Lasso,None,2017-01-01,2.5543,3.846885657899154,-1.2925856578991541
expanding,6,Lasso,None,2017-02-01,2.5655,4.158389120663776,-1.5928891206637763
expanding,6,Lasso,None,2017-03-01,2.553335294117648,4.258040700177794,-1.704705406060146
expanding,6,Lasso,None,2017-04-01,2.5712,4.354198141414328,-1.7829981414143274
expanding,6,Lasso,None,2017-05-01,2.65784,3.4780354559966913,-0.8201954559966911
expanding,6,Lasso,None,2017-06-01,2.69046,3.769707762497862,-1.0792477624978623
expanding,6,Lasso,None,2017-07-01,3.0855473684210524,3.00376032950558,0.08178703891547245
expanding,6,Lasso,None,2017-08-01,3.0982380952380955,2.734224564608161,0.3640135306299346
expanding,6,Lasso,None,2017-09-01,3.075673684210526,3.7050841483934716,-0.6294104641829454
expanding,6,Lasso,None,2017-10-01,3.065655,3.2211497155046382,-0.15549471550463823
expanding,6,Lasso,None,2017-11-01,3.15159,4.054406092875554,-0.9028160928755535
expanding,6,Lasso,None,2017-12-01,3.30657619047619,4.161340734081513,-0.8547645436053228
expanding,6,Lasso,None,2018-01-01,3.4621947368421053,4.159237872569983,-0.6970431357278772
expanding,6,Lasso,None,2018-02-01,3.6392136363636367,4.001757946968629,-0.3625443106049926
expanding,6,Lasso,None,2018-03-01,3.934538095238095,4.205845999668822,-0.2713079044307274
expanding,6,Lasso,None,2018-04-01,4.20315,4.055089629073644,0.14806037092635638
expanding,6,Lasso,None,2018-05-01,4.641321739130435,4.822946218588736,-0.18162447945830174
expanding,6,Lasso,None,2018-06-01,4.782921052631579,4.474956694232003,0.3079643583995759
expanding,6,Lasso,None,2018-07-01,4.948788235294118,5.085766654571622,-0.13697841927750432
expanding,6,Lasso,None,2018-08-01,5.096627272727273,5.594616802852687,-0.49798953012541425
expanding,6,Lasso,None,2018-09-01,5.116333333333333,5.020632221079836,0.0957011122534972
expanding,6,Lasso,None,2018-10-01,5.169666666666667,5.6465341640855735,-0.47686749741890644
expanding,6,Lasso,None,2018-11-01,5.220527777777778,5.467216716223708,-0.24668893844593054
expanding,6,Lasso,None,2018-12-01,5.035757142857143,4.712130852688109,0.32362629016903455
expanding,6,Lasso,None,2019-01-01,4.934044444444444,4.1033643816553855,0.8306800627890585
expanding,6,Lasso,None,2019-02-01,4.7935,4.562896592562424,0.23060340743757557
expanding,6,Lasso,None,2019-03-01,4.410036842105264,4.163762294729469,0.24627454737579502
expanding,6,Lasso,None,2019-04-01,4.32444761904762,4.275194218950585,0.049253400097035716
expanding,6,Lasso,None,2019-05-01,4.088347826086957,4.058865675290251,0.029482150796705575
expanding,6,Lasso,None,2019-06-01,4.01318,4.165417459559039,-0.15223745955903922
expanding,6,Lasso,None,2019-07-01,3.979216666666667,3.963466366132368,0.015750300534298933
expanding,6,Lasso,None,2019-08-01,3.831255,3.5525751710231397,0.2786798289768604
expanding,6,Lasso,None,2019-09-01,3.672726315789474,3.3706786334747068,0.3020476823147673
expanding,6,Lasso,POSNEG,2016-01-01,2.51565,3.817508660108019,-1.301858660108019
expanding,6,Lasso,POSNEG,2016-02-01,2.5214052631578947,3.4550439254328165,-0.9336386622749218
expanding,6,Lasso,POSNEG,2016-03-01,2.517215,2.9502638043617835,-0.4330488043617833
expanding,6,Lasso,POSNEG,2016-04-01,2.514826315789474,3.1461152991552366,-0.6312889833657627
expanding,6,Lasso,POSNEG,2016-05-01,2.5058625,4.074197767969984,-1.5683352679699842
expanding,6,Lasso,POSNEG,2016-06-01,2.5015650000000003,3.846034174642872,-1.3444691746428719
expanding,6,Lasso,POSNEG,2016-07-01,2.518775,3.1915802328998124,-0.6728052328998122
expanding,6,Lasso,POSNEG,2016-08-01,2.527788888888889,3.379346141879049,-0.85155725299016
expanding,6,Lasso,POSNEG,2016-09-01,2.51759375,3.322584687552685,-0.8049909375526849
expanding,6,Lasso,POSNEG,2016-10-01,2.535536363636364,3.646257763012424,-1.11072139937606
expanding,6,Lasso,POSNEG,2016-11-01,2.5772411764705883,3.519545993083373,-0.9423048166127845
expanding,6,Lasso,POSNEG,2016-12-01,2.57815,3.895016759808338,-1.3168667598083381
expanding,6,Lasso,POSNEG,2017-01-01,2.5543,4.272726777479662,-1.7184267774796615
expanding,6,Lasso,POSNEG,2017-02-01,2.5655,4.652740222303259,-2.087240222303259
expanding,6,Lasso,POSNEG,2017-03-01,2.553335294117648,4.401336182870886,-1.848000888753238
expanding,6,Lasso,POSNEG,2017-04-01,2.5712,4.45148790686195,-1.88028790686195
expanding,6,Lasso,POSNEG,2017-05-01,2.65784,3.3602934478963817,-0.7024534478963815
expanding,6,Lasso,POSNEG,2017-06-01,2.69046,3.7418083258982593,-1.0513483258982594
expanding,6,Lasso,POSNEG,2017-07-01,3.0855473684210524,3.3080302242086956,-0.22248285578764326
expanding,6,Lasso,POSNEG,2017-08-01,3.0982380952380955,2.99706606078307,0.10117203445502554
expanding,6,Lasso,POSNEG,2017-09-01,3.075673684210526,3.4596872202628335,-0.38401353605230737
expanding,6,Lasso,POSNEG,2017-10-01,3.065655,3.6626092583758547,-0.5969542583758547
expanding,6,Lasso,POSNEG,2017-11-01,3.15159,4.419023028891594,-1.267433028891594
expanding,6,Lasso,POSNEG,2017-12-01,3.30657619047619,4.0720244630046345,-0.7654482725284444
expanding,6,Lasso,POSNEG,2018-01-01,3.4621947368421053,4.543277480321851,-1.081082743479746
expanding,6,Lasso,POSNEG,2018-02-01,3.6392136363636367,4.428899822612391,-0.7896861862487543
expanding,6,Lasso,POSNEG,2018-03-01,3.934538095238095,4.207057603827635,-0.27251950858953977
expanding,6,Lasso,POSNEG,2018-04-01,4.20315,4.478017103475999,-0.27486710347599885
expanding,6,Lasso,POSNEG,2018-05-01,4.641321739130435,4.787916308907461,-0.1465945697770259
expanding,6,Lasso,POSNEG,2018-06-01,4.782921052631579,4.525630034966346,0.2572910176652332
expanding,6,Lasso,POSNEG,2018-07-01,4.948788235294118,5.149637288382712,-0.2008490530885938
expanding,6,Lasso,POSNEG,2018-08-01,5.096627272727273,5.534597779738569,-0.43797050701129603
expanding,6,Lasso,POSNEG,2018-09-01,5.116333333333333,4.991549468956343,0.1247838643769903
expanding,6,Lasso,POSNEG,2018-10-01,5.169666666666667,6.081356386293397,-0.9116897196267297
expanding,6,Lasso,POSNEG,2018-11-01,5.220527777777778,5.816504844570221,-0.5959770667924431
expanding,6,Lasso,POSNEG,2018-12-01,5.035757142857143,4.8620747782557965,0.17368236460134678
expanding,6,Lasso,POSNEG,2019-01-01,4.934044444444444,4.146674471695206,0.7873699727492376
expanding,6,Lasso,POSNEG,2019-02-01,4.7935,3.6336262250464646,1.1598737749535353
expanding,6,Lasso,POSNEG,2019-03-01,4.410036842105264,4.34416092038876,0.06587592171650325
expanding,6,Lasso,POSNEG,2019-04-01,4.32444761904762,4.490383123038668,-0.16593550399104728
expanding,6,Lasso,POSNEG,2019-05-01,4.088347826086957,4.177894056266358,-0.08954623017940122
expanding,6,Lasso,POSNEG,2019-06-01,4.01318,4.126800307479231,-0.11362030747923058
expanding,6,Lasso,POSNEG,2019-07-01,3.979216666666667,3.8388269987620633,0.1403896679046035
expanding,6,Lasso,POSNEG,2019-08-01,3.831255,3.505358744018663,0.3258962559813372
expanding,6,Lasso,POSNEG,2019-09-01,3.672726315789474,3.709583843030624,-0.03685752724114977
expanding,6,Lasso,ToneMean,2016-01-01,2.51565,3.3197567359706652,-0.8041067359706653
expanding,6,Lasso,ToneMean,2016-02-01,2.5214052631578947,3.4688579048954855,-0.9474526417375908
expanding,6,Lasso,ToneMean,2016-03-01,2.517215,2.8285455432699775,-0.31133054326997733
expanding,6,Lasso,ToneMean,2016-04-01,2.514826315789474,3.299564078481655,-0.7847377626921812
expanding,6,Lasso,ToneMean,2016-05-01,2.5058625,3.93008604755767,-1.4242235475576699
expanding,6,Lasso,ToneMean,2016-06-01,2.5015650000000003,4.094835121447627,-1.5932701214476266
expanding,6,Lasso,ToneMean,2016-07-01,2.518775,3.2508448891582207,-0.7320698891582205
expanding,6,Lasso,ToneMean,2016-08-01,2.527788888888889,3.033090077568367,-0.505301188679478
expanding,6,Lasso,ToneMean,2016-09-01,2.51759375,3.0654306398186812,-0.5478368898186812
expanding,6,Lasso,ToneMean,2016-10-01,2.535536363636364,3.272169657258705,-0.736633293622341
expanding,6,Lasso,ToneMean,2016-11-01,2.5772411764705883,3.391680983761233,-0.8144398072906447
expanding,6,Lasso,ToneMean,2016-12-01,2.57815,4.037375981310829,-1.459225981310829
expanding,6,Lasso,ToneMean,2017-01-01,2.5543,3.8320714948181083,-1.2777714948181083
expanding,6,Lasso,ToneMean,2017-02-01,2.5655,4.094863481054273,-1.5293634810542729
expanding,6,Lasso,ToneMean,2017-03-01,2.553335294117648,4.3140484162887045,-1.7607131221710564
expanding,6,Lasso,ToneMean,2017-04-01,2.5712,4.369847393697777,-1.7986473936977765
expanding,6,Lasso,ToneMean,2017-05-01,2.65784,3.5315184370641224,-0.8736784370641222
expanding,6,Lasso,ToneMean,2017-06-01,2.69046,3.808450784175731,-1.1179907841757313
expanding,6,Lasso,ToneMean,2017-07-01,3.0855473684210524,3.2269870702987102,-0.14143970187765786
expanding,6,Lasso,ToneMean,2017-08-01,3.0982380952380955,2.8824392645958623,0.21579883064223315
expanding,6,Lasso,ToneMean,2017-09-01,3.075673684210526,3.7979265390353287,-0.7222528548248026
expanding,6,Lasso,ToneMean,2017-10-01,3.065655,3.437013915264673,-0.3713589152646728
expanding,6,Lasso,ToneMean,2017-11-01,3.15159,4.211879795336527,-1.060289795336527
expanding,6,Lasso,ToneMean,2017-12-01,3.30657619047619,4.122414056592349,-0.8158378661161585
expanding,6,Lasso,ToneMean,2018-01-01,3.4621947368421053,4.382225873953962,-0.9200311371118564
expanding,6,Lasso,ToneMean,2018-02-01,3.6392136363636367,4.259610355265337,-0.6203967189016999
expanding,6,Lasso,ToneMean,2018-03-01,3.934538095238095,4.219487660119482,-0.2849495648813867
expanding,6,Lasso,ToneMean,2018-04-01,4.20315,4.28061026909986,-0.07746026909986004
expanding,6,Lasso,ToneMean,2018-05-01,4.641321739130435,4.787195852541454,-0.1458741134110193
expanding,6,Lasso,ToneMean,2018-06-01,4.782921052631579,4.5999220701742916,0.18299898245728752
expanding,6,Lasso,ToneMean,2018-07-01,4.948788235294118,5.110143245674861,-0.16135501038074285
expanding,6,Lasso,ToneMean,2018-08-01,5.096627272727273,5.50515142967855,-0.40852415695127764
expanding,6,Lasso,ToneMean,2018-09-01,5.116333333333333,4.939145983953124,0.1771873493802092
expanding,6,Lasso,ToneMean,2018-10-01,5.169666666666667,5.843800158985832,-0.6741334923191653
expanding,6,Lasso,ToneMean,2018-11-01,5.220527777777778,5.681138907753983,-0.460611129976205
expanding,6,Lasso,ToneMean,2018-12-01,5.035757142857143,4.812253941572712,0.2235032012844309
expanding,6,Lasso,ToneMean,2019-01-01,4.934044444444444,4.046328811218731,0.8877156332257128
expanding,6,Lasso,ToneMean,2019-02-01,4.7935,4.382078348249061,0.41142165175093925
expanding,6,Lasso,ToneMean,2019-03-01,4.410036842105264,4.246759154896305,0.16327768720895897
expanding,6,Lasso,ToneMean,2019-04-01,4.32444761904762,4.447483921709073,-0.12303630266145227
expanding,6,Lasso,ToneMean,2019-05-01,4.088347826086957,4.078169533624431,0.010178292462525995
expanding,6,Lasso,ToneMean,2019-06-01,4.01318,4.119613083317462,-0.10643308331746137
expanding,6,Lasso,ToneMean,2019-07-01,3.979216666666667,3.969352563045661,0.00986410362100587
expanding,6,Lasso,ToneMean,2019-08-01,3.831255,3.537807694725501,0.293447305274499
expanding,6,Lasso,ToneMean,2019-09-01,3.672726315789474,3.6239611736596578,0.04876514212981631
expanding,6,OLS,NEG,2016-01-01,2.51565,3.1191934228513913,-0.6035434228513914
expanding,6,OLS,NEG,2016-02-01,2.5214052631578947,3.3751485583904284,-0.8537432952325337
expanding,6,OLS,NEG,2016-03-01,2.517215,2.8483928667661376,-0.33117786676613736
expanding,6,OLS,NEG,2016-04-01,2.514826315789474,3.238094403458919,-0.7232680876694451
expanding,6,OLS,NEG,2016-05-01,2.5058625,3.715931555546957,-1.210069055546957
expanding,6,OLS,NEG,2016-06-01,2.5015650000000003,4.225058952331919,-1.7234939523319186
expanding,6,OLS,NEG,2016-07-01,2.518775,3.271920286475469,-0.7531452864754686
expanding,6,OLS,NEG,2016-08-01,2.527788888888889,2.910381912493791,-0.382593023604902
expanding,6,OLS,NEG,2016-09-01,2.51759375,3.082682704873163,-0.565088954873163
expanding,6,OLS,NEG,2016-10-01,2.535536363636364,3.304128985460844,-0.7685926218244798
expanding,6,OLS,NEG,2016-11-01,2.5772411764705883,3.422217459133222,-0.8449762826626337
expanding,6,OLS,NEG,2016-12-01,2.57815,3.733042125187333,-1.1548921251873332
expanding,6,OLS,NEG,2017-01-01,2.5543,3.8325442299841126,-1.2782442299841126
expanding,6,OLS,NEG,2017-02-01,2.5655,4.151839825707411,-1.5863398257074106
expanding,6,OLS,NEG,2017-03-01,2.553335294117648,4.264501191891782,-1.7111658977741335
expanding,6,OLS,NEG,2017-04-01,2.5712,4.376557982420193,-1.805357982420193
expanding,6,OLS,NEG,2017-05-01,2.65784,3.50635609927412,-0.8485160992741196
expanding,6,OLS,NEG,2017-06-01,2.69046,3.7982063901177243,-1.1077463901177245
expanding,6,OLS,NEG,2017-07-01,3.0855473684210524,2.972394206035785,0.11315316238526751
expanding,6,OLS,NEG,2017-08-01,3.0982380952380955,2.6927358696354684,0.40550222560262705
expanding,6,OLS,NEG,2017-09-01,3.075673684210526,3.732582980664474,-0.6569092964539478
expanding,6,OLS,NEG,2017-10-01,3.065655,3.193285579485094,-0.12763057948509404
expanding,6,OLS,NEG,2017-11-01,3.15159,4.077356951777635,-0.9257669517776352
expanding,6,OLS,NEG,2017-12-01,3.30657619047619,4.196791682201577,-0.890215491725387
expanding,6,OLS,NEG,2018-01-01,3.4621947368421053,4.178602464264019,-0.7164077274219136
expanding,6,OLS,NEG,2018-02-01,3.6392136363636367,3.9775111885779517,-0.338297552214315
expanding,6,OLS,NEG,2018-03-01,3.934538095238095,4.173337148134924,-0.2387990528968289
expanding,6,OLS,NEG,2018-04-01,4.20315,4.019131660880336,0.18401833911966392
expanding,6,OLS,NEG,2018-05-01,4.641321739130435,4.811081355891317,-0.16975961676088236
expanding,6,OLS,NEG,2018-06-01,4.782921052631579,4.4673800071372,0.31554104549437945
expanding,6,OLS,NEG,2018-07-01,4.948788235294118,5.150231981476458,-0.20144374618234018
expanding,6,OLS,NEG,2018-08-01,5.096627272727273,5.6761483590748405,-0.5795210863475679
expanding,6,OLS,NEG,2018-09-01,5.116333333333333,5.046491621723541,0.06984171160979269
expanding,6,OLS,NEG,2018-10-01,5.169666666666667,5.73955377949752,-0.5698871128308527
expanding,6,OLS,NEG,2018-11-01,5.220527777777778,5.540270412340081,-0.3197426345623029
expanding,6,OLS,NEG,2018-12-01,5.035757142857143,4.733532217100527,0.3022249257566161
expanding,6,OLS,NEG,2019-01-01,4.934044444444444,4.077290346984968,0.8567540974594756
expanding,6,OLS,NEG,2019-02-01,4.7935,4.595763630156139,0.19773636984386123
expanding,6,OLS,NEG,2019-03-01,4.410036842105264,4.196967644431186,0.21306919767407795
expanding,6,OLS,NEG,2019-04-01,4.32444761904762,4.330033770514409,-0.005586151466788536
expanding,6,OLS,NEG,2019-05-01,4.088347826086957,4.108372531828682,-0.02002470574172488
expanding,6,OLS,NEG,2019-06-01,4.01318,4.1917723599439185,-0.1785923599439183
expanding,6,OLS,NEG,2019-07-01,3.979216666666667,3.9931551420887206,-0.013938475422053731
expanding,6,OLS,NEG,2019-08-01,3.831255,3.6680722627252464,0.16318273727475363
expanding,6,OLS,NEG,2019-09-01,3.672726315789474,3.417295939694533,0.255430376094941
expanding,6,OLS,None,2016-01-01,2.51565,3.1197111053863837,-0.6040611053863838
expanding,6,OLS,None,2016-02-01,2.5214052631578947,3.3749704753715486,-0.8535652122136539
expanding,6,OLS,None,2016-03-01,2.517215,2.8497582133263557,-0.3325432133263555
expanding,6,OLS,None,2016-04-01,2.514826315789474,3.236635947507894,-0.7218096317184202
expanding,6,OLS,None,2016-05-01,2.5058625,3.7147650819074607,-1.2089025819074606
expanding,6,OLS,None,2016-06-01,2.5015650000000003,4.225517129907158,-1.7239521299071576
expanding,6,OLS,None,2016-07-01,2.518775,3.2715685037037536,-0.7527935037037534
expanding,6,OLS,None,2016-08-01,2.527788888888889,2.9092167059100413,-0.38142781702115247
expanding,6,OLS,None,2016-09-01,2.51759375,3.0799017495942125,-0.5623079995942124
expanding,6,OLS,None,2016-10-01,2.535536363636364,3.303869798958599,-0.7683334353222349
expanding,6,OLS,None,2016-11-01,2.5772411764705883,3.4256676856566495,-0.8484265091860612
expanding,6,OLS,None,2016-12-01,2.57815,3.7190973199835864,-1.1409473199835864
expanding,6,OLS,None,2017-01-01,2.5543,3.830592489208857,-1.2762924892088572
expanding,6,OLS,None,2017-02-01,2.5655,4.167522506862544,-1.6020225068625438
expanding,6,OLS,None,2017-03-01,2.553335294117648,4.266896345166323,-1.713561051048675
expanding,6,OLS,None,2017-04-01,2.5712,4.37351015572839,-1.8023101557283896
expanding,6,OLS,None,2017-05-01,2.65784,3.4974314903183834,-0.8395914903183832
expanding,6,OLS,None,2017-06-01,2.69046,3.7915355679945826,-1.1010755679945827
expanding,6,OLS,None,2017-07-01,3.0855473684210524,2.9573428956779053,0.12820447274314706
expanding,6,OLS,None,2017-08-01,3.0982380952380955,2.689093583254227,0.4091445119838686
expanding,6,OLS,None,2017-09-01,3.075673684210526,3.7154315436030627,-0.6397578593925366
expanding,6,OLS,None,2017-10-01,3.065655,3.187189940991464,-0.12153494099146389
expanding,6,OLS,None,2017-11-01,3.15159,4.0757252001834665,-0.9241352001834664
expanding,6,OLS,None,2017-12-01,3.30657619047619,4.193637466712806,-0.8870612762366159
expanding,6,OLS,None,2018-01-01,3.4621947368421053,4.166688129353155,-0.7044933925110493
expanding,6,OLS,None,2018-02-01,3.6392136363636367,3.9666296711175715,-0.32741603475393477
expanding,6,OLS,None,2018-03-01,3.934538095238095,4.17178370462802,-0.23724560938992534
expanding,6,OLS,None,2018-04-01,4.20315,4.010073264485004,0.19307673551499605
expanding,6,OLS,None,2018-05-01,4.641321739130435,4.812602195795182,-0.17128045666474723
expanding,6,OLS,None,2018-06-01,4.782921052631579,4.457267004609222,0.32565404802235687
expanding,6,OLS,None,2018-07-01,4.948788235294118,5.149882368377727,-0.20109413308360935
expanding,6,OLS,None,2018-08-01,5.096627272727273,5.686562371336067,-0.5899350986087946
expanding,6,OLS,None,2018-09-01,5.116333333333333,5.0576380218016315,0.05869531153170193
expanding,6,OLS,None,2018-10-01,5.169666666666667,5.73547446174371,-0.5658077950770428
expanding,6,OLS,None,2018-11-01,5.220527777777778,5.5385562781212565,-0.3180285003434786
expanding,6,OLS,None,2018-12-01,5.035757142857143,4.721373187466602,0.3143839553905412
expanding,6,OLS,None,2019-01-01,4.934044444444444,4.088845301666737,0.845199142777707
expanding,6,OLS,None,2019-02-01,4.7935,4.58428603100516,0.20921396899484002
expanding,6,OLS,None,2019-03-01,4.410036842105264,4.1961592937212675,0.21387754838399609
expanding,6,OLS,None,2019-04-01,4.32444761904762,4.320938796793096,0.003508822254524091
expanding,6,OLS,None,2019-05-01,4.088347826086957,4.11110728522977,-0.0227594591428133
expanding,6,OLS,None,2019-06-01,4.01318,4.195681855004187,-0.1825018550041868
expanding,6,OLS,None,2019-07-01,3.979216666666667,3.9869474447071225,-0.0077307780404556325
expanding,6,OLS,None,2019-08-01,3.831255,3.674990198857333,0.15626480114266705
expanding,6,OLS,None,2019-09-01,3.672726315789474,3.4033070899934357,0.2694192257960384
expanding,6,OLS,POSNEG,2016-01-01,2.51565,3.798367731278287,-1.2827177312782871
expanding,6,OLS,POSNEG,2016-02-01,2.5214052631578947,3.4209785118080926,-0.8995732486501979
expanding,6,OLS,POSNEG,2016-03-01,2.517215,2.9049163895375907,-0.3877013895375905
expanding,6,OLS,POSNEG,2016-04-01,2.514826315789474,3.0944166147642584,-0.5795902989747845
expanding,6,OLS,POSNEG,2016-05-01,2.5058625,4.063775486970914,-1.5579129869709138
expanding,6,OLS,POSNEG,2016-06-01,2.5015650000000003,3.857520280573497,-1.3559552805734967
expanding,6,OLS,POSNEG,2016-07-01,2.518775,3.1526158398873174,-0.6338408398873172
expanding,6,OLS,POSNEG,2016-08-01,2.527788888888889,3.3401668837074006,-0.8123779948185117
expanding,6,OLS,POSNEG,2016-09-01,2.51759375,3.3014064159115257,-0.7838126659115257
expanding,6,OLS,POSNEG,2016-10-01,2.535536363636364,3.6511044719606547,-1.1155681083242905
expanding,6,OLS,POSNEG,2016-11-01,2.5772411764705883,3.503682113617671,-0.9264409371470825
expanding,6,OLS,POSNEG,2016-12-01,2.57815,3.8511088047382165,-1.2729588047382165
expanding,6,OLS,POSNEG,2017-01-01,2.5543,4.297504799450872,-1.7432047994508717
expanding,6,OLS,POSNEG,2017-02-01,2.5655,4.708333103742341,-2.1428331037423405
expanding,6,OLS,POSNEG,2017-03-01,2.553335294117648,4.416458540359467,-1.8631232462418188
expanding,6,OLS,POSNEG,2017-04-01,2.5712,4.474180938232125,-1.9029809382321252
expanding,6,OLS,POSNEG,2017-05-01,2.65784,3.361588670656774,-0.7037486706567737
expanding,6,OLS,POSNEG,2017-06-01,2.69046,3.752934529218858,-1.062474529218858
expanding,6,OLS,POSNEG,2017-07-01,3.0855473684210524,3.26371907362926,-0.1781717052082077
expanding,6,OLS,POSNEG,2017-08-01,3.0982380952380955,2.9588428198675376,0.13939527537055785
expanding,6,OLS,POSNEG,2017-09-01,3.075673684210526,3.4481566964833625,-0.3724830122728364
expanding,6,OLS,POSNEG,2017-10-01,3.065655,3.641810099928679,-0.5761550999286791
expanding,6,OLS,POSNEG,2017-11-01,3.15159,4.453289243882763,-1.3016992438827626
expanding,6,OLS,POSNEG,2017-12-01,3.30657619047619,4.097312902668358,-0.7907367121921682
expanding,6,OLS,POSNEG,2018-01-01,3.4621947368421053,4.553742623916996,-1.0915478870748907
expanding,6,OLS,POSNEG,2018-02-01,3.6392136363636367,4.397008828419702,-0.7577951920560655
expanding,6,OLS,POSNEG,2018-03-01,3.934538095238095,4.1677897489183815,-0.23325165368028644
expanding,6,OLS,POSNEG,2018-04-01,4.20315,4.435985162067924,-0.2328351620679241
expanding,6,OLS,POSNEG,2018-05-01,4.641321739130435,4.76893300682179,-0.12761126769135522
expanding,6,OLS,POSNEG,2018-06-01,4.782921052631579,4.492868525334373,0.2900525272972061
expanding,6,OLS,POSNEG,2018-07-01,4.948788235294118,5.216670898262422,-0.26788266296830443
expanding,6,OLS,POSNEG,2018-08-01,5.096627272727273,5.637795310723526,-0.5411680379962531
expanding,6,OLS,POSNEG,2018-09-01,5.116333333333333,5.042007694217739,0.0743256391155942
expanding,6,OLS,POSNEG,2018-10-01,5.169666666666667,6.192192090927907,-1.0225254242612403
expanding,6,OLS,POSNEG,2018-11-01,5.220527777777778,5.899817031140473,-0.6792892533626951
expanding,6,OLS,POSNEG,2018-12-01,5.035757142857143,4.862077943188988,0.1736791996681557
expanding,6,OLS,POSNEG,2019-01-01,4.934044444444444,4.140009724396424,0.7940347200480202
expanding,6,OLS,POSNEG,2019-02-01,4.7935,3.5972338410640194,1.1962661589359804
expanding,6,OLS,POSNEG,2019-03-01,4.410036842105264,4.382644426259431,0.027392415845832296
expanding,6,OLS,POSNEG,2019-04-01,4.32444761904762,4.5298093759004825,-0.20536175685286207
expanding,6,OLS,POSNEG,2019-05-01,4.088347826086957,4.228522496964498,-0.1401746708775411
expanding,6,OLS,POSNEG,2019-06-01,4.01318,4.152236366427711,-0.13905636642771046
expanding,6,OLS,POSNEG,2019-07-01,3.979216666666667,3.84122896529034,0.13798770137632665
expanding,6,OLS,POSNEG,2019-08-01,3.831255,3.6062533628832876,0.2250016371167125
expanding,6,OLS,POSNEG,2019-09-01,3.672726315789474,3.7344813782459934,-0.061755062456519294
expanding,6,OLS,ToneMean,2016-01-01,2.51565,3.280427104830044,-0.7647771048300442
expanding,6,OLS,ToneMean,2016-02-01,2.5214052631578947,3.439161390135168,-0.9177561269772734
expanding,6,OLS,ToneMean,2016-03-01,2.517215,2.7742291813312208,-0.25701418133122056
expanding,6,OLS,ToneMean,2016-04-01,2.514826315789474,3.25815227732187,-0.7433259615323959
expanding,6,OLS,ToneMean,2016-05-01,2.5058625,3.9218164047069344,-1.4159539047069343
expanding,6,OLS,ToneMean,2016-06-01,2.5015650000000003,4.118109724161315,-1.6165447241613151
expanding,6,OLS,ToneMean,2016-07-01,2.518775,3.213157712526384,-0.6943827125263837
expanding,6,OLS,ToneMean,2016-08-01,2.527788888888889,2.9783355667851774,-0.45054667789628855
expanding,6,OLS,ToneMean,2016-09-01,2.51759375,3.023918039454902,-0.506324289454902
expanding,6,OLS,ToneMean,2016-10-01,2.535536363636364,3.2448979454402185,-0.7093615818038543
expanding,6,OLS,ToneMean,2016-11-01,2.5772411764705883,3.363976740228808,-0.7867355637582198
expanding,6,OLS,ToneMean,2016-12-01,2.57815,4.017790060259643,-1.4396400602596433
expanding,6,OLS,ToneMean,2017-01-01,2.5543,3.8197667983305257,-1.2654667983305257
expanding,6,OLS,ToneMean,2017-02-01,2.5655,4.107492740165409,-1.5419927401654085
expanding,6,OLS,ToneMean,2017-03-01,2.553335294117648,4.323396927047469,-1.7700616329298207
expanding,6,OLS,ToneMean,2017-04-01,2.5712,4.392506235979623,-1.8213062359796233
expanding,6,OLS,ToneMean,2017-05-01,2.65784,3.539847909794791,-0.8820079097947908
expanding,6,OLS,ToneMean,2017-06-01,2.69046,3.8227933996681025,-1.1323333996681026
expanding,6,OLS,ToneMean,2017-07-01,3.0855473684210524,3.1902745332743705,-0.10472716485331812
expanding,6,OLS,ToneMean,2017-08-01,3.0982380952380955,2.8402459515269225,0.25799214371117296
expanding,6,OLS,ToneMean,2017-09-01,3.075673684210526,3.8111622834857593,-0.7354885992752331
expanding,6,OLS,ToneMean,2017-10-01,3.065655,3.412254996758267,-0.3465999967582669
expanding,6,OLS,ToneMean,2017-11-01,3.15159,4.238053853465278,-1.0864638534652777
expanding,6,OLS,ToneMean,2017-12-01,3.30657619047619,4.151436501151238,-0.8448603106750481
expanding,6,OLS,ToneMean,2018-01-01,3.4621947368421053,4.399669682833221,-0.937474945991116
expanding,6,OLS,ToneMean,2018-02-01,3.6392136363636367,4.237058688611883,-0.5978450522482466
expanding,6,OLS,ToneMean,2018-03-01,3.934538095238095,4.194303324361443,-0.2597652291233481
expanding,6,OLS,ToneMean,2018-04-01,4.20315,4.246668325138645,-0.04351832513864462
expanding,6,OLS,ToneMean,2018-05-01,4.641321739130435,4.781934736422807,-0.1406129972923722
expanding,6,OLS,ToneMean,2018-06-01,4.782921052631579,4.589304923750339,0.19361612888124036
expanding,6,OLS,ToneMean,2018-07-01,4.948788235294118,5.169754781170403,-0.22096654587628528
expanding,6,OLS,ToneMean,2018-08-01,5.096627272727273,5.5882391633692805,-0.49161189064200794
expanding,6,OLS,ToneMean,2018-09-01,5.116333333333333,4.970105959079058,0.14622737425427523
expanding,6,OLS,ToneMean,2018-10-01,5.169666666666667,5.930298713831382,-0.760632047164715
expanding,6,OLS,ToneMean,2018-11-01,5.220527777777778,5.748696714013752,-0.528168936235974
expanding,6,OLS,ToneMean,2018-12-01,5.035757142857143,4.819053502623422,0.21670364023372102
expanding,6,OLS,ToneMean,2019-01-01,4.934044444444444,4.020444563203379,0.9135998812410646
expanding,6,OLS,ToneMean,2019-02-01,4.7935,4.392669265905771,0.400830734094229
expanding,6,OLS,ToneMean,2019-03-01,4.410036842105264,4.269600797177697,0.14043604492756678
expanding,6,OLS,ToneMean,2019-04-01,4.32444761904762,4.4837878537651354,-0.15934023471751502
expanding,6,OLS,ToneMean,2019-05-01,4.088347826086957,4.1101250938422025,-0.02177726775524569
expanding,6,OLS,ToneMean,2019-06-01,4.01318,4.137084487162527,-0.12390448716252678
expanding,6,OLS,ToneMean,2019-07-01,3.979216666666667,3.979823767245264,-0.0006071005785970307
expanding,6,OLS,ToneMean,2019-08-01,3.831255,3.606166418385231,0.2250885816147692
expanding,6,OLS,ToneMean,2019-09-01,3.672726315789474,3.6460026763374014,0.02672363945207268
expanding,6,Ridge,NEG,2016-01-01,2.51565,3.1279671396819095,-0.6123171396819096
expanding,6,Ridge,NEG,2016-02-01,2.5214052631578947,3.380393011740996,-0.8589877485831012
expanding,6,Ridge,NEG,2016-03-01,2.517215,2.8724341754971103,-0.35521917549711013
expanding,6,Ridge,NEG,2016-04-01,2.514826315789474,3.2456677119912167,-0.7308413962017428
expanding,6,Ridge,NEG,2016-05-01,2.5058625,3.7089318361215,-1.2030693361214997
expanding,6,Ridge,NEG,2016-06-01,2.5015650000000003,4.198052383297389,-1.6964873832973888
expanding,6,Ridge,NEG,2016-07-01,2.518775,3.2799589280894557,-0.7611839280894555
expanding,6,Ridge,NEG,2016-08-01,2.527788888888889,2.93150121738115,-0.403712328492261
expanding,6,Ridge,NEG,2016-09-01,2.51759375,3.098127715573672,-0.5805339655736721
expanding,6,Ridge,NEG,2016-10-01,2.535536363636364,3.312372045067204,-0.7768356814308399
expanding,6,Ridge,NEG,2016-11-01,2.5772411764705883,3.4344163045961897,-0.8571751281256015
expanding,6,Ridge,NEG,2016-12-01,2.57815,3.7435570962585096,-1.1654070962585097
expanding,6,Ridge,NEG,2017-01-01,2.5543,3.8416676699656094,-1.2873676699656094
expanding,6,Ridge,NEG,2017-02-01,2.5655,4.1515426162260844,-1.5860426162260843
expanding,6,Ridge,NEG,2017-03-01,2.553335294117648,4.262253648603174,-1.708918354485526
expanding,6,Ridge,NEG,2017-04-01,2.5712,4.372706310878472,-1.8015063108784721
expanding,6,Ridge,NEG,2017-05-01,2.65784,3.5115890569275097,-0.8537490569275095
expanding,6,Ridge,NEG,2017-06-01,2.69046,3.796056629771007,-1.1055966297710071
expanding,6,Ridge,NEG,2017-07-01,3.0855473684210524,2.9920188808038404,0.093528487617212
expanding,6,Ridge,NEG,2017-08-01,3.0982380952380955,2.713806346613197,0.38443174862489826
expanding,6,Ridge,NEG,2017-09-01,3.075673684210526,3.7304254453544443,-0.6547517611439182
expanding,6,Ridge,NEG,2017-10-01,3.065655,3.203641023595153,-0.1379860235951531
expanding,6,Ridge,NEG,2017-11-01,3.15159,4.0705169592268255,-0.9189269592268254
expanding,6,Ridge,NEG,2017-12-01,3.30657619047619,4.186419307086911,-0.8798431166107212
expanding,6,Ridge,NEG,2018-01-01,3.4621947368421053,4.173345995055091,-0.7111512582129857
expanding,6,Ridge,NEG,2018-02-01,3.6392136363636367,3.9833562464176477,-0.34414261005401103
expanding,6,Ridge,NEG,2018-03-01,3.934538095238095,4.175703006936518,-0.24116491169842336
expanding,6,Ridge,NEG,2018-04-01,4.20315,4.025930293082927,0.17721970691707334
expanding,6,Ridge,NEG,2018-05-01,4.641321739130435,4.802494271974108,-0.16117253284367372
expanding,6,Ridge,NEG,2018-06-01,4.782921052631579,4.465903243365736,0.31701780926584266
expanding,6,Ridge,NEG,2018-07-01,4.948788235294118,5.128949470811388,-0.1801612355172697
expanding,6,Ridge,NEG,2018-08-01,5.096627272727273,5.646578055977485,-0.5499507832502122
expanding,6,Ridge,NEG,2018-09-01,5.116333333333333,5.034549825259301,0.08178350807403234
expanding,6,Ridge,NEG,2018-10-01,5.169666666666667,5.714732224916881,-0.5450655582502142
expanding,6,Ridge,NEG,2018-11-01,5.220527777777778,5.520773117107074,-0.30024533932929653
expanding,6,Ridge,NEG,2018-12-01,5.035757142857143,4.729517515862908,0.3062396269942349
expanding,6,Ridge,NEG,2019-01-01,4.934044444444444,4.077625681637238,0.8564187628072064
expanding,6,Ridge,NEG,2019-02-01,4.7935,4.590220165994,0.20327983400599958
expanding,6,Ridge,NEG,2019-03-01,4.410036842105264,4.192040391852753,0.21799645025251024
expanding,6,Ridge,NEG,2019-04-01,4.32444761904762,4.323141993506072,0.0013056255415486717
expanding,6,Ridge,NEG,2019-05-01,4.088347826086957,4.102714792636601,-0.014366966549644644
expanding,6,Ridge,NEG,2019-06-01,4.01318,4.1882575752421705,-0.17507757524217027
expanding,6,Ridge,NEG,2019-07-01,3.979216666666667,3.9929977807025456,-0.013781114035878783
expanding,6,Ridge,NEG,2019-08-01,3.831255,3.656207573333571,0.17504742666642903
expanding,6,Ridge,NEG,2019-09-01,3.672726315789474,3.420645589838178,0.25208072595129627
expanding,6,Ridge,None,2016-01-01,2.51565,3.128951930084611,-0.613301930084611
expanding,6,Ridge,None,2016-02-01,2.5214052631578947,3.380166013871948,-0.8587607507140533
expanding,6,Ridge,None,2016-03-01,2.517215,2.874296088009112,-0.357081088009112
expanding,6,Ridge,None,2016-04-01,2.514826315789474,3.243824893255119,-0.7289985774656449
expanding,6,Ridge,None,2016-05-01,2.5058625,3.707152526850333,-1.2012900268503328
expanding,6,Ridge,None,2016-06-01,2.5015650000000003,4.198318789511942,-1.6967537895119413
expanding,6,Ridge,None,2016-07-01,2.518775,3.279686931215668,-0.7609119312156678
expanding,6,Ridge,None,2016-08-01,2.527788888888889,2.930630682378702,-0.40284179348981297
expanding,6,Ridge,None,2016-09-01,2.51759375,3.0962787627097588,-0.5786850127097587
expanding,6,Ridge,None,2016-10-01,2.535536363636364,3.313704136272306,-0.7781677726359417
expanding,6,Ridge,None,2016-11-01,2.5772411764705883,3.4385419316841954,-0.8613007552136072
expanding,6,Ridge,None,2016-12-01,2.57815,3.7277618740945444,-1.1496118740945445
expanding,6,Ridge,None,2017-01-01,2.5543,3.841502513206963,-1.2872025132069629
expanding,6,Ridge,None,2017-02-01,2.5655,4.169250092520365,-1.6037500925203645
expanding,6,Ridge,None,2017-03-01,2.553335294117648,4.264706938222944,-1.711371644105296
expanding,6,Ridge,None,2017-04-01,2.5712,4.369446029912241,-1.7982460299122405
expanding,6,Ridge,None,2017-05-01,2.65784,3.5022075441498592,-0.844367544149859
expanding,6,Ridge,None,2017-06-01,2.69046,3.788979705106014,-1.098519705106014
expanding,6,Ridge,None,2017-07-01,3.0855473684210524,2.976267860123535,0.10927950829751731
expanding,6,Ridge,None,2017-08-01,3.0982380952380955,2.7100784194895544,0.38815967574854104
expanding,6,Ridge,None,2017-09-01,3.075673684210526,3.7124389964559272,-0.6367653122454011
expanding,6,Ridge,None,2017-10-01,3.065655,3.197232801979033,-0.13157780197903302
expanding,6,Ridge,None,2017-11-01,3.15159,4.068706134286871,-0.917116134286871
expanding,6,Ridge,None,2017-12-01,3.30657619047619,4.182984339160459,-0.876408148684269
expanding,6,Ridge,None,2018-01-01,3.4621947368421053,4.160720230715635,-0.6985254938735292
expanding,6,Ridge,None,2018-02-01,3.6392136363636367,3.971752977244283,-0.3325393408806461
expanding,6,Ridge,None,2018-03-01,3.934538095238095,4.1740171587062465,-0.2394790634681514
expanding,6,Ridge,None,2018-04-01,4.20315,4.016196675791498,0.18695332420850175
expanding,6,Ridge,None,2018-05-01,4.641321739130435,4.8040284340189086,-0.1627066948884739
expanding,6,Ridge,None,2018-06-01,4.782921052631579,4.455081826318651,0.3278392263129284
expanding,6,Ridge,None,2018-07-01,4.948788235294118,5.128376165243588,-0.17958792994947004
expanding,6,Ridge,None,2018-08-01,5.096627272727273,5.657346910762945,-0.560719638035672
expanding,6,Ridge,None,2018-09-01,5.116333333333333,5.045999962497515,0.0703333708358187
expanding,6,Ridge,None,2018-10-01,5.169666666666667,5.710289255151579,-0.5406225884849123
expanding,6,Ridge,None,2018-11-01,5.220527777777778,5.518801547528444,-0.2982737697506659
expanding,6,Ridge,None,2018-12-01,5.035757142857143,4.716763676268466,0.3189934665886769
expanding,6,Ridge,None,2019-01-01,4.934044444444444,4.089568969580471,0.8444754748639731
expanding,6,Ridge,None,2019-02-01,4.7935,4.578091057026127,0.21540894297387325
expanding,6,Ridge,None,2019-03-01,4.410036842105264,4.191125397106301,0.21891144499896242
expanding,6,Ridge,None,2019-04-01,4.32444761904762,4.313530757721919,0.010916861325701355
expanding,6,Ridge,None,2019-05-01,4.088347826086957,4.10553245168679,-0.01718462559983358
expanding,6,Ridge,None,2019-06-01,4.01318,4.192319143489414,-0.1791391434894134
expanding,6,Ridge,None,2019-07-01,3.979216666666667,3.986472620683113,-0.007255954016446076
expanding,6,Ridge,None,2019-08-01,3.831255,3.6633639773873723,0.16789102261262778
expanding,6,Ridge,None,2019-09-01,3.672726315789474,3.4059913021242174,0.26673501366525665
expanding,6,Ridge,POSNEG,2016-01-01,2.51565,3.80411926020866,-1.28846926020866
expanding,6,Ridge,POSNEG,2016-02-01,2.5214052631578947,3.425823603805684,-0.9044183406477893
expanding,6,Ridge,POSNEG,2016-03-01,2.517215,2.924201304954215,-0.4069863049542146
expanding,6,Ridge,POSNEG,2016-04-01,2.514826315789474,3.1022204549594483,-0.5873941391699744
expanding,6,Ridge,POSNEG,2016-05-01,2.5058625,4.059363640139363,-1.553501140139363
expanding,6,Ridge,POSNEG,2016-06-01,2.5015650000000003,3.837556386000253,-1.3359913860002526
expanding,6,Ridge,POSNEG,2016-07-01,2.518775,3.1605523895838084,-0.6417773895838081
expanding,6,Ridge,POSNEG,2016-08-01,2.527788888888889,3.3574622392628406,-0.8296733503739517
expanding,6,Ridge,POSNEG,2016-09-01,2.51759375,3.3138099624703283,-0.7962162124703283
expanding,6,Ridge,POSNEG,2016-10-01,2.535536363636364,3.6564513531494303,-1.1209149895130661
expanding,6,Ridge,POSNEG,2016-11-01,2.5772411764705883,3.513165030141211,-0.9359238536706229
expanding,6,Ridge,POSNEG,2016-12-01,2.57815,3.86232808319516,-1.28417808319516
expanding,6,Ridge,POSNEG,2017-01-01,2.5543,4.303788849413801,-1.7494888494138006
expanding,6,Ridge,POSNEG,2017-02-01,2.5655,4.705318555529826,-2.1398185555298257
expanding,6,Ridge,POSNEG,2017-03-01,2.553335294117648,4.414395177533571,-1.8610598834159227
expanding,6,Ridge,POSNEG,2017-04-01,2.5712,4.470722287869779,-1.8995222878697788
expanding,6,Ridge,POSNEG,2017-05-01,2.65784,3.3656099767525784,-0.7077699767525782
expanding,6,Ridge,POSNEG,2017-06-01,2.69046,3.751164826415299,-1.0607048264152992
expanding,6,Ridge,POSNEG,2017-07-01,3.0855473684210524,3.2811352111735,-0.19558784275244756
expanding,6,Ridge,POSNEG,2017-08-01,3.0982380952380955,2.9768500251956316,0.12138807004246388
expanding,6,Ridge,POSNEG,2017-09-01,3.075673684210526,3.44713627577123,-0.3714625915607037
expanding,6,Ridge,POSNEG,2017-10-01,3.065655,3.651576937824579,-0.5859219378245788
expanding,6,Ridge,POSNEG,2017-11-01,3.15159,4.4477953612752525,-1.2962053612752524
expanding,6,Ridge,POSNEG,2017-12-01,3.30657619047619,4.088972853093966,-0.7823966626177761
expanding,6,Ridge,POSNEG,2018-01-01,3.4621947368421053,4.550901486847088,-1.0887067500049823
expanding,6,Ridge,POSNEG,2018-02-01,3.6392136363636367,4.403902539978532,-0.7646889036148949
expanding,6,Ridge,POSNEG,2018-03-01,3.934538095238095,4.171415067702372,-0.2368769724642772
expanding,6,Ridge,POSNEG,2018-04-01,4.20315,4.443817814159658,-0.2406678141596581
expanding,6,Ridge,POSNEG,2018-05-01,4.641321739130435,4.763822911331138,-0.12250117220070322
expanding,6,Ridge,POSNEG,2018-06-01,4.782921052631579,4.493710904039961,0.28921014859161787
expanding,6,Ridge,POSNEG,2018-07-01,4.948788235294118,5.200021885785269,-0.25123365049115076
expanding,6,Ridge,POSNEG,2018-08-01,5.096627272727273,5.613877448205735,-0.5172501754784626
expanding,6,Ridge,POSNEG,2018-09-01,5.116333333333333,5.032786260971856,0.08354707236147707
expanding,6,Ridge,POSNEG,2018-10-01,5.169666666666667,6.172690348277342,-1.0030236816106752
expanding,6,Ridge,POSNEG,2018-11-01,5.220527777777778,5.885948768230911,-0.665420990453133
expanding,6,Ridge,POSNEG,2018-12-01,5.035757142857143,4.8616316913883795,0.1741254514687638
expanding,6,Ridge,POSNEG,2019-01-01,4.934044444444444,4.141812212267832,0.7922322321766124
expanding,6,Ridge,POSNEG,2019-02-01,4.7935,3.5942583158800825,1.1992416841199174
expanding,6,Ridge,POSNEG,2019-03-01,4.410036842105264,4.379143642482306,0.030893199622958
expanding,6,Ridge,POSNEG,2019-04-01,4.32444761904762,4.524917670412545,-0.2004700513649249
expanding,6,Ridge,POSNEG,2019-05-01,4.088347826086957,4.223572339040021,-0.13522451295306404
expanding,6,Ridge,POSNEG,2019-06-01,4.01318,4.149214200024001,-0.13603420002400046
expanding,6,Ridge,POSNEG,2019-07-01,3.979216666666667,3.840800016272646,0.13841665039402073
expanding,6,Ridge,POSNEG,2019-08-01,3.831255,3.594698384605076,0.23655661539492412
expanding,6,Ridge,POSNEG,2019-09-01,3.672726315789474,3.7376581878582686,-0.06493187206879458
expanding,6,Ridge,ToneMean,2016-01-01,2.51565,3.2903271250308346,-0.7746771250308346
expanding,6,Ridge,ToneMean,2016-02-01,2.5214052631578947,3.444626607898445,-0.9232213447405502
expanding,6,Ridge,ToneMean,2016-03-01,2.517215,2.795679565000313,-0.2784645650003128
expanding,6,Ridge,ToneMean,2016-04-01,2.514826315789474,3.2651555942229717,-0.7503292784334978
expanding,6,Ridge,ToneMean,2016-05-01,2.5058625,3.917398411545199,-1.411535911545199
expanding,6,Ridge,ToneMean,2016-06-01,2.5015650000000003,4.093542285559613,-1.5919772855596124
expanding,6,Ridge,ToneMean,2016-07-01,2.518775,3.2206003429359162,-0.701825342935916
expanding,6,Ridge,ToneMean,2016-08-01,2.527788888888889,2.9985505976838023,-0.4707617087949134
expanding,6,Ridge,ToneMean,2016-09-01,2.51759375,3.038536208337734,-0.5209424583377338
expanding,6,Ridge,ToneMean,2016-10-01,2.535536363636364,3.253541135135907,-0.718004771499543
expanding,6,Ridge,ToneMean,2016-11-01,2.5772411764705883,3.3750077589032124,-0.7977665824326241
expanding,6,Ridge,ToneMean,2016-12-01,2.57815,4.0286212970073585,-1.4504712970073586
expanding,6,Ridge,ToneMean,2017-01-01,2.5543,3.8297815518010285,-1.2754815518010285
expanding,6,Ridge,ToneMean,2017-02-01,2.5655,4.1082254029550285,-1.5427254029550284
expanding,6,Ridge,ToneMean,2017-03-01,2.553335294117648,4.322079989053926,-1.7687446949362782
expanding,6,Ridge,ToneMean,2017-04-01,2.5712,4.3890316135267735,-1.8178316135267734
expanding,6,Ridge,ToneMean,2017-05-01,2.65784,3.544649338198819,-0.8868093381988187
expanding,6,Ridge,ToneMean,2017-06-01,2.69046,3.821099670451937,-1.130639670451937
expanding,6,Ridge,ToneMean,2017-07-01,3.0855473684210524,3.209724314437759,-0.12417694601670659
expanding,6,Ridge,ToneMean,2017-08-01,3.0982380952380955,2.860682610845205,0.23755548439289065
expanding,6,Ridge,ToneMean,2017-09-01,3.075673684210526,3.8097086957765223,-0.7340350115659962
expanding,6,Ridge,ToneMean,2017-10-01,3.065655,3.4238796699565808,-0.35822466995658075
expanding,6,Ridge,ToneMean,2017-11-01,3.15159,4.233596395674047,-1.0820063956740467
expanding,6,Ridge,ToneMean,2017-12-01,3.30657619047619,4.142034076819892,-0.8354578863437023
expanding,6,Ridge,ToneMean,2018-01-01,3.4621947368421053,4.396998733711605,-0.9348039968694999
expanding,6,Ridge,ToneMean,2018-02-01,3.6392136363636367,4.2447907604252,-0.6055771240615635
expanding,6,Ridge,ToneMean,2018-03-01,3.934538095238095,4.197402690544359,-0.2628645953062638
expanding,6,Ridge,ToneMean,2018-04-01,4.20315,4.2551969094116595,-0.05204690941165957
expanding,6,Ridge,ToneMean,2018-05-01,4.641321739130435,4.775348201691029,-0.1340264625605947
expanding,6,Ridge,ToneMean,2018-06-01,4.782921052631579,4.589467663236941,0.1934533893946382
expanding,6,Ridge,ToneMean,2018-07-01,4.948788235294118,5.152018288413769,-0.20323005311965137
expanding,6,Ridge,ToneMean,2018-08-01,5.096627272727273,5.562798167668841,-0.4661708949415688
expanding,6,Ridge,ToneMean,2018-09-01,5.116333333333333,4.96026349081772,0.1560698425156133
expanding,6,Ridge,ToneMean,2018-10-01,5.169666666666667,5.910264008597046,-0.7405973419303793
expanding,6,Ridge,ToneMean,2018-11-01,5.220527777777778,5.734243452729969,-0.5137156749521914
expanding,6,Ridge,ToneMean,2018-12-01,5.035757142857143,4.817290552115586,0.21846659074155728
expanding,6,Ridge,ToneMean,2019-01-01,4.934044444444444,4.021869777923489,0.9121746665209551
expanding,6,Ridge,ToneMean,2019-02-01,4.7935,4.386394075260994,0.40710592473900586
expanding,6,Ridge,ToneMean,2019-03-01,4.410036842105264,4.266306789409923,0.14373005269534023
expanding,6,Ridge,ToneMean,2019-04-01,4.32444761904762,4.47904105877642,-0.15459343972879935
expanding,6,Ridge,ToneMean,2019-05-01,4.088347826086957,4.105296903331807,-0.016949077244849953
expanding,6,Ridge,ToneMean,2019-06-01,4.01318,4.133833114179637,-0.1206531141796372
expanding,6,Ridge,ToneMean,2019-07-01,3.979216666666667,3.9792950293468836,-7.836268021677029e-05
expanding,6,Ridge,ToneMean,2019-08-01,3.831255,3.595024295388157,0.23623070461184303
expanding,6,Ridge,ToneMean,2019-09-01,3.672726315789474,3.650349807243912,0.022376508545562057
expanding,6,SVR,NEG,2016-01-01,2.51565,2.0481334826768354,0.46751651732316457
expanding,6,SVR,NEG,2016-02-01,2.5214052631578947,2.8224614459026607,-0.301056182744766
expanding,6,SVR,NEG,2016-03-01,2.517215,2.0802267807678207,0.43698821923217945
expanding,6,SVR,NEG,2016-04-01,2.514826315789474,2.5685941400758248,-0.05376782428635085
expanding,6,SVR,NEG,2016-05-01,2.5058625,3.7128964756868994,-1.2070339756868993
expanding,6,SVR,NEG,2016-06-01,2.5015650000000003,3.608242250561938,-1.1066772505619378
expanding,6,SVR,NEG,2016-07-01,2.518775,2.6029584196754616,-0.08418341967546139
expanding,6,SVR,NEG,2016-08-01,2.527788888888889,2.1688416451528862,0.3589472437360026
expanding,6,SVR,NEG,2016-09-01,2.51759375,2.6465459870018577,-0.12895223700185765
expanding,6,SVR,NEG,2016-10-01,2.535536363636364,3.1786610158330846,-0.6431246521967204
expanding,6,SVR,NEG,2016-11-01,2.5772411764705883,2.463604018271212,0.11363715819937648
expanding,6,SVR,NEG,2016-12-01,2.57815,4.027901017540793,-1.4497510175407928
expanding,6,SVR,NEG,2017-01-01,2.5543,4.521942081772101,-1.9676420817721012
expanding,6,SVR,NEG,2017-02-01,2.5655,3.5365248034381205,-0.9710248034381204
expanding,6,SVR,NEG,2017-03-01,2.553335294117648,3.55667497307103,-1.003339678953382
expanding,6,SVR,NEG,2017-04-01,2.5712,3.254287071375075,-0.6830870713750747
expanding,6,SVR,NEG,2017-05-01,2.65784,1.9771686817618233,0.680671318238177
expanding,6,SVR,NEG,2017-06-01,2.69046,2.527690976781682,0.16276902321831788
expanding,6,SVR,NEG,2017-07-01,3.0855473684210524,2.448016519053443,0.6375308493676095
expanding,6,SVR,NEG,2017-08-01,3.0982380952380955,2.0945660468492124,1.003672048388883
expanding,6,SVR,NEG,2017-09-01,3.075673684210526,3.229319324819577,-0.15364564060905073
expanding,6,SVR,NEG,2017-10-01,3.065655,2.518416289916741,0.547238710083259
expanding,6,SVR,NEG,2017-11-01,3.15159,2.9456450820767355,0.20594491792326464
expanding,6,SVR,NEG,2017-12-01,3.30657619047619,3.1543501099650535,0.15222608051113662
expanding,6,SVR,NEG,2018-01-01,3.4621947368421053,3.605204534210212,-0.14300979736810682
expanding,6,SVR,NEG,2018-02-01,3.6392136363636367,4.153434767837815,-0.5142211314741787
expanding,6,SVR,NEG,2018-03-01,3.934538095238095,4.075267129342031,-0.14072903410393556
expanding,6,SVR,NEG,2018-04-01,4.20315,4.413728300829911,-0.21057830082991114
expanding,6,SVR,NEG,2018-05-01,4.641321739130435,4.5518070500285255,0.08951468910190918
expanding,6,SVR,NEG,2018-06-01,4.782921052631579,4.8915806837480815,-0.10865963111650245
expanding,6,SVR,NEG,2018-07-01,4.948788235294118,4.730963793148537,0.21782444214558083
expanding,6,SVR,NEG,2018-08-01,5.096627272727273,5.057774851000296,0.03885242172697634
expanding,6,SVR,NEG,2018-09-01,5.116333333333333,5.248156605798879,-0.13182327246554593
expanding,6,SVR,NEG,2018-10-01,5.169666666666667,5.741972343122979,-0.5723056764563124
expanding,6,SVR,NEG,2018-11-01,5.220527777777778,5.231535603662537,-0.011007825884759015
expanding,6,SVR,NEG,2018-12-01,5.035757142857143,5.132423124713892,-0.09666598185674857
expanding,6,SVR,NEG,2019-01-01,4.934044444444444,4.018521039967701,0.9155234044767431
expanding,6,SVR,NEG,2019-02-01,4.7935,4.642532384477517,0.15096761552248328
expanding,6,SVR,NEG,2019-03-01,4.410036842105264,4.161984882778819,0.2480519593264443
expanding,6,SVR,NEG,2019-04-01,4.32444761904762,4.319586400901726,0.004861218145894242
expanding,6,SVR,NEG,2019-05-01,4.088347826086957,4.2330274165907085,-0.14467959050375168
expanding,6,SVR,NEG,2019-06-01,4.01318,4.43841980019495,-0.4252398001949498
expanding,6,SVR,NEG,2019-07-01,3.979216666666667,4.673278912496678,-0.6940622458300112
expanding,6,SVR,NEG,2019-08-01,3.831255,4.633713181711452,-0.8024581817114522
expanding,6,SVR,NEG,2019-09-01,3.672726315789474,3.795859592637452,-0.12313327684797803
expanding,6,SVR,None,2016-01-01,2.51565,2.2441044204602476,0.27154557953975234
expanding,6,SVR,None,2016-02-01,2.5214052631578947,2.9432689906809406,-0.4218637275230459
expanding,6,SVR,None,2016-03-01,2.517215,2.3250281949105824,0.19218680508941777
expanding,6,SVR,None,2016-04-01,2.514826315789474,2.5552904386233037,-0.04046412283382983
expanding,6,SVR,None,2016-05-01,2.5058625,3.521580240856006,-1.0157177408560059
expanding,6,SVR,None,2016-06-01,2.5015650000000003,3.4182521840700257,-0.9166871840700255
expanding,6,SVR,None,2016-07-01,2.518775,2.5234827520701204,-0.004707752070120197
expanding,6,SVR,None,2016-08-01,2.527788888888889,2.2579473554510088,0.2698415334378801
expanding,6,SVR,None,2016-09-01,2.51759375,2.4013942032705904,0.11619954672940969
expanding,6,SVR,None,2016-10-01,2.535536363636364,2.5169643130654737,0.018572050570890397
expanding,6,SVR,None,2016-11-01,2.5772411764705883,2.7496181477136146,-0.1723769712430263
expanding,6,SVR,None,2016-12-01,2.57815,3.8090324138772935,-1.2308824138772936
expanding,6,SVR,None,2017-01-01,2.5543,4.14084040529324,-1.5865404052932397
expanding,6,SVR,None,2017-02-01,2.5655,3.4059009012077945,-0.8404009012077944
expanding,6,SVR,None,2017-03-01,2.553335294117648,3.638424164467644,-1.085088870349996
expanding,6,SVR,None,2017-04-01,2.5712,3.23024309341394,-0.6590430934139397
expanding,6,SVR,None,2017-05-01,2.65784,1.857443111769841,0.8003968882301593
expanding,6,SVR,None,2017-06-01,2.69046,2.386499317510471,0.3039606824895289
expanding,6,SVR,None,2017-07-01,3.0855473684210524,2.1930018437532555,0.8925455246677969
expanding,6,SVR,None,2017-08-01,3.0982380952380955,2.2023017049495395,0.895936390288556
expanding,6,SVR,None,2017-09-01,3.075673684210526,2.9140222585658,0.16165142564472612
expanding,6,SVR,None,2017-10-01,3.065655,2.671149711294235,0.3945052887057652
expanding,6,SVR,None,2017-11-01,3.15159,3.04166951205266,0.1099204879473401
expanding,6,SVR,None,2017-12-01,3.30657619047619,3.131802387085392,0.17477380339079795
expanding,6,SVR,None,2018-01-01,3.4621947368421053,3.4746898027934825,-0.012495065951377171
expanding,6,SVR,None,2018-02-01,3.6392136363636367,4.158538668197794,-0.5193250318341573
expanding,6,SVR,None,2018-03-01,3.934538095238095,4.2513368656075095,-0.3167987703694144
expanding,6,SVR,None,2018-04-01,4.20315,4.3351422654375416,-0.1319922654375416
expanding,6,SVR,None,2018-05-01,4.641321739130435,4.535502933563902,0.10581880556653278
expanding,6,SVR,None,2018-06-01,4.782921052631579,4.688477828555802,0.09444322407577666
expanding,6,SVR,None,2018-07-01,4.948788235294118,4.6524687312732,0.2963195040209179
expanding,6,SVR,None,2018-08-01,5.096627272727273,5.183684865834938,-0.08705759310766581
expanding,6,SVR,None,2018-09-01,5.116333333333333,5.501397979868231,-0.38506464653489747
expanding,6,SVR,None,2018-10-01,5.169666666666667,5.3351786806436605,-0.16551201397699344
expanding,6,SVR,None,2018-11-01,5.220527777777778,5.073833656723136,0.14669412105464197
expanding,6,SVR,None,2018-12-01,5.035757142857143,4.942005472657319,0.09375167019982467
expanding,6,SVR,None,2019-01-01,4.934044444444444,4.09259988962256,0.8414445548218836
expanding,6,SVR,None,2019-02-01,4.7935,4.8180399610564315,-0.024539961056431636
expanding,6,SVR,None,2019-03-01,4.410036842105264,4.464659392082122,-0.054622549976858004
expanding,6,SVR,None,2019-04-01,4.32444761904762,4.271418166354164,0.05302945269345649
expanding,6,SVR,None,2019-05-01,4.088347826086957,4.314415765109547,-0.22606793902258993
expanding,6,SVR,None,2019-06-01,4.01318,4.618180965085195,-0.6050009650851944
expanding,6,SVR,None,2019-07-01,3.979216666666667,4.508988023673102,-0.5297713570064353
expanding,6,SVR,None,2019-08-01,3.831255,4.386377524811699,-0.5551225248116993
expanding,6,SVR,None,2019-09-01,3.672726315789474,3.3025954401169346,0.37013087567253944
expanding,6,SVR,POSNEG,2016-01-01,2.51565,3.1583667488765825,-0.6427167488765826
expanding,6,SVR,POSNEG,2016-02-01,2.5214052631578947,2.540305453221375,-0.018900190063480427
expanding,6,SVR,POSNEG,2016-03-01,2.517215,1.9159512118123918,0.6012637881876084
expanding,6,SVR,POSNEG,2016-04-01,2.514826315789474,2.459549767673313,0.055276548116161006
expanding,6,SVR,POSNEG,2016-05-01,2.5058625,3.9959132363349648,-1.4900507363349647
expanding,6,SVR,POSNEG,2016-06-01,2.5015650000000003,3.518739710268649,-1.0171747102686486
expanding,6,SVR,POSNEG,2016-07-01,2.518775,2.5660961709631143,-0.047321170963114056
expanding,6,SVR,POSNEG,2016-08-01,2.527788888888889,2.553224861953718,-0.02543597306482903
expanding,6,SVR,POSNEG,2016-09-01,2.51759375,2.681087659978375,-0.16349390997837476
expanding,6,SVR,POSNEG,2016-10-01,2.535536363636364,3.0721086480165187,-0.5365722843801546
expanding,6,SVR,POSNEG,2016-11-01,2.5772411764705883,2.410691038528484,0.16655013794210438
expanding,6,SVR,POSNEG,2016-12-01,2.57815,4.217322042191156,-1.6391720421911558
expanding,6,SVR,POSNEG,2017-01-01,2.5543,4.487048314732783,-1.9327483147327826
expanding,6,SVR,POSNEG,2017-02-01,2.5655,3.72967821453482,-1.1641782145348198
expanding,6,SVR,POSNEG,2017-03-01,2.553335294117648,3.861591557688562,-1.308256263570914
expanding,6,SVR,POSNEG,2017-04-01,2.5712,3.469401619425156,-0.8982016194251559
expanding,6,SVR,POSNEG,2017-05-01,2.65784,2.0187269339206844,0.6391130660793158
expanding,6,SVR,POSNEG,2017-06-01,2.69046,2.535774794550462,0.154685205449538
expanding,6,SVR,POSNEG,2017-07-01,3.0855473684210524,2.9827725614533342,0.10277480696771812
expanding,6,SVR,POSNEG,2017-08-01,3.0982380952380955,2.3366881573951788,0.7615499378429167
expanding,6,SVR,POSNEG,2017-09-01,3.075673684210526,2.8843216617785905,0.1913520224319356
expanding,6,SVR,POSNEG,2017-10-01,3.065655,3.229107966090311,-0.1634529660903108
expanding,6,SVR,POSNEG,2017-11-01,3.15159,3.4324051544474035,-0.28081515444740335
expanding,6,SVR,POSNEG,2017-12-01,3.30657619047619,2.971536892701145,0.33503929777504515
expanding,6,SVR,POSNEG,2018-01-01,3.4621947368421053,3.7989338441281912,-0.3367391072860859
expanding,6,SVR,POSNEG,2018-02-01,3.6392136363636367,4.332839864836825,-0.6936262284731884
expanding,6,SVR,POSNEG,2018-03-01,3.934538095238095,3.9878653570554228,-0.05332726181732772
expanding,6,SVR,POSNEG,2018-04-01,4.20315,4.6173254671318205,-0.4141754671318205
expanding,6,SVR,POSNEG,2018-05-01,4.641321739130435,4.466104220735105,0.17521751839532929
expanding,6,SVR,POSNEG,2018-06-01,4.782921052631579,4.832327950602252,-0.049406897970673214
expanding,6,SVR,POSNEG,2018-07-01,4.948788235294118,4.895315359228007,0.05347287606611051
expanding,6,SVR,POSNEG,2018-08-01,5.096627272727273,4.979657020312384,0.11697025241488834
expanding,6,SVR,POSNEG,2018-09-01,5.116333333333333,5.194240870057409,-0.07790753672407558
expanding,6,SVR,POSNEG,2018-10-01,5.169666666666667,5.700297978651575,-0.5306313119849078
expanding,6,SVR,POSNEG,2018-11-01,5.220527777777778,5.25095507819859,-0.03042730042081221
expanding,6,SVR,POSNEG,2018-12-01,5.035757142857143,5.3451834661926885,-0.3094263233355452
expanding,6,SVR,POSNEG,2019-01-01,4.934044444444444,4.137710103331268,0.7963343411131758
expanding,6,SVR,POSNEG,2019-02-01,4.7935,3.575455645851802,1.2180443541481978
expanding,6,SVR,POSNEG,2019-03-01,4.410036842105264,4.742964016707508,-0.3329271746022444
expanding,6,SVR,POSNEG,2019-04-01,4.32444761904762,4.635040640371462,-0.31059302132384126
expanding,6,SVR,POSNEG,2019-05-01,4.088347826086957,4.197627269778068,-0.10927944369111131
expanding,6,SVR,POSNEG,2019-06-01,4.01318,4.221438961758471,-0.20825896175847092
expanding,6,SVR,POSNEG,2019-07-01,3.979216666666667,4.255870740538406,-0.27665407387173957
expanding,6,SVR,POSNEG,2019-08-01,3.831255,4.396082767148201,-0.5648277671482007
expanding,6,SVR,POSNEG,2019-09-01,3.672726315789474,4.606509505933182,-0.9337831901437084
expanding,6,SVR,ToneMean,2016-01-01,2.51565,2.5230134826850623,-0.0073634826850623725
expanding,6,SVR,ToneMean,2016-02-01,2.5214052631578947,2.8451675521936894,-0.32376228903579474
expanding,6,SVR,ToneMean,2016-03-01,2.517215,2.1375020835225866,0.37971291647741356
expanding,6,SVR,ToneMean,2016-04-01,2.514826315789474,2.5843906880901555,-0.06956437230068158
expanding,6,SVR,ToneMean,2016-05-01,2.5058625,3.9049243413851347,-1.3990618413851346
expanding,6,SVR,ToneMean,2016-06-01,2.5015650000000003,3.626003276981012,-1.124438276981012
expanding,6,SVR,ToneMean,2016-07-01,2.518775,2.658313383026673,-0.13953838302667299
expanding,6,SVR,ToneMean,2016-08-01,2.527788888888889,2.265126800652826,0.2626620882360631
expanding,6,SVR,ToneMean,2016-09-01,2.51759375,2.387245074728683,0.13034867527131722
expanding,6,SVR,ToneMean,2016-10-01,2.535536363636364,2.46864517589425,0.06689118774211433
expanding,6,SVR,ToneMean,2016-11-01,2.5772411764705883,2.6584922084451628,-0.0812510319745745
expanding,6,SVR,ToneMean,2016-12-01,2.57815,4.1538996125406715,-1.5757496125406716
expanding,6,SVR,ToneMean,2017-01-01,2.5543,4.229362019202083,-1.6750620192020826
expanding,6,SVR,ToneMean,2017-02-01,2.5655,3.5211344153146302,-0.9556344153146301
expanding,6,SVR,ToneMean,2017-03-01,2.553335294117648,3.8659732231559145,-1.3126379290382664
expanding,6,SVR,ToneMean,2017-04-01,2.5712,3.346078304081165,-0.7748783040811649
expanding,6,SVR,ToneMean,2017-05-01,2.65784,2.0011172143728992,0.656722785627101
expanding,6,SVR,ToneMean,2017-06-01,2.69046,2.5372609061440583,0.15319909385594155
expanding,6,SVR,ToneMean,2017-07-01,3.0855473684210524,2.773812088086471,0.3117352803345814
expanding,6,SVR,ToneMean,2017-08-01,3.0982380952380955,2.53631441535115,0.5619236798869456
expanding,6,SVR,ToneMean,2017-09-01,3.075673684210526,2.9469629908535078,0.12871069335701835
expanding,6,SVR,ToneMean,2017-10-01,3.065655,3.179509680636863,-0.11385468063686277
expanding,6,SVR,ToneMean,2017-11-01,3.15159,3.4212282327013845,-0.26963823270138443
expanding,6,SVR,ToneMean,2017-12-01,3.30657619047619,2.9776289803003224,0.3289472101758677
expanding,6,SVR,ToneMean,2018-01-01,3.4621947368421053,3.6504832378847447,-0.1882885010426394
expanding,6,SVR,ToneMean,2018-02-01,3.6392136363636367,4.351582288020932,-0.7123686516572953
expanding,6,SVR,ToneMean,2018-03-01,3.934538095238095,4.125747505565127,-0.1912094103270321
expanding,6,SVR,ToneMean,2018-04-01,4.20315,4.5313233386766,-0.32817333867660015
expanding,6,SVR,ToneMean,2018-05-01,4.641321739130435,4.634478117726444,0.006843621403990419
expanding,6,SVR,ToneMean,2018-06-01,4.782921052631579,4.640294172590182,0.142626880041397
expanding,6,SVR,ToneMean,2018-07-01,4.948788235294118,4.823645437985764,0.12514279730835387
expanding,6,SVR,ToneMean,2018-08-01,5.096627272727273,5.127161609119964,-0.030534336392691763
expanding,6,SVR,ToneMean,2018-09-01,5.116333333333333,5.165486390379772,-0.04915305704643824
expanding,6,SVR,ToneMean,2018-10-01,5.169666666666667,5.636483961790388,-0.46681729512372083
expanding,6,SVR,ToneMean,2018-11-01,5.220527777777778,5.108624340926887,0.11190343685089044
expanding,6,SVR,ToneMean,2018-12-01,5.035757142857143,5.116981231364589,-0.08122408850744556
expanding,6,SVR,ToneMean,2019-01-01,4.934044444444444,3.8973538502267013,1.0366905942177427
expanding,6,SVR,ToneMean,2019-02-01,4.7935,4.389608766934204,0.4038912330657958
expanding,6,SVR,ToneMean,2019-03-01,4.410036842105264,4.770243784083856,-0.3602069419785927
expanding,6,SVR,ToneMean,2019-04-01,4.32444761904762,4.697628553253922,-0.3731809342063013
expanding,6,SVR,ToneMean,2019-05-01,4.088347826086957,4.118208687582943,-0.02986086149598588
expanding,6,SVR,ToneMean,2019-06-01,4.01318,4.319721538179069,-0.3065415381790686
expanding,6,SVR,ToneMean,2019-07-01,3.979216666666667,4.383269144703962,-0.40405247803729516
expanding,6,SVR,ToneMean,2019-08-01,3.831255,4.433422422669049,-0.6021674226690492
expanding,6,SVR,ToneMean,2019-09-01,3.672726315789474,4.552607978989506,-0.8798816632000324
rolling,1,ElasticNet,NEG,2016-01-01,2.52504,1.9873516860076874,0.5376883139923128
rolling,1,ElasticNet,NEG,2016-02-01,2.5197684210526314,2.04866419007857,0.4711042309740616
rolling,1,ElasticNet,NEG,2016-03-01,2.528319047619048,2.369050854949948,0.1592681926691002
rolling,1,ElasticNet,NEG,2016-04-01,2.523847619047619,2.6214681391456702,-0.09762052009805133
rolling,1,ElasticNet,NEG,2016-05-01,2.525338095238096,2.6667873383494154,-0.14144924311131923
rolling,1,ElasticNet,NEG,2016-06-01,2.51565,2.9247169978914527,-0.40906699789145273
rolling,1,ElasticNet,NEG,2016-07-01,2.5214052631578947,2.63418990459834,-0.1127846414404452
rolling,1,ElasticNet,NEG,2016-08-01,2.517215,2.843340327189289,-0.32612532718928877
rolling,1,ElasticNet,NEG,2016-09-01,2.514826315789474,2.7850406029777575,-0.27021428718828355
rolling,1,ElasticNet,NEG,2016-10-01,2.5058625,2.3784810731805224,0.12738142681947773
rolling,1,ElasticNet,NEG,2016-11-01,2.5015650000000003,2.309602889958842,0.19196211004115815
rolling,1,ElasticNet,NEG,2016-12-01,2.518775,2.506213403605177,0.012561596394823127
rolling,1,ElasticNet,NEG,2017-01-01,2.527788888888889,2.683719426919717,-0.15593053803082801
rolling,1,ElasticNet,NEG,2017-02-01,2.51759375,2.3718662379634106,0.1457275120365895
rolling,1,ElasticNet,NEG,2017-03-01,2.535536363636364,2.276809560247938,0.25872680338842624
rolling,1,ElasticNet,NEG,2017-04-01,2.5772411764705883,2.1941475857972823,0.38309359067330595
rolling,1,ElasticNet,NEG,2017-05-01,2.57815,1.7671812159344278,0.8109687840655722
rolling,1,ElasticNet,NEG,2017-06-01,2.5543,1.9716751368814303,0.5826248631185698
rolling,1,ElasticNet,NEG,2017-07-01,2.5655,1.8218416475092012,0.7436583524907989
rolling,1,ElasticNet,NEG,2017-08-01,2.553335294117648,1.5130643164632,1.040270977654448
rolling,1,ElasticNet,NEG,2017-09-01,2.5712,2.089305075975852,0.48189492402414835
rolling,1,ElasticNet,NEG,2017-10-01,2.65784,2.2676303913419225,0.39020960865807774
rolling,1,ElasticNet,NEG,2017-11-01,2.69046,2.856690728757931,-0.166230728757931
rolling,1,ElasticNet,NEG,2017-12-01,3.0855473684210524,3.0625385540644965,0.023008814356555884
rolling,1,ElasticNet,NEG,2018-01-01,3.0982380952380955,3.1503453880317536,-0.05210729279365811
rolling,1,ElasticNet,NEG,2018-02-01,3.075673684210526,2.844894820633451,0.2307788635770751
rolling,1,ElasticNet,NEG,2018-03-01,3.065655,3.01576691243703,0.04988808756296992
rolling,1,ElasticNet,NEG,2018-04-01,3.15159,2.8569786308716636,0.2946113691283365
rolling,1,ElasticNet,NEG,2018-05-01,3.30657619047619,3.0604664806421202,0.24610970983406988
rolling,1,ElasticNet,NEG,2018-06-01,3.4621947368421053,2.7326791054614543,0.729515631380651
rolling,1,ElasticNet,NEG,2018-07-01,3.6392136363636367,3.0418796343316075,0.5973340020320292
rolling,1,ElasticNet,NEG,2018-08-01,3.934538095238095,3.342104324786313,0.5924337704517821
rolling,1,ElasticNet,NEG,2018-09-01,4.20315,3.2157874049267186,0.9873625950732814
rolling,1,ElasticNet,NEG,2018-10-01,4.641321739130435,3.5689337251924034,1.0723880139380313
rolling,1,ElasticNet,NEG,2018-11-01,4.782921052631579,3.770857943775143,1.0120631088564362
rolling,1,ElasticNet,NEG,2018-12-01,4.948788235294118,3.682865659177316,1.265922576116802
rolling,1,ElasticNet,NEG,2019-01-01,5.096627272727273,3.7554471593020162,1.3411801134252563
rolling,1,ElasticNet,NEG,2019-02-01,5.116333333333333,3.765382512733325,1.3509508206000085
rolling,1,ElasticNet,NEG,2019-03-01,5.169666666666667,3.8022162504918926,1.3674504161747745
rolling,1,ElasticNet,NEG,2019-04-01,5.220527777777778,3.7368914133756777,1.4836363644021002
rolling,1,ElasticNet,NEG,2019-05-01,5.035757142857143,3.9389316175729374,1.0968255252842058
rolling,1,ElasticNet,NEG,2019-06-01,4.934044444444444,4.2192911835867974,0.7147532608576466
rolling,1,ElasticNet,NEG,2019-07-01,4.7935,4.076390256776435,0.7171097432235651
rolling,1,ElasticNet,NEG,2019-08-01,4.410036842105264,5.1721525881104,-0.7621157460051364
rolling,1,ElasticNet,NEG,2019-09-01,4.32444761904762,3.83834501827618,0.4861026007714404
rolling,1,ElasticNet,NEG,2019-10-01,4.088347826086957,2.936421204416068,1.151926621670889
rolling,1,ElasticNet,NEG,2019-11-01,4.01318,3.0024897057865467,1.0106902942134535
rolling,1,ElasticNet,NEG,2019-12-01,3.979216666666667,3.2730023731633318,0.7062142935033351
rolling,1,ElasticNet,None,2016-01-01,2.52504,1.9796669941295446,0.5453730058704556
rolling,1,ElasticNet,None,2016-02-01,2.5197684210526314,2.052312170843976,0.46745625020865544
rolling,1,ElasticNet,None,2016-03-01,2.528319047619048,2.362422837600616,0.16589621001843202
rolling,1,ElasticNet,None,2016-04-01,2.523847619047619,2.6278415352945954,-0.10399391624697651
rolling,1,ElasticNet,None,2016-05-01,2.525338095238096,2.6794859599682095,-0.15414786473011333
rolling,1,ElasticNet,None,2016-06-01,2.51565,2.9373559525101243,-0.4217059525101243
rolling,1,ElasticNet,None,2016-07-01,2.5214052631578947,2.629521738419174,-0.1081164752612791
rolling,1,ElasticNet,None,2016-08-01,2.517215,2.823198929038293,-0.30598392903829286
rolling,1,ElasticNet,None,2016-09-01,2.514826315789474,2.7459813109577613,-0.2311549951682874
rolling,1,ElasticNet,None,2016-10-01,2.5058625,2.327259999067012,0.17860250093298813
rolling,1,ElasticNet,None,2016-11-01,2.5015650000000003,2.289336595852621,0.2122284041473792
rolling,1,ElasticNet,None,2016-12-01,2.518775,2.5971748692396934,-0.07839986923969322
rolling,1,ElasticNet,None,2017-01-01,2.527788888888889,2.6237262786893245,-0.09593738980043565
rolling,1,ElasticNet,None,2017-02-01,2.51759375,2.3255129154428804,0.19208083455711966
rolling,1,ElasticNet,None,2017-03-01,2.535536363636364,2.2942259690294535,0.24131039460691062
rolling,1,ElasticNet,None,2017-04-01,2.5772411764705883,2.2348947307778797,0.34234644569270856
rolling,1,ElasticNet,None,2017-05-01,2.57815,1.798596904926099,0.7795530950739009
rolling,1,ElasticNet,None,2017-06-01,2.5543,1.989494440501023,0.5648055594989769
rolling,1,ElasticNet,None,2017-07-01,2.5655,1.8429643496239871,0.722535650376013
rolling,1,ElasticNet,None,2017-08-01,2.553335294117648,1.5152388562770174,1.0380964378406308
rolling,1,ElasticNet,None,2017-09-01,2.5712,2.089302837241041,0.4818971627589592
rolling,1,ElasticNet,None,2017-10-01,2.65784,2.2676313494830933,0.3902086505169069
rolling,1,ElasticNet,None,2017-11-01,2.69046,2.853707645645427,-0.16324764564542704
rolling,1,ElasticNet,None,2017-12-01,3.0855473684210524,3.0625388895899537,0.02300847883109869
rolling,1,ElasticNet,None,2018-01-01,3.0982380952380955,3.1834014748561135,-0.08516337961801801
rolling,1,ElasticNet,None,2018-02-01,3.075673684210526,2.882897808249687,0.19277587596083912
rolling,1,ElasticNet,None,2018-03-01,3.065655,3.019565449092483,0.04608955090751721
rolling,1,ElasticNet,None,2018-04-01,3.15159,2.886981369825038,0.26460863017496195
rolling,1,ElasticNet,None,2018-05-01,3.30657619047619,3.058929681651966,0.24764650882422412
rolling,1,ElasticNet,None,2018-06-01,3.4621947368421053,2.8026708318026157,0.6595239050394897
rolling,1,ElasticNet,None,2018-07-01,3.6392136363636367,3.030410960716942,0.6088026756466949
rolling,1,ElasticNet,None,2018-08-01,3.934538095238095,3.279200599758409,0.655337495479686
rolling,1,ElasticNet,None,2018-09-01,4.20315,3.1902840155600733,1.0128659844399266
rolling,1,ElasticNet,None,2018-10-01,4.641321739130435,3.568753586144317,1.0725681529861175
rolling,1,ElasticNet,None,2018-11-01,4.782921052631579,3.768559567270135,1.014361485361444
rolling,1,ElasticNet,None,2018-12-01,4.948788235294118,3.682860285014393,1.2659279502797247
rolling,1,ElasticNet,None,2019-01-01,5.096627272727273,3.771769170368949,1.3248581023583235
rolling,1,ElasticNet,None,2019-02-01,5.116333333333333,3.765300346308061,1.3510329870252722
rolling,1,ElasticNet,None,2019-03-01,5.169666666666667,3.798539624761279,1.371127041905388
rolling,1,ElasticNet,None,2019-04-01,5.220527777777778,3.7153542046541492,1.5051735731236286
rolling,1,ElasticNet,None,2019-05-01,5.035757142857143,3.9525718900013755,1.0831852528557677
rolling,1,ElasticNet,None,2019-06-01,4.934044444444444,4.225986615588258,0.7080578288561856
rolling,1,ElasticNet,None,2019-07-01,4.7935,4.075324018669067,0.7181759813309325
rolling,1,ElasticNet,None,2019-08-01,4.410036842105264,5.180956740352286,-0.7709198982470227
rolling,1,ElasticNet,None,2019-09-01,4.32444761904762,3.8019999916101668,0.5224476274374537
rolling,1,ElasticNet,None,2019-10-01,4.088347826086957,2.9272601658785686,1.1610876602083882
rolling,1,ElasticNet,None,2019-11-01,4.01318,2.9819452477637864,1.0312347522362137
rolling,1,ElasticNet,None,2019-12-01,3.979216666666667,3.178229885783151,0.800986780883516
rolling,1,ElasticNet,POSNEG,2016-01-01,2.52504,1.9873530218438649,0.5376869781561353
rolling,1,ElasticNet,POSNEG,2016-02-01,2.5197684210526314,2.0486644894142527,0.4711039316383787
rolling,1,ElasticNet,POSNEG,2016-03-01,2.528319047619048,2.369051239413791,0.1592678082052572
rolling,1,ElasticNet,POSNEG,2016-04-01,2.523847619047619,2.621468762496665,-0.09762114344904615
rolling,1,ElasticNet,POSNEG,2016-05-01,2.525338095238096,2.666785520609288,-0.14144742537119193
rolling,1,ElasticNet,POSNEG,2016-06-01,2.51565,2.9243825495160474,-0.4087325495160474
rolling,1,ElasticNet,POSNEG,2016-07-01,2.5214052631578947,2.6305397359499123,-0.1091344727920176
rolling,1,ElasticNet,POSNEG,2016-08-01,2.517215,2.8742604217859515,-0.35704542178595133
rolling,1,ElasticNet,POSNEG,2016-09-01,2.514826315789474,2.7955769674308906,-0.28075065164141666
rolling,1,ElasticNet,POSNEG,2016-10-01,2.5058625,2.391913214321038,0.11394928567896212
rolling,1,ElasticNet,POSNEG,2016-11-01,2.5015650000000003,2.3107998759199586,0.19076512408004165
rolling,1,ElasticNet,POSNEG,2016-12-01,2.518775,2.5030352104030342,0.01573978959696598
rolling,1,ElasticNet,POSNEG,2017-01-01,2.527788888888889,2.693853726346347,-0.16606483745745804
rolling,1,ElasticNet,POSNEG,2017-02-01,2.51759375,2.3718626399056504,0.1457311100943497
rolling,1,ElasticNet,POSNEG,2017-03-01,2.535536363636364,2.2768024383271337,0.25873392530923045
rolling,1,ElasticNet,POSNEG,2017-04-01,2.5772411764705883,2.1941464256010637,0.3830947508695246
rolling,1,ElasticNet,POSNEG,2017-05-01,2.57815,1.7671830433063247,0.8109669566936752
rolling,1,ElasticNet,POSNEG,2017-06-01,2.5543,1.9716777137933523,0.5826222862066477
rolling,1,ElasticNet,POSNEG,2017-07-01,2.5655,1.8218433488271333,0.7436566511728668
rolling,1,ElasticNet,POSNEG,2017-08-01,2.553335294117648,1.5130667691039887,1.0402685250136594
rolling,1,ElasticNet,POSNEG,2017-09-01,2.5712,2.079251494453432,0.491948505546568
rolling,1,ElasticNet,POSNEG,2017-10-01,2.65784,2.274527333255196,0.38331266674480435
rolling,1,ElasticNet,POSNEG,2017-11-01,2.69046,2.8921024050090014,-0.20164240500900155
rolling,1,ElasticNet,POSNEG,2017-12-01,3.0855473684210524,3.062537649125899,0.023009719295153275
rolling,1,ElasticNet,POSNEG,2018-01-01,3.0982380952380955,3.1294208610125382,-0.03118276577444279
rolling,1,ElasticNet,POSNEG,2018-02-01,3.075673684210526,2.76425151925471,0.311422164955816
rolling,1,ElasticNet,POSNEG,2018-03-01,3.065655,3.0168123249011174,0.048842675098882626
rolling,1,ElasticNet,POSNEG,2018-04-01,3.15159,2.8150895150089745,0.3365004849910256
rolling,1,ElasticNet,POSNEG,2018-05-01,3.30657619047619,3.0619207820109073,0.24465540846528278
rolling,1,ElasticNet,POSNEG,2018-06-01,3.4621947368421053,2.736195279458312,0.7259994573837933
rolling,1,ElasticNet,POSNEG,2018-07-01,3.6392136363636367,3.0157436676897196,0.6234699686739171
rolling,1,ElasticNet,POSNEG,2018-08-01,3.934538095238095,3.331113667938142,0.6034244272999532
rolling,1,ElasticNet,POSNEG,2018-09-01,4.20315,3.2157874049267186,0.9873625950732814
rolling,1,ElasticNet,POSNEG,2018-10-01,4.641321739130435,3.6253106889689617,1.016011050161473
rolling,1,ElasticNet,POSNEG,2018-11-01,4.782921052631579,3.88101509704357,0.9019059555880089
rolling,1,ElasticNet,POSNEG,2018-12-01,4.948788235294118,3.755260870603713,1.193527364690405
rolling,1,ElasticNet,POSNEG,2019-01-01,5.096627272727273,3.7761818319277802,1.3204454407994923
rolling,1,ElasticNet,POSNEG,2019-02-01,5.116333333333333,3.2305455364416638,1.8857877968916696
rolling,1,ElasticNet,POSNEG,2019-03-01,5.169666666666667,3.934491256169138,1.2351754104975292
rolling,1,ElasticNet,POSNEG,2019-04-01,5.220527777777778,3.9149285421938966,1.3055992355838812
rolling,1,ElasticNet,POSNEG,2019-05-01,5.035757142857143,4.099233142007138,0.9365240008500049
rolling,1,ElasticNet,POSNEG,2019-06-01,4.934044444444444,4.211760377626644,0.7222840668178003
rolling,1,ElasticNet,POSNEG,2019-07-01,4.7935,4.032170960743198,0.7613290392568022
rolling,1,ElasticNet,POSNEG,2019-08-01,4.410036842105264,5.1714043773808,-0.7613675352755367
rolling,1,ElasticNet,POSNEG,2019-09-01,4.32444761904762,3.970607882819463,0.35383973622815734
rolling,1,ElasticNet,POSNEG,2019-10-01,4.088347826086957,2.97835134805454,1.109996478032417
rolling,1,ElasticNet,POSNEG,2019-11-01,4.01318,2.993206563767112,1.0199734362328883
rolling,1,ElasticNet,POSNEG,2019-12-01,3.979216666666667,3.3022438280505404,0.6769728386161264
rolling,1,ElasticNet,ToneMean,2016-01-01,2.52504,1.9731600250749537,0.5518799749250465
rolling,1,ElasticNet,ToneMean,2016-02-01,2.5197684210526314,2.0518495099227514,0.46791891112988004
rolling,1,ElasticNet,ToneMean,2016-03-01,2.528319047619048,2.3631224330080567,0.16519661461099133
rolling,1,ElasticNet,ToneMean,2016-04-01,2.523847619047619,2.62775581544608,-0.10390819639846116
rolling,1,ElasticNet,ToneMean,2016-05-01,2.525338095238096,2.678474700631667,-0.15313660539357077
rolling,1,ElasticNet,ToneMean,2016-06-01,2.51565,2.937500286332011,-0.42185028633201105
rolling,1,ElasticNet,ToneMean,2016-07-01,2.5214052631578947,2.6303733576969837,-0.10896809453908896
rolling,1,ElasticNet,ToneMean,2016-08-01,2.517215,2.8217118768116087,-0.30449687681160853
rolling,1,ElasticNet,ToneMean,2016-09-01,2.514826315789474,2.7499687755537026,-0.23514245976422865
rolling,1,ElasticNet,ToneMean,2016-10-01,2.5058625,2.3297510445718284,0.17611145542817175
rolling,1,ElasticNet,ToneMean,2016-11-01,2.5015650000000003,2.2954290027667517,0.2061359972332486
rolling,1,ElasticNet,ToneMean,2016-12-01,2.518775,2.5703532995187666,-0.05157829951876636
rolling,1,ElasticNet,ToneMean,2017-01-01,2.527788888888889,2.6279231009334043,-0.10013421204451545
rolling,1,ElasticNet,ToneMean,2017-02-01,2.51759375,2.3241310721643953,0.19346267783560478
rolling,1,ElasticNet,ToneMean,2017-03-01,2.535536363636364,2.280722464238517,0.25481389939784727
rolling,1,ElasticNet,ToneMean,2017-04-01,2.5772411764705883,2.2247073387557057,0.35253383771488256
rolling,1,ElasticNet,ToneMean,2017-05-01,2.57815,1.7843713851242098,0.7937786148757902
rolling,1,ElasticNet,ToneMean,2017-06-01,2.5543,1.9843118626386214,0.5699881373613787
rolling,1,ElasticNet,ToneMean,2017-07-01,2.5655,1.8321902024724097,0.7333097975275904
rolling,1,ElasticNet,ToneMean,2017-08-01,2.553335294117648,1.5152343171604286,1.0381009769572196
rolling,1,ElasticNet,ToneMean,2017-09-01,2.5712,2.0932831163100962,0.4779168836899039
rolling,1,ElasticNet,ToneMean,2017-10-01,2.65784,2.277549275561637,0.3802907244383631
rolling,1,ElasticNet,ToneMean,2017-11-01,2.69046,2.8886249653406706,-0.19816496534067074
rolling,1,ElasticNet,ToneMean,2017-12-01,3.0855473684210524,3.0625391303282723,0.023008238092780076
rolling,1,ElasticNet,ToneMean,2018-01-01,3.0982380952380955,3.13343774582237,-0.03519965058427443
rolling,1,ElasticNet,ToneMean,2018-02-01,3.075673684210526,2.7645477285574915,0.3111259556530346
rolling,1,ElasticNet,ToneMean,2018-03-01,3.065655,3.013587299037334,0.05206770096266622
rolling,1,ElasticNet,ToneMean,2018-04-01,3.15159,2.809148357459544,0.34244164254045595
rolling,1,ElasticNet,ToneMean,2018-05-01,3.30657619047619,3.064659543827987,0.24191664664820323
rolling,1,ElasticNet,ToneMean,2018-06-01,3.4621947368421053,2.7498524505669635,0.7123422862751418
rolling,1,ElasticNet,ToneMean,2018-07-01,3.6392136363636367,3.02093824961653,0.6182753867471069
rolling,1,ElasticNet,ToneMean,2018-08-01,3.934538095238095,3.301190274796228,0.633347820441867
rolling,1,ElasticNet,ToneMean,2018-09-01,4.20315,3.1971264105662627,1.0060235894337373
rolling,1,ElasticNet,ToneMean,2018-10-01,4.641321739130435,3.568753586144317,1.0725681529861175
rolling,1,ElasticNet,ToneMean,2018-11-01,4.782921052631579,3.8268591785523705,0.9560618740792086
rolling,1,ElasticNet,ToneMean,2018-12-01,4.948788235294118,3.7360202715638007,1.2127679637303173
rolling,1,ElasticNet,ToneMean,2019-01-01,5.096627272727273,3.6834577474241272,1.4131695253031453
rolling,1,ElasticNet,ToneMean,2019-02-01,5.116333333333333,3.6301534010958667,1.4861799322374667
rolling,1,ElasticNet,ToneMean,2019-03-01,5.169666666666667,3.934435008502637,1.2352316581640301
rolling,1,ElasticNet,ToneMean,2019-04-01,5.220527777777778,3.954216192142248,1.2663115856355298
rolling,1,ElasticNet,ToneMean,2019-05-01,5.035757142857143,4.028950365599228,1.006806777257915
rolling,1,ElasticNet,ToneMean,2019-06-01,4.934044444444444,4.175749064911816,0.7582953795326279
rolling,1,ElasticNet,ToneMean,2019-07-01,4.7935,4.061597418930982,0.7319025810690176
rolling,1,ElasticNet,ToneMean,2019-08-01,4.410036842105264,5.094128540534911,-0.684091698429647
rolling,1,ElasticNet,ToneMean,2019-09-01,4.32444761904762,4.0077647234223654,0.316682895625255
rolling,1,ElasticNet,ToneMean,2019-10-01,4.088347826086957,3.0035115277411024,1.0848362983458544
rolling,1,ElasticNet,ToneMean,2019-11-01,4.01318,2.9791609944743622,1.034019005525638
rolling,1,ElasticNet,ToneMean,2019-12-01,3.979216666666667,3.2753436123433666,0.7038730543233003
rolling,1,Lasso,NEG,2016-01-01,2.52504,1.9840053595884597,0.5410346404115405
rolling,1,Lasso,NEG,2016-02-01,2.5197684210526314,2.041610071474662,0.4781583495779693
rolling,1,Lasso,NEG,2016-03-01,2.528319047619048,2.360441804962764,0.16787724265628423
rolling,1,Lasso,NEG,2016-04-01,2.523847619047619,2.612953731290533,-0.0891061122429142
rolling,1,Lasso,NEG,2016-05-01,2.525338095238096,2.65357330758561,-0.1282352123475139
rolling,1,Lasso,NEG,2016-06-01,2.51565,2.9047544555214992,-0.3891044555214993
rolling,1,Lasso,NEG,2016-07-01,2.5214052631578947,2.6184896190142952,-0.09708435585640052
rolling,1,Lasso,NEG,2016-08-01,2.517215,2.8461946768810495,-0.32897967688104934
rolling,1,Lasso,NEG,2016-09-01,2.514826315789474,2.7878352474166417,-0.2730089316271678
rolling,1,Lasso,NEG,2016-10-01,2.5058625,2.384615934687196,0.12124656531280431
rolling,1,Lasso,NEG,2016-11-01,2.5015650000000003,2.3305744243946878,0.1709905756053125
rolling,1,Lasso,NEG,2016-12-01,2.518775,2.5043833668838347,0.014391633116165536
rolling,1,Lasso,NEG,2017-01-01,2.527788888888889,2.6708105719275457,-0.1430216830386568
rolling,1,Lasso,NEG,2017-02-01,2.51759375,2.365176720651845,0.15241702934815526
rolling,1,Lasso,NEG,2017-03-01,2.535536363636364,2.26160111805253,0.273935245583834
rolling,1,Lasso,NEG,2017-04-01,2.5772411764705883,2.1850014039842103,0.392239772486378
rolling,1,Lasso,NEG,2017-05-01,2.57815,1.7997182777597085,0.7784317222402914
rolling,1,Lasso,NEG,2017-06-01,2.5543,1.987260161861609,0.567039838138391
rolling,1,Lasso,NEG,2017-07-01,2.5655,1.8601590474389766,0.7053409525610235
rolling,1,Lasso,NEG,2017-08-01,2.553335294117648,1.5639998108068158,0.9893354833108323
rolling,1,Lasso,NEG,2017-09-01,2.5712,2.0958164432476933,0.4753835567523068
rolling,1,Lasso,NEG,2017-10-01,2.65784,2.2712565908847315,0.3865834091152687
rolling,1,Lasso,NEG,2017-11-01,2.69046,2.8216835323682474,-0.13122353236824758
rolling,1,Lasso,NEG,2017-12-01,3.0855473684210524,3.03305099521384,0.05249637320721234
rolling,1,Lasso,NEG,2018-01-01,3.0982380952380955,3.11917695561252,-0.020938860374424717
rolling,1,Lasso,NEG,2018-02-01,3.075673684210526,2.8357563203764684,0.2399173638340577
rolling,1,Lasso,NEG,2018-03-01,3.065655,2.999383708320008,0.06627129167999213
rolling,1,Lasso,NEG,2018-04-01,3.15159,2.8441458937736472,0.3074441062263529
rolling,1,Lasso,NEG,2018-05-01,3.30657619047619,3.0196864645044927,0.2868897259716974
rolling,1,Lasso,NEG,2018-06-01,3.4621947368421053,2.711333987290425,0.7508607495516801
rolling,1,Lasso,NEG,2018-07-01,3.6392136363636367,2.992322235696819,0.6468914006668176
rolling,1,Lasso,NEG,2018-08-01,3.934538095238095,3.286966637753019,0.6475714574850762
rolling,1,Lasso,NEG,2018-09-01,4.20315,3.186426175304023,1.016723824695977
rolling,1,Lasso,NEG,2018-10-01,4.641321739130435,3.5413220302535624,1.0999997088768723
rolling,1,Lasso,NEG,2018-11-01,4.782921052631579,3.753795937822034,1.029125114809545
rolling,1,Lasso,NEG,2018-12-01,4.948788235294118,3.674696295987207,1.2740919393069108
rolling,1,Lasso,NEG,2019-01-01,5.096627272727273,3.7609556130267006,1.335671659700572
rolling,1,Lasso,NEG,2019-02-01,5.116333333333333,3.7449673777089005,1.3713659556244329
rolling,1,Lasso,NEG,2019-03-01,5.169666666666667,3.7809766193295054,1.3886900473371617
rolling,1,Lasso,NEG,2019-04-01,5.220527777777778,3.7071050037519644,1.5134227740258135
rolling,1,Lasso,NEG,2019-05-01,5.035757142857143,3.914725377774764,1.1210317650823791
rolling,1,Lasso,NEG,2019-06-01,4.934044444444444,4.2021656350996786,0.7318788093447655
rolling,1,Lasso,NEG,2019-07-01,4.7935,4.058980040363349,0.7345199596366507
rolling,1,Lasso,NEG,2019-08-01,4.410036842105264,5.170636219725633,-0.7605993776203697
rolling,1,Lasso,NEG,2019-09-01,4.32444761904762,3.826798215317714,0.4976494037299064
rolling,1,Lasso,NEG,2019-10-01,4.088347826086957,2.9310365307835204,1.1573112953034363
rolling,1,Lasso,NEG,2019-11-01,4.01318,2.995740896060678,1.017439103939322
rolling,1,Lasso,NEG,2019-12-01,3.979216666666667,3.2662727693919797,0.7129438972746871
rolling,1,Lasso,None,2016-01-01,2.52504,1.9798085976743525,0.5452314023256477
rolling,1,Lasso,None,2016-02-01,2.5197684210526314,2.043211648431669,0.4765567726209623
rolling,1,Lasso,None,2016-03-01,2.528319047619048,2.3564814951747723,0.17183755244427568
rolling,1,Lasso,None,2016-04-01,2.523847619047619,2.616573185503125,-0.09272556645550623
rolling,1,Lasso,None,2016-05-01,2.525338095238096,2.6607270754688406,-0.13538898023074442
rolling,1,Lasso,None,2016-06-01,2.51565,2.909639538863105,-0.39398953886310517
rolling,1,Lasso,None,2016-07-01,2.5214052631578947,2.614462873565319,-0.09305761040742411
rolling,1,Lasso,None,2016-08-01,2.517215,2.827254984786601,-0.3100399847866009
rolling,1,Lasso,None,2016-09-01,2.514826315789474,2.7515195528867564,-0.23669323709728252
rolling,1,Lasso,None,2016-10-01,2.5058625,2.337578400140692,0.16828409985930826
rolling,1,Lasso,None,2016-11-01,2.5015650000000003,2.3117349312807396,0.18983006871926067
rolling,1,Lasso,None,2016-12-01,2.518775,2.5872398013819775,-0.0684648013819773
rolling,1,Lasso,None,2017-01-01,2.527788888888889,2.6184200204926453,-0.09063113160375647
rolling,1,Lasso,None,2017-02-01,2.51759375,2.3249747503423723,0.19261899965762774
rolling,1,Lasso,None,2017-03-01,2.535536363636364,2.2769796098309176,0.2585567538054465
rolling,1,Lasso,None,2017-04-01,2.5772411764705883,2.220455459274979,0.3567857171956095
rolling,1,Lasso,None,2017-05-01,2.57815,1.8257562768018991,0.7523937231981008
rolling,1,Lasso,None,2017-06-01,2.5543,2.000896589526588,0.553403410473412
rolling,1,Lasso,None,2017-07-01,2.5655,1.8747489198611245,0.6907510801388757
rolling,1,Lasso,None,2017-08-01,2.553335294117648,1.5640532659711242,0.989282028146524
rolling,1,Lasso,None,2017-09-01,2.5712,2.095815536480478,0.47538446351952235
rolling,1,Lasso,None,2017-10-01,2.65784,2.271256949596556,0.386583050403444
rolling,1,Lasso,None,2017-11-01,2.69046,2.821683567801278,-0.1312235678012783
rolling,1,Lasso,None,2017-12-01,3.0855473684210524,3.0330509786259436,0.05249638979510873
rolling,1,Lasso,None,2018-01-01,3.0982380952380955,3.146923049241182,-0.04868495400308648
rolling,1,Lasso,None,2018-02-01,3.075673684210526,2.8704384488500985,0.20523523536042765
rolling,1,Lasso,None,2018-03-01,3.065655,3.0023210559290234,0.06333394407097659
rolling,1,Lasso,None,2018-04-01,3.15159,2.870526865868605,0.28106313413139494
rolling,1,Lasso,None,2018-05-01,3.30657619047619,3.0192463107713063,0.2873298797048838
rolling,1,Lasso,None,2018-06-01,3.4621947368421053,2.779216893213065,0.6829778436290401
rolling,1,Lasso,None,2018-07-01,3.6392136363636367,2.9806849357485374,0.6585287006150993
rolling,1,Lasso,None,2018-08-01,3.934538095238095,3.2337406936235693,0.7007974016145258
rolling,1,Lasso,None,2018-09-01,4.20315,3.168178128551723,1.0349718714482767
rolling,1,Lasso,None,2018-10-01,4.641321739130435,3.5408939901158445,1.1004277490145902
rolling,1,Lasso,None,2018-11-01,4.782921052631579,3.751976381510714,1.030944671120865
rolling,1,Lasso,None,2018-12-01,4.948788235294118,3.674696295987207,1.2740919393069108
rolling,1,Lasso,None,2019-01-01,5.096627272727273,3.7659477171252522,1.3306795556020203
rolling,1,Lasso,None,2019-02-01,5.116333333333333,3.7449424112217775,1.3713909221115559
rolling,1,Lasso,None,2019-03-01,5.169666666666667,3.7759514094622655,1.3937152572044016
rolling,1,Lasso,None,2019-04-01,5.220527777777778,3.683743105572633,1.5367846722051448
rolling,1,Lasso,None,2019-05-01,5.035757142857143,3.9270288159264766,1.1087283269306667
rolling,1,Lasso,None,2019-06-01,4.934044444444444,4.206187695170042,0.7278567492744017
rolling,1,Lasso,None,2019-07-01,4.7935,4.058926476473344,0.734573523526656
rolling,1,Lasso,None,2019-08-01,4.410036842105264,5.170660368688807,-0.7606235265835437
rolling,1,Lasso,None,2019-09-01,4.32444761904762,3.796106803326713,0.5283408157209073
rolling,1,Lasso,None,2019-10-01,4.088347826086957,2.9237831380633326,1.1645646880236242
rolling,1,Lasso,None,2019-11-01,4.01318,2.980953813885024,1.0322261861149764
rolling,1,Lasso,None,2019-12-01,3.979216666666667,3.1782441696706334,0.8009724969960335
rolling,1,Lasso,POSNEG,2016-01-01,2.52504,1.984005339848318,0.5410346601516822
rolling,1,Lasso,POSNEG,2016-02-01,2.5197684210526314,2.0416102504410314,0.47815817061160004
rolling,1,Lasso,POSNEG,2016-03-01,2.528319047619048,2.3604423696666985,0.1678766779523495
rolling,1,Lasso,POSNEG,2016-04-01,2.523847619047619,2.6129533455421003,-0.08910572649448145
rolling,1,Lasso,POSNEG,2016-05-01,2.525338095238096,2.653571430293475,-0.12823333505537882
rolling,1,Lasso,POSNEG,2016-06-01,2.51565,2.904754391058766,-0.38910439105876593
rolling,1,Lasso,POSNEG,2016-07-01,2.5214052631578947,2.6179658570552347,-0.09656059389733995
rolling,1,Lasso,POSNEG,2016-08-01,2.517215,2.8600979558549144,-0.34288295585491424
rolling,1,Lasso,POSNEG,2016-09-01,2.514826315789474,2.789507048490447,-0.27468073270097326
rolling,1,Lasso,POSNEG,2016-10-01,2.5058625,2.3846171878006843,0.12124531219931578
rolling,1,Lasso,POSNEG,2016-11-01,2.5015650000000003,2.3305847794703394,0.1709802205296609
rolling,1,Lasso,POSNEG,2016-12-01,2.518775,2.504383463253115,0.014391536746885425
rolling,1,Lasso,POSNEG,2017-01-01,2.527788888888889,2.6708155794062476,-0.14302669051735872
rolling,1,Lasso,POSNEG,2017-02-01,2.51759375,2.365174488925385,0.1524192610746149
rolling,1,Lasso,POSNEG,2017-03-01,2.535536363636364,2.261593481527936,0.273942882108428
rolling,1,Lasso,POSNEG,2017-04-01,2.5772411764705883,2.185004540771377,0.3922366356992111
rolling,1,Lasso,POSNEG,2017-05-01,2.57815,1.799720180291421,0.778429819708579
rolling,1,Lasso,POSNEG,2017-06-01,2.5543,1.9872624749812389,0.5670375250187611
rolling,1,Lasso,POSNEG,2017-07-01,2.5655,1.860161181517929,0.705338818482071
rolling,1,Lasso,POSNEG,2017-08-01,2.553335294117648,1.5639963567903645,0.9893389373272836
rolling,1,Lasso,POSNEG,2017-09-01,2.5712,2.0952624833003917,0.4759375166996085
rolling,1,Lasso,POSNEG,2017-10-01,2.65784,2.271257084557103,0.38658291544289725
rolling,1,Lasso,POSNEG,2017-11-01,2.69046,2.8497206333738467,-0.15926063337384688
rolling,1,Lasso,POSNEG,2017-12-01,3.0855473684210524,3.0330507272044835,0.05249664121656883
rolling,1,Lasso,POSNEG,2018-01-01,3.0982380952380955,3.1046991787086045,-0.006461083470508999
rolling,1,Lasso,POSNEG,2018-02-01,3.075673684210526,2.752949975218494,0.32272370899203207
rolling,1,Lasso,POSNEG,2018-03-01,3.065655,3.0002786524967107,0.06537634750328936
rolling,1,Lasso,POSNEG,2018-04-01,3.15159,2.810618424761852,0.3409715752381479
rolling,1,Lasso,POSNEG,2018-05-01,3.30657619047619,3.0205847086810182,0.28599148179517186
rolling,1,Lasso,POSNEG,2018-06-01,3.4621947368421053,2.7088502803933174,0.7533444564487879
rolling,1,Lasso,POSNEG,2018-07-01,3.6392136363636367,2.969470770427856,0.6697428659357807
rolling,1,Lasso,POSNEG,2018-08-01,3.934538095238095,3.2790056514420147,0.6555324437960803
rolling,1,Lasso,POSNEG,2018-09-01,4.20315,3.186426175304023,1.016723824695977
rolling,1,Lasso,POSNEG,2018-10-01,4.641321739130435,3.583697789111968,1.0576239500184665
rolling,1,Lasso,POSNEG,2018-11-01,4.782921052631579,3.8559232484643546,0.9269978041672244
rolling,1,Lasso,POSNEG,2018-12-01,4.948788235294118,3.7427835315955953,1.2060047036985226
rolling,1,Lasso,POSNEG,2019-01-01,5.096627272727273,3.7515325575152834,1.3450947152119892
rolling,1,Lasso,POSNEG,2019-02-01,5.116333333333333,3.2433754569143556,1.8729578764189778
rolling,1,Lasso,POSNEG,2019-03-01,5.169666666666667,3.9034042651163343,1.2662624015503328
rolling,1,Lasso,POSNEG,2019-04-01,5.220527777777778,3.8787874682638717,1.3417403095139062
rolling,1,Lasso,POSNEG,2019-05-01,5.035757142857143,4.070976476682882,0.9647806661742608
rolling,1,Lasso,POSNEG,2019-06-01,4.934044444444444,4.191900204272982,0.742144240171462
rolling,1,Lasso,POSNEG,2019-07-01,4.7935,4.0183061418478445,0.7751938581521554
rolling,1,Lasso,POSNEG,2019-08-01,4.410036842105264,5.160348188759921,-0.7503113466546578
rolling,1,Lasso,POSNEG,2019-09-01,4.32444761904762,3.951884137932507,0.3725634811151135
rolling,1,Lasso,POSNEG,2019-10-01,4.088347826086957,2.9710520888976695,1.1172957371892873
rolling,1,Lasso,POSNEG,2019-11-01,4.01318,2.986943627401627,1.026236372598373
rolling,1,Lasso,POSNEG,2019-12-01,3.979216666666667,3.2929301842613556,0.6862864824053112
rolling,1,Lasso,ToneMean,2016-01-01,2.52504,1.979808798014145,0.5452312019858552
rolling,1,Lasso,ToneMean,2016-02-01,2.5197684210526314,2.0432123634090753,0.47655605764355613
rolling,1,Lasso,ToneMean,2016-03-01,2.528319047619048,2.356480589353862,0.17183845826518596
rolling,1,Lasso,ToneMean,2016-04-01,2.523847619047619,2.6165700750384184,-0.09272245599079953
rolling,1,Lasso,ToneMean,2016-05-01,2.525338095238096,2.6607199238671564,-0.13538182862906023
rolling,1,Lasso,ToneMean,2016-06-01,2.51565,2.909640102709268,-0.39399010270926826
rolling,1,Lasso,ToneMean,2016-07-01,2.5214052631578947,2.614480993084917,-0.09307572992702218
rolling,1,Lasso,ToneMean,2016-08-01,2.517215,2.8268925841352432,-0.30967758413524304
rolling,1,Lasso,ToneMean,2016-09-01,2.514826315789474,2.7536194993091323,-0.2387931835196584
rolling,1,Lasso,ToneMean,2016-10-01,2.5058625,2.3388699280261145,0.16699257197388562
rolling,1,Lasso,ToneMean,2016-11-01,2.5015650000000003,2.316200989252792,0.18536401074720832
rolling,1,Lasso,ToneMean,2016-12-01,2.518775,2.568777998489029,-0.050002998489028894
rolling,1,Lasso,ToneMean,2017-01-01,2.527788888888889,2.620897558813069,-0.0931086699241801
rolling,1,Lasso,ToneMean,2017-02-01,2.51759375,2.323880365861201,0.19371338413879924
rolling,1,Lasso,ToneMean,2017-03-01,2.535536363636364,2.267120149318763,0.2684162143176012
rolling,1,Lasso,ToneMean,2017-04-01,2.5772411764705883,2.2133728802894455,0.3638682961811428
rolling,1,Lasso,ToneMean,2017-05-01,2.57815,1.816777703947118,0.7613722960528819
rolling,1,Lasso,ToneMean,2017-06-01,2.5543,1.9989020306748686,0.5553979693251314
rolling,1,Lasso,ToneMean,2017-07-01,2.5655,1.8737635497014462,0.6917364502985539
rolling,1,Lasso,ToneMean,2017-08-01,2.553335294117648,1.5640596966464038,0.9892755974712444
rolling,1,Lasso,ToneMean,2017-09-01,2.5712,2.0960007995962524,0.47519920040374775
rolling,1,Lasso,ToneMean,2017-10-01,2.65784,2.273415083115502,0.3844249168844982
rolling,1,Lasso,ToneMean,2017-11-01,2.69046,2.847935613456247,-0.15747561345624694
rolling,1,Lasso,ToneMean,2017-12-01,3.0855473684210524,3.0330509786259436,0.05249638979510873
rolling,1,Lasso,ToneMean,2018-01-01,3.0982380952380955,3.1068318239675543,-0.00859372872945885
rolling,1,Lasso,ToneMean,2018-02-01,3.075673684210526,2.75155430866043,0.32411937555009596
rolling,1,Lasso,ToneMean,2018-03-01,3.065655,2.9973310716666406,0.06832392833335943
rolling,1,Lasso,ToneMean,2018-04-01,3.15159,2.800021962157719,0.3515680378422812
rolling,1,Lasso,ToneMean,2018-05-01,3.30657619047619,3.0230657169938637,0.2835104734823264
rolling,1,Lasso,ToneMean,2018-06-01,3.4621947368421053,2.717109742689578,0.7450849941525273
rolling,1,Lasso,ToneMean,2018-07-01,3.6392136363636367,2.9764398771260323,0.6627737592376044
rolling,1,Lasso,ToneMean,2018-08-01,3.934538095238095,3.2523062262569384,0.6822318689811566
rolling,1,Lasso,ToneMean,2018-09-01,4.20315,3.1713431945069788,1.0318068054930212
rolling,1,Lasso,ToneMean,2018-10-01,4.641321739130435,3.5408939901158445,1.1004277490145902
rolling,1,Lasso,ToneMean,2018-11-01,4.782921052631579,3.801387041013987,0.9815340116175921
rolling,1,Lasso,ToneMean,2018-12-01,4.948788235294118,3.7249978685213367,1.2237903667727812
rolling,1,Lasso,ToneMean,2019-01-01,5.096627272727273,3.674724049923423,1.4219032228038495
rolling,1,Lasso,ToneMean,2019-02-01,5.116333333333333,3.61845771985967,1.4978756134736635
rolling,1,Lasso,ToneMean,2019-03-01,5.169666666666667,3.9043025686002997,1.2653640980663674
rolling,1,Lasso,ToneMean,2019-04-01,5.220527777777778,3.921037607854744,1.299490169923034
rolling,1,Lasso,ToneMean,2019-05-01,5.035757142857143,4.001508390603131,1.0342487522540127
rolling,1,Lasso,ToneMean,2019-06-01,4.934044444444444,4.157061008965293,0.7769834354791509
rolling,1,Lasso,ToneMean,2019-07-01,4.7935,4.045175387610531,0.7483246123894691
rolling,1,Lasso,ToneMean,2019-08-01,4.410036842105264,5.091663233255476,-0.6816263911502123
rolling,1,Lasso,ToneMean,2019-09-01,4.32444761904762,3.990783088429003,0.3336645306186172
rolling,1,Lasso,ToneMean,2019-10-01,4.088347826086957,2.9947188133851763,1.0936290127017805
rolling,1,Lasso,ToneMean,2019-11-01,4.01318,2.974098341845334,1.0390816581546662
rolling,1,Lasso,ToneMean,2019-12-01,3.979216666666667,3.269724910817961,0.7094917558487057
rolling,1,OLS,NEG,2016-01-01,2.52504,1.9864605564988507,0.5385794435011495
rolling,1,OLS,NEG,2016-02-01,2.5197684210526314,2.0565575987630136,0.46321082228961785
rolling,1,OLS,NEG,2016-03-01,2.528319047619048,2.37900776710509,0.1493112805139578
rolling,1,OLS,NEG,2016-04-01,2.523847619047619,2.6561192201024286,-0.13227160105480973
rolling,1,OLS,NEG,2016-05-01,2.525338095238096,2.718621113973193,-0.19328301873509668
rolling,1,OLS,NEG,2016-06-01,2.51565,3.011714882006152,-0.4960648820061522
rolling,1,OLS,NEG,2016-07-01,2.5214052631578947,2.6421829371104764,-0.12077767395258165
rolling,1,OLS,NEG,2016-08-01,2.517215,2.8244558730135827,-0.3072408730135825
rolling,1,OLS,NEG,2016-09-01,2.514826315789474,2.7674454277927625,-0.25261911200328857
rolling,1,OLS,NEG,2016-10-01,2.5058625,2.354362251931467,0.15150024806853324
rolling,1,OLS,NEG,2016-11-01,2.5015650000000003,2.2683270875018335,0.23323791249816672
rolling,1,OLS,NEG,2016-12-01,2.518775,2.492334448290496,0.026440551709504323
rolling,1,OLS,NEG,2017-01-01,2.527788888888889,2.686917511590134,-0.15912862270124517
rolling,1,OLS,NEG,2017-02-01,2.51759375,2.3863888734630425,0.13120487653695756
rolling,1,OLS,NEG,2017-03-01,2.535536363636364,2.295133372338763,0.24040299129760134
rolling,1,OLS,NEG,2017-04-01,2.5772411764705883,2.209636140829759,0.36760503564082914
rolling,1,OLS,NEG,2017-05-01,2.57815,1.7136257631329352,0.8645242368670647
rolling,1,OLS,NEG,2017-06-01,2.5543,1.9435413880829588,0.6107586119170412
rolling,1,OLS,NEG,2017-07-01,2.5655,1.7515587982989589,0.8139412017010412
rolling,1,OLS,NEG,2017-08-01,2.553335294117648,1.4243906023986135,1.1289446917190347
rolling,1,OLS,NEG,2017-09-01,2.5712,2.0712152386101357,0.4999847613898645
rolling,1,OLS,NEG,2017-10-01,2.65784,2.2551115537766604,0.4027284462233398
rolling,1,OLS,NEG,2017-11-01,2.69046,2.906933017581691,-0.21647301758169135
rolling,1,OLS,NEG,2017-12-01,3.0855473684210524,3.1053431279674717,-0.019795759546419323
rolling,1,OLS,NEG,2018-01-01,3.0982380952380955,3.1941142215791665,-0.09587612634107101
rolling,1,OLS,NEG,2018-02-01,3.075673684210526,2.872934387239025,0.20273929697150095
rolling,1,OLS,NEG,2018-03-01,3.065655,3.0333511346776296,0.032303865322370395
rolling,1,OLS,NEG,2018-04-01,3.15159,2.878159330684027,0.27343066931597315
rolling,1,OLS,NEG,2018-05-01,3.30657619047619,3.1194081246029612,0.18716806587322887
rolling,1,OLS,NEG,2018-06-01,3.4621947368421053,2.768915614416235,0.6932791224258703
rolling,1,OLS,NEG,2018-07-01,3.6392136363636367,3.1109713549122406,0.5282422814513961
rolling,1,OLS,NEG,2018-08-01,3.934538095238095,3.418147108321846,0.5163909869162491
rolling,1,OLS,NEG,2018-09-01,4.20315,3.262712259542362,0.9404377404576381
rolling,1,OLS,NEG,2018-10-01,4.641321739130435,3.618057531098185,1.0232642080322498
rolling,1,OLS,NEG,2018-11-01,4.782921052631579,3.80867261943201,0.9742484331995689
rolling,1,OLS,NEG,2018-12-01,4.948788235294118,3.7105512664372857,1.2382369688568322
rolling,1,OLS,NEG,2019-01-01,5.096627272727273,3.7897669568989074,1.3068603158283651
rolling,1,OLS,NEG,2019-02-01,5.116333333333333,3.8116741298142505,1.304659203519083
rolling,1,OLS,NEG,2019-03-01,5.169666666666667,3.845183069738013,1.324483596928654
rolling,1,OLS,NEG,2019-04-01,5.220527777777778,3.7857265111507927,1.4348012666269852
rolling,1,OLS,NEG,2019-05-01,5.035757142857143,3.984888251770597,1.0508688910865462
rolling,1,OLS,NEG,2019-06-01,4.934044444444444,4.259635544041353,0.6744089004030913
rolling,1,OLS,NEG,2019-07-01,4.7935,4.107773073900839,0.6857269260991607
rolling,1,OLS,NEG,2019-08-01,4.410036842105264,5.239793128866458,-0.8297562867611941
rolling,1,OLS,NEG,2019-09-01,4.32444761904762,3.8539379103838427,0.4705097086637777
rolling,1,OLS,NEG,2019-10-01,4.088347826086957,2.930667062866028,1.1576807632209287
rolling,1,OLS,NEG,2019-11-01,4.01318,3.000628499663785,1.0125515003362153
rolling,1,OLS,NEG,2019-12-01,3.979216666666667,3.2710839643553915,0.7081327023112753
rolling,1,OLS,None,2016-01-01,2.52504,1.975098084435932,0.5499419155640681
rolling,1,OLS,None,2016-02-01,2.5197684210526314,2.062242390380021,0.45752603067261033
rolling,1,OLS,None,2016-03-01,2.528319047619048,2.3718739213817948,0.15644512623725326
rolling,1,OLS,None,2016-04-01,2.523847619047619,2.666649834415841,-0.14280221536822202
rolling,1,OLS,None,2016-05-01,2.525338095238096,2.737801733399968,-0.21246363816187186
rolling,1,OLS,None,2016-06-01,2.51565,3.027498868254699,-0.5118488682546989
rolling,1,OLS,None,2016-07-01,2.5214052631578947,2.637253014040688,-0.11584775088279331
rolling,1,OLS,None,2016-08-01,2.517215,2.8031666744005754,-0.28595167440057523
rolling,1,OLS,None,2016-09-01,2.514826315789474,2.7259739219949197,-0.21114760620544581
rolling,1,OLS,None,2016-10-01,2.5058625,2.29938339724778,0.20647910275221992
rolling,1,OLS,None,2016-11-01,2.5015650000000003,2.246508658391973,0.25505634160802737
rolling,1,OLS,None,2016-12-01,2.518775,2.5936327244824695,-0.0748577244824693
rolling,1,OLS,None,2017-01-01,2.527788888888889,2.617949013065622,-0.09016012417673336
rolling,1,OLS,None,2017-02-01,2.51759375,2.3328099616496,0.1847837883504
rolling,1,OLS,None,2017-03-01,2.535536363636364,2.3153205959454555,0.22021576769090867
rolling,1,OLS,None,2017-04-01,2.5772411764705883,2.2572257473734227,0.3200154290971655
rolling,1,OLS,None,2017-05-01,2.57815,1.7512280382808627,0.8269219617191372
rolling,1,OLS,None,2017-06-01,2.5543,1.9658569233952847,0.5884430766047153
rolling,1,OLS,None,2017-07-01,2.5655,1.7800624697537315,0.7854375302462686
rolling,1,OLS,None,2017-08-01,2.553335294117648,1.428645882974386,1.1246894111432622
rolling,1,OLS,None,2017-09-01,2.5712,2.0758228746866747,0.49537712531332545
rolling,1,OLS,None,2017-10-01,2.65784,2.2539826223221078,0.4038573776778924
rolling,1,OLS,None,2017-11-01,2.69046,2.9002443957257227,-0.20978439572572283
rolling,1,OLS,None,2017-12-01,3.0855473684210524,3.1069972199132394,-0.021449851492187033
rolling,1,OLS,None,2018-01-01,3.0982380952380955,3.2326778591255456,-0.13443976388745016
rolling,1,OLS,None,2018-02-01,3.075673684210526,2.91514419577863,0.16052948843189618
rolling,1,OLS,None,2018-03-01,3.065655,3.0347675536566996,0.03088744634330043
rolling,1,OLS,None,2018-04-01,3.15159,2.906774658180212,0.24481534181978803
rolling,1,OLS,None,2018-05-01,3.30657619047619,3.107528944843158,0.19904724563303233
rolling,1,OLS,None,2018-06-01,3.4621947368421053,2.837127499955731,0.6250672368863741
rolling,1,OLS,None,2018-07-01,3.6392136363636367,3.0969824792762206,0.5422311570874161
rolling,1,OLS,None,2018-08-01,3.934538095238095,3.342477525266149,0.5920605699719461
rolling,1,OLS,None,2018-09-01,4.20315,3.231909946691533,0.9712400533084669
rolling,1,OLS,None,2018-10-01,4.641321739130435,3.6174891094749326,1.023832629655502
rolling,1,OLS,None,2018-11-01,4.782921052631579,3.805478958213034,0.9774420944185449
rolling,1,OLS,None,2018-12-01,4.948788235294118,3.7110179661571774,1.2377702691369405
rolling,1,OLS,None,2019-01-01,5.096627272727273,3.8128231880994052,1.2838040846278673
rolling,1,OLS,None,2019-02-01,5.116333333333333,3.8058568714141163,1.310476461919217
rolling,1,OLS,None,2019-03-01,5.169666666666667,3.8410213524408974,1.3286453142257697
rolling,1,OLS,None,2019-04-01,5.220527777777778,3.7616060389334636,1.4589217388443143
rolling,1,OLS,None,2019-05-01,5.035757142857143,3.9995921301163726,1.0361650127407707
rolling,1,OLS,None,2019-06-01,4.934044444444444,4.26719028569854,0.6668541587459043
rolling,1,OLS,None,2019-07-01,4.7935,4.106469573605872,0.687030426394128
rolling,1,OLS,None,2019-08-01,4.410036842105264,5.250347828335638,-0.8403109862303744
rolling,1,OLS,None,2019-09-01,4.32444761904762,3.8147730143987353,0.5096746046488851
rolling,1,OLS,None,2019-10-01,4.088347826086957,2.91996483520519,1.1683829908817667
rolling,1,OLS,None,2019-11-01,4.01318,2.979324996210064,1.0338550037899363
rolling,1,OLS,None,2019-12-01,3.979216666666667,3.173259527156559,0.8059571395101077
rolling,1,OLS,POSNEG,2016-01-01,2.52504,1.96192989508704,0.5631101049129601
rolling,1,OLS,POSNEG,2016-02-01,2.5197684210526314,2.054688443115756,0.4650799779368753
rolling,1,OLS,POSNEG,2016-03-01,2.528319047619048,2.3786278635903746,0.14969118402867343
rolling,1,OLS,POSNEG,2016-04-01,2.523847619047619,2.655192033665025,-0.1313444146174061
rolling,1,OLS,POSNEG,2016-05-01,2.525338095238096,2.7244831580567967,-0.1991450628187006
rolling,1,OLS,POSNEG,2016-06-01,2.51565,3.0033362064206788,-0.48768620642067884
rolling,1,OLS,POSNEG,2016-07-01,2.5214052631578947,2.6354191378047336,-0.11401387464683888
rolling,1,OLS,POSNEG,2016-08-01,2.517215,2.872264201247147,-0.3550492012471467
rolling,1,OLS,POSNEG,2016-09-01,2.514826315789474,2.7869213926956564,-0.2720950769061825
rolling,1,OLS,POSNEG,2016-10-01,2.5058625,2.3842951407897868,0.12156735921021333
rolling,1,OLS,POSNEG,2016-11-01,2.5015650000000003,2.2710568843905303,0.23050811560946993
rolling,1,OLS,POSNEG,2016-12-01,2.518775,2.483995463474415,0.034779536525585186
rolling,1,OLS,POSNEG,2017-01-01,2.527788888888889,2.7125649793957716,-0.1847760905068827
rolling,1,OLS,POSNEG,2017-02-01,2.51759375,2.3962814991360215,0.12131225086397857
rolling,1,OLS,POSNEG,2017-03-01,2.535536363636364,2.299358599088092,0.23617776454827233
rolling,1,OLS,POSNEG,2017-04-01,2.5772411764705883,2.210161333869638,0.3670798426009503
rolling,1,OLS,POSNEG,2017-05-01,2.57815,1.7096361549249297,0.8685138450750702
rolling,1,OLS,POSNEG,2017-06-01,2.5543,1.942881844056706,0.6114181559432941
rolling,1,OLS,POSNEG,2017-07-01,2.5655,1.7541589434106826,0.8113410565893175
rolling,1,OLS,POSNEG,2017-08-01,2.553335294117648,1.4304323291875476,1.1229029649301006
rolling,1,OLS,POSNEG,2017-09-01,2.5712,2.0428960383408596,0.5283039616591405
rolling,1,OLS,POSNEG,2017-10-01,2.65784,2.272620551322748,0.385219448677252
rolling,1,OLS,POSNEG,2017-11-01,2.69046,2.951707972373721,-0.2612479723737211
rolling,1,OLS,POSNEG,2017-12-01,3.0855473684210524,3.1055019416540484,-0.019954573232995987
rolling,1,OLS,POSNEG,2018-01-01,3.0982380952380955,3.167034197770948,-0.06879610253285273
rolling,1,OLS,POSNEG,2018-02-01,3.075673684210526,2.785097157106274,0.29057652710425197
rolling,1,OLS,POSNEG,2018-03-01,3.065655,3.0430038044186927,0.02265119558130735
rolling,1,OLS,POSNEG,2018-04-01,3.15159,2.836710587113463,0.3148794128865373
rolling,1,OLS,POSNEG,2018-05-01,3.30657619047619,3.1301447445312367,0.1764314459449534
rolling,1,OLS,POSNEG,2018-06-01,3.4621947368421053,2.773621805071637,0.6885729317704685
rolling,1,OLS,POSNEG,2018-07-01,3.6392136363636367,3.080313619250678,0.5589000171129586
rolling,1,OLS,POSNEG,2018-08-01,3.934538095238095,3.4036638008777462,0.5308742943603488
rolling,1,OLS,POSNEG,2018-09-01,4.20315,3.2624848414778045,0.9406651585221955
rolling,1,OLS,POSNEG,2018-10-01,4.641321739130435,3.6897077548906,0.9516139842398346
rolling,1,OLS,POSNEG,2018-11-01,4.782921052631579,3.9271974520000006,0.8557236006315785
rolling,1,OLS,POSNEG,2018-12-01,4.948788235294118,3.7882691872880976,1.1605190480060203
rolling,1,OLS,POSNEG,2019-01-01,5.096627272727273,3.8299599124755446,1.266667360251728
rolling,1,OLS,POSNEG,2019-02-01,5.116333333333333,3.2360564628833615,1.880276870449972
rolling,1,OLS,POSNEG,2019-03-01,5.169666666666667,3.988812832965409,1.1808538337012582
rolling,1,OLS,POSNEG,2019-04-01,5.220527777777778,3.9648769968608795,1.2556507809168984
rolling,1,OLS,POSNEG,2019-05-01,5.035757142857143,4.149258106402855,0.8864990364542882
rolling,1,OLS,POSNEG,2019-06-01,4.934044444444444,4.259180773469818,0.6748636709746263
rolling,1,OLS,POSNEG,2019-07-01,4.7935,4.059350231356183,0.7341497686438165
rolling,1,OLS,POSNEG,2019-08-01,4.410036842105264,5.270028705809923,-0.8599918637046597
rolling,1,OLS,POSNEG,2019-09-01,4.32444761904762,3.9882551569380285,0.33619246210959197
rolling,1,OLS,POSNEG,2019-10-01,4.088347826086957,2.972955479322813,1.115392346764144
rolling,1,OLS,POSNEG,2019-11-01,4.01318,2.9911163662124225,1.0220636337875777
rolling,1,OLS,POSNEG,2019-12-01,3.979216666666667,3.299927932738799,0.6792887339278679
rolling,1,OLS,ToneMean,2016-01-01,2.52504,1.9553988917546101,0.56964110824539
rolling,1,OLS,ToneMean,2016-02-01,2.5197684210526314,2.0538054846811127,0.46596293637151875
rolling,1,OLS,ToneMean,2016-03-01,2.528319047619048,2.3746696359127726,0.15364941170627544
rolling,1,OLS,ToneMean,2016-04-01,2.523847619047619,2.6635719713306845,-0.13972435228306557
rolling,1,OLS,ToneMean,2016-05-01,2.525338095238096,2.7266109397095577,-0.20127284447146154
rolling,1,OLS,ToneMean,2016-06-01,2.51565,3.0279981373785194,-0.5123481373785195
rolling,1,OLS,ToneMean,2016-07-01,2.5214052631578947,2.6397564304921364,-0.11835116733424167
rolling,1,OLS,ToneMean,2016-08-01,2.517215,2.8004916559207103,-0.28327665592071005
rolling,1,OLS,ToneMean,2016-09-01,2.514826315789474,2.7321205909880537,-0.2172942751985798
rolling,1,OLS,ToneMean,2016-10-01,2.5058625,2.3032493588884995,0.20261314111150064
rolling,1,OLS,ToneMean,2016-11-01,2.5015650000000003,2.254549763372042,0.24701523662795832
rolling,1,OLS,ToneMean,2016-12-01,2.518775,2.5572947748003836,-0.03851977480038338
rolling,1,OLS,ToneMean,2017-01-01,2.527788888888889,2.6242389875899135,-0.09645009870102461
rolling,1,OLS,ToneMean,2017-02-01,2.51759375,2.330852208824082,0.1867415411759179
rolling,1,OLS,ToneMean,2017-03-01,2.535536363636364,2.297465334747924,0.23807102888844023
rolling,1,OLS,ToneMean,2017-04-01,2.5772411764705883,2.243303985898124,0.3339371905724642
rolling,1,OLS,ToneMean,2017-05-01,2.57815,1.731128827943547,0.8470211720564529
rolling,1,OLS,ToneMean,2017-06-01,2.5543,1.9573173980266283,0.5969826019733717
rolling,1,OLS,ToneMean,2017-07-01,2.5655,1.7588661617319827,0.8066338382680174
rolling,1,OLS,ToneMean,2017-08-01,2.553335294117648,1.4290020938045562,1.124333200313092
rolling,1,OLS,ToneMean,2017-09-01,2.5712,2.0836955163487247,0.4875044836512754
rolling,1,OLS,ToneMean,2017-10-01,2.65784,2.2722062924570468,0.38563370754295345
rolling,1,OLS,ToneMean,2017-11-01,2.69046,2.9452287214213824,-0.2547687214213825
rolling,1,OLS,ToneMean,2017-12-01,3.0855473684210524,3.107831871129778,-0.02228450270872573
rolling,1,OLS,ToneMean,2018-01-01,3.0982380952380955,3.1728626739470154,-0.07462457870891992
rolling,1,OLS,ToneMean,2018-02-01,3.075673684210526,2.786811244920893,0.28886243928963307
rolling,1,OLS,ToneMean,2018-03-01,3.065655,3.0398079842813863,0.025847015718613697
rolling,1,OLS,ToneMean,2018-04-01,3.15159,2.8347987840130298,0.31679121598697035
rolling,1,OLS,ToneMean,2018-05-01,3.30657619047619,3.139541687953164,0.16703450252302598
rolling,1,OLS,ToneMean,2018-06-01,3.4621947368421053,2.7864884697810695,0.6757062670610359
rolling,1,OLS,ToneMean,2018-07-01,3.6392136363636367,3.0854041721101533,0.5538094642534834
rolling,1,OLS,ToneMean,2018-08-01,3.934538095238095,3.368759908353089,0.565778186885006
rolling,1,OLS,ToneMean,2018-09-01,4.20315,3.2424148385378926,0.9607351614621074
rolling,1,OLS,ToneMean,2018-10-01,4.641321739130435,3.6241894937844554,1.0171322453459792
rolling,1,OLS,ToneMean,2018-11-01,4.782921052631579,3.8711940789823487,0.9117269736492304
rolling,1,OLS,ToneMean,2018-12-01,4.948788235294118,3.7712524315297746,1.1775358037643433
rolling,1,OLS,ToneMean,2019-01-01,5.096627272727273,3.720194918633271,1.3764323540940016
rolling,1,OLS,ToneMean,2019-02-01,5.116333333333333,3.6631390252816276,1.4531943080517058
rolling,1,OLS,ToneMean,2019-03-01,5.169666666666667,3.987965954069553,1.181700712597114
rolling,1,OLS,ToneMean,2019-04-01,5.220527777777778,3.996842277115845,1.223685500661933
rolling,1,OLS,ToneMean,2019-05-01,5.035757142857143,4.077027290657984,0.9587298521991592
rolling,1,OLS,ToneMean,2019-06-01,4.934044444444444,4.2163300269617405,0.7177144174827035
rolling,1,OLS,ToneMean,2019-07-01,4.7935,4.092037903051378,0.7014620969486218
rolling,1,OLS,ToneMean,2019-08-01,4.410036842105264,5.148933034533618,-0.7388961924283546
rolling,1,OLS,ToneMean,2019-09-01,4.32444761904762,4.02337515326456,0.30107246578306057
rolling,1,OLS,ToneMean,2019-10-01,4.088347826086957,2.998251255557319,1.0900965705296377
rolling,1,OLS,ToneMean,2019-11-01,4.01318,2.976164390330128,1.0370156096698722
rolling,1,OLS,ToneMean,2019-12-01,3.979216666666667,3.27062102648679,0.708595640179877
rolling,1,Ridge,NEG,2016-01-01,2.52504,1.9921501876982772,0.5328898123017229
rolling,1,Ridge,NEG,2016-02-01,2.5197684210526314,2.0549855836105992,0.4647828374420322
rolling,1,Ridge,NEG,2016-03-01,2.528319047619048,2.380956674783627,0.14736237283542097
rolling,1,Ridge,NEG,2016-04-01,2.523847619047619,2.643574373366538,-0.11972675431891933
rolling,1,Ridge,NEG,2016-05-01,2.525338095238096,2.697697198386685,-0.17235910314858893
rolling,1,Ridge,NEG,2016-06-01,2.51565,2.972988395832868,-0.45733839583286784
rolling,1,Ridge,NEG,2016-07-01,2.5214052631578947,2.6522114652823876,-0.1308062021244929
rolling,1,Ridge,NEG,2016-08-01,2.517215,2.848313666180292,-0.3310986661802917
rolling,1,Ridge,NEG,2016-09-01,2.514826315789474,2.789707142937186,-0.2748808271477121
rolling,1,Ridge,NEG,2016-10-01,2.5058625,2.381062963438648,0.12479953656135212
rolling,1,Ridge,NEG,2016-11-01,2.5015650000000003,2.2987791775839126,0.20278582241608767
rolling,1,Ridge,NEG,2016-12-01,2.518775,2.514198305688117,0.004576694311883234
rolling,1,Ridge,NEG,2017-01-01,2.527788888888889,2.701328582799999,-0.17353969391111024
rolling,1,Ridge,NEG,2017-02-01,2.51759375,2.3753585514882323,0.1422351985117678
rolling,1,Ridge,NEG,2017-03-01,2.535536363636364,2.289359145787703,0.2461772178486612
rolling,1,Ridge,NEG,2017-04-01,2.5772411764705883,2.199808426750602,0.3774327497199863
rolling,1,Ridge,NEG,2017-05-01,2.57815,1.744319498645562,0.833830501354438
rolling,1,Ridge,NEG,2017-06-01,2.5543,1.9619968819584517,0.5923031180415483
rolling,1,Ridge,NEG,2017-07-01,2.5655,1.7980145264385334,0.7674854735614667
rolling,1,Ridge,NEG,2017-08-01,2.553335294117648,1.4797338836001017,1.0736014105175464
rolling,1,Ridge,NEG,2017-09-01,2.5712,2.0820131274025124,0.4891868725974877
rolling,1,Ridge,NEG,2017-10-01,2.65784,2.2682419734335273,0.3895980265664729
rolling,1,Ridge,NEG,2017-11-01,2.69046,2.8848230849590477,-0.19436308495904786
rolling,1,Ridge,NEG,2017-12-01,3.0855473684210524,3.0834025693071605,0.002144799113891871
rolling,1,Ridge,NEG,2018-01-01,3.0982380952380955,3.175531512474082,-0.0772934172359867
rolling,1,Ridge,NEG,2018-02-01,3.075673684210526,2.869226447872652,0.20644723633787398
rolling,1,Ridge,NEG,2018-03-01,3.065655,3.025249168067444,0.04040583193255598
rolling,1,Ridge,NEG,2018-04-01,3.15159,2.8721489438108896,0.2794410561891105
rolling,1,Ridge,NEG,2018-05-01,3.30657619047619,3.103648310135289,0.20292788034090092
rolling,1,Ridge,NEG,2018-06-01,3.4621947368421053,2.763180428603816,0.6990143082382891
rolling,1,Ridge,NEG,2018-07-01,3.6392136363636367,3.089718955045263,0.5494946813183739
rolling,1,Ridge,NEG,2018-08-01,3.934538095238095,3.387170707810001,0.547367387428094
rolling,1,Ridge,NEG,2018-09-01,4.20315,3.2390295141081173,0.9641204858918826
rolling,1,Ridge,NEG,2018-10-01,4.641321739130435,3.5877672891472248,1.05355444998321
rolling,1,Ridge,NEG,2018-11-01,4.782921052631579,3.779747706797375,1.0031733458342043
rolling,1,Ridge,NEG,2018-12-01,4.948788235294118,3.680814695051144,1.267973540242974
rolling,1,Ridge,NEG,2019-01-01,5.096627272727273,3.7477379984189954,1.3488892743082772
rolling,1,Ridge,NEG,2019-02-01,5.116333333333333,3.7846799429003974,1.331653390432936
rolling,1,Ridge,NEG,2019-03-01,5.169666666666667,3.8121706835782057,1.3574959830884614
rolling,1,Ridge,NEG,2019-04-01,5.220527777777778,3.7658814368757536,1.4546463409020243
rolling,1,Ridge,NEG,2019-05-01,5.035757142857143,3.9543181243317083,1.081439018525435
rolling,1,Ridge,NEG,2019-06-01,4.934044444444444,4.2272879769411755,0.7067564675032685
rolling,1,Ridge,NEG,2019-07-01,4.7935,4.088247661781627,0.7052523382183731
rolling,1,Ridge,NEG,2019-08-01,4.410036842105264,5.161225118624401,-0.7511882765191373
rolling,1,Ridge,NEG,2019-09-01,4.32444761904762,3.8487434004583188,0.4757042185893017
rolling,1,Ridge,NEG,2019-10-01,4.088347826086957,2.9473873221391886,1.1409605039477682
rolling,1,Ridge,NEG,2019-11-01,4.01318,3.0125418881235033,1.0006381118764969
rolling,1,Ridge,NEG,2019-12-01,3.979216666666667,3.2832631076464365,0.6959535590202304
rolling,1,Ridge,None,2016-01-01,2.52504,1.9810684137193793,0.5439715862806209
rolling,1,Ridge,None,2016-02-01,2.5197684210526314,2.0605649309116987,0.45920349014093276
rolling,1,Ridge,None,2016-03-01,2.528319047619048,2.373358835315525,0.1549602123035232
rolling,1,Ridge,None,2016-04-01,2.523847619047619,2.6542426868081908,-0.13039506776057186
rolling,1,Ridge,None,2016-05-01,2.525338095238096,2.717938385332621,-0.19260029009452495
rolling,1,Ridge,None,2016-06-01,2.51565,2.9888972550449853,-0.4732472550449853
rolling,1,Ridge,None,2016-07-01,2.5214052631578947,2.6472301250657098,-0.12582486190781506
rolling,1,Ridge,None,2016-08-01,2.517215,2.8267577719005814,-0.3095427719005812
rolling,1,Ridge,None,2016-09-01,2.514826315789474,2.747420142196555,-0.23259382640708104
rolling,1,Ridge,None,2016-10-01,2.5058625,2.325148439479918,0.18071406052008232
rolling,1,Ridge,None,2016-11-01,2.5015650000000003,2.277027064559441,0.22453793544055944
rolling,1,Ridge,None,2016-12-01,2.518775,2.612609828137346,-0.093834828137346
rolling,1,Ridge,None,2017-01-01,2.527788888888889,2.634117622436403,-0.10632873354751426
rolling,1,Ridge,None,2017-02-01,2.51759375,2.3231905048622634,0.19440324513773666
rolling,1,Ridge,None,2017-03-01,2.535536363636364,2.308530022799376,0.22700634083698823
rolling,1,Ridge,None,2017-04-01,2.5772411764705883,2.2452100267368196,0.3320311497337687
rolling,1,Ridge,None,2017-05-01,2.57815,1.7807748156094907,0.7973751843905093
rolling,1,Ridge,None,2017-06-01,2.5543,1.9838716330081332,0.5704283669918668
rolling,1,Ridge,None,2017-07-01,2.5655,1.8252230903768742,0.7402769096231259
rolling,1,Ridge,None,2017-08-01,2.553335294117648,1.4840270002443545,1.0693082938732936
rolling,1,Ridge,None,2017-09-01,2.5712,2.086829571159753,0.48437042884024706
rolling,1,Ridge,None,2017-10-01,2.65784,2.2672727580972474,0.3905672419027528
rolling,1,Ridge,None,2017-11-01,2.69046,2.87840503929083,-0.18794503929083017
rolling,1,Ridge,None,2017-12-01,3.0855473684210524,3.0851368040382074,0.0004105643828449246
rolling,1,Ridge,None,2018-01-01,3.0982380952380955,3.21370044818542,-0.11546235294732465
rolling,1,Ridge,None,2018-02-01,3.075673684210526,2.9109406942349016,0.16473298997562447
rolling,1,Ridge,None,2018-03-01,3.065655,3.026877937690986,0.03877706230901401
rolling,1,Ridge,None,2018-04-01,3.15159,2.901029662287273,0.25056033771272723
rolling,1,Ridge,None,2018-05-01,3.30657619047619,3.09284815430678,0.21372803616941027
rolling,1,Ridge,None,2018-06-01,3.4621947368421053,2.830595694499439,0.6315990423426663
rolling,1,Ridge,None,2018-07-01,3.6392136363636367,3.07771322382505,0.5615004125385865
rolling,1,Ridge,None,2018-08-01,3.934538095238095,3.3163238022225565,0.6182142930155385
rolling,1,Ridge,None,2018-09-01,4.20315,3.210074606458851,0.9930753935411492
rolling,1,Ridge,None,2018-10-01,4.641321739130435,3.5881630406465006,1.053158698483934
rolling,1,Ridge,None,2018-11-01,4.782921052631579,3.7771916650304576,1.0057293876011215
rolling,1,Ridge,None,2018-12-01,4.948788235294118,3.680464015343488,1.26832421995063
rolling,1,Ridge,None,2019-01-01,5.096627272727273,3.772649561044572,1.3239777116827005
rolling,1,Ridge,None,2019-02-01,5.116333333333333,3.7776149637945062,1.3387183695388272
rolling,1,Ridge,None,2019-03-01,5.169666666666667,3.8079761333148716,1.3616905333517955
rolling,1,Ridge,None,2019-04-01,5.220527777777778,3.740457558774902,1.4800702190028758
rolling,1,Ridge,None,2019-05-01,5.035757142857143,3.969315930231446,1.0664412126256972
rolling,1,Ridge,None,2019-06-01,4.934044444444444,4.237188610386253,0.6968558340581907
rolling,1,Ridge,None,2019-07-01,4.7935,4.08570087989691,0.7077991201030898
rolling,1,Ridge,None,2019-08-01,4.410036842105264,5.186147866402337,-0.776111024297073
rolling,1,Ridge,None,2019-09-01,4.32444761904762,3.8051766244384466,0.5192709946091738
rolling,1,Ridge,None,2019-10-01,4.088347826086957,2.9356260724536893,1.1527217536332675
rolling,1,Ridge,None,2019-11-01,4.01318,2.989774365861959,1.023405634138041
rolling,1,Ridge,None,2019-12-01,3.979216666666667,3.180566424304372,0.798650242362295
rolling,1,Ridge,POSNEG,2016-01-01,2.52504,1.977896658527878,0.5471433414721221
rolling,1,Ridge,POSNEG,2016-02-01,2.5197684210526314,2.0552805616263625,0.4644878594262689
rolling,1,Ridge,POSNEG,2016-03-01,2.528319047619048,2.3825402138327854,0.14577883378626266
rolling,1,Ridge,POSNEG,2016-04-01,2.523847619047619,2.641430273806566,-0.11758265475894714
rolling,1,Ridge,POSNEG,2016-05-01,2.525338095238096,2.7082269716371097,-0.18288887639901352
rolling,1,Ridge,POSNEG,2016-06-01,2.51565,2.96168331083623,-0.44603331083623
rolling,1,Ridge,POSNEG,2016-07-01,2.5214052631578947,2.6453807904996003,-0.12397552734170558
rolling,1,Ridge,POSNEG,2016-08-01,2.517215,2.895171897976569,-0.37795689797656884
rolling,1,Ridge,POSNEG,2016-09-01,2.514826315789474,2.808515602982533,-0.2936892871930592
rolling,1,Ridge,POSNEG,2016-10-01,2.5058625,2.408993663190725,0.09686883680927494
rolling,1,Ridge,POSNEG,2016-11-01,2.5015650000000003,2.3016149996903206,0.1999500003096797
rolling,1,Ridge,POSNEG,2016-12-01,2.518775,2.5076344306470353,0.011140569352964924
rolling,1,Ridge,POSNEG,2017-01-01,2.527788888888889,2.7242924531504724,-0.19650356426158355
rolling,1,Ridge,POSNEG,2017-02-01,2.51759375,2.3807973567354095,0.1367963932645906
rolling,1,Ridge,POSNEG,2017-03-01,2.535536363636364,2.2925632020075857,0.24297316162877847
rolling,1,Ridge,POSNEG,2017-04-01,2.5772411764705883,2.2002646149808913,0.37697656148969694
rolling,1,Ridge,POSNEG,2017-05-01,2.57815,1.7411863624934307,0.8369636375065692
rolling,1,Ridge,POSNEG,2017-06-01,2.5543,1.9616004248565013,0.5926995751434987
rolling,1,Ridge,POSNEG,2017-07-01,2.5655,1.7997697628145604,0.7657302371854398
rolling,1,Ridge,POSNEG,2017-08-01,2.553335294117648,1.4852260416349696,1.0681092524826785
rolling,1,Ridge,POSNEG,2017-09-01,2.5712,2.056366842503314,0.5148331574966862
rolling,1,Ridge,POSNEG,2017-10-01,2.65784,2.2846994065629502,0.37314059343704997
rolling,1,Ridge,POSNEG,2017-11-01,2.69046,2.9266700005906405,-0.23621000059064068
rolling,1,Ridge,POSNEG,2017-12-01,3.0855473684210524,3.0835178888279797,0.0020294795930726472
rolling,1,Ridge,POSNEG,2018-01-01,3.0982380952380955,3.1481170442873023,-0.04987894904920687
rolling,1,Ridge,POSNEG,2018-02-01,3.075673684210526,2.7817635724289653,0.2939101117815608
rolling,1,Ridge,POSNEG,2018-03-01,3.065655,3.034161546659394,0.03149345334060616
rolling,1,Ridge,POSNEG,2018-04-01,3.15159,2.830533942573824,0.32105605742617627
rolling,1,Ridge,POSNEG,2018-05-01,3.30657619047619,3.11412335814762,0.1924528323285699
rolling,1,Ridge,POSNEG,2018-06-01,3.4621947368421053,2.767396718230064,0.6947980186120413
rolling,1,Ridge,POSNEG,2018-07-01,3.6392136363636367,3.0606835271355326,0.5785301092281041
rolling,1,Ridge,POSNEG,2018-08-01,3.934538095238095,3.3736282369462662,0.5609098582918288
rolling,1,Ridge,POSNEG,2018-09-01,4.20315,3.2387823085818,0.9643676914181998
rolling,1,Ridge,POSNEG,2018-10-01,4.641321739130435,3.6572549245814416,0.984066814548993
rolling,1,Ridge,POSNEG,2018-11-01,4.782921052631579,3.8976593747768,0.8852616778547793
rolling,1,Ridge,POSNEG,2018-12-01,4.948788235294118,3.7601063626548967,1.1886818726392212
rolling,1,Ridge,POSNEG,2019-01-01,5.096627272727273,3.78983633102954,1.3067909416977326
rolling,1,Ridge,POSNEG,2019-02-01,5.116333333333333,3.211112501392482,1.9052208319408512
rolling,1,Ridge,POSNEG,2019-03-01,5.169666666666667,3.9559524548094176,1.2137142118572495
rolling,1,Ridge,POSNEG,2019-04-01,5.220527777777778,3.945980486797695,1.2745472909800828
rolling,1,Ridge,POSNEG,2019-05-01,5.035757142857143,4.118519209266352,0.9172379335907914
rolling,1,Ridge,POSNEG,2019-06-01,4.934044444444444,4.226836592365691,0.7072078520787528
rolling,1,Ridge,POSNEG,2019-07-01,4.7935,4.038794086006415,0.7547059139935852
rolling,1,Ridge,POSNEG,2019-08-01,4.410036842105264,5.195017518826925,-0.7849806767216618
rolling,1,Ridge,POSNEG,2019-09-01,4.32444761904762,3.989491673990913,0.33495594505670745
rolling,1,Ridge,POSNEG,2019-10-01,4.088347826086957,2.992466221925969,1.0958816041609878
rolling,1,Ridge,POSNEG,2019-11-01,4.01318,3.0027420496266584,1.0104379503733418
rolling,1,Ridge,POSNEG,2019-12-01,3.979216666666667,3.3161227097250734,0.6630939569415935
rolling,1,Ridge,ToneMean,2016-01-01,2.52504,1.9647417606023634,0.5602982393976368
rolling,1,Ridge,ToneMean,2016-02-01,2.5197684210526314,2.0541903775000065,0.4655780435526249
rolling,1,Ridge,ToneMean,2016-03-01,2.528319047619048,2.375563179335175,0.15275586828387322
rolling,1,Ridge,ToneMean,2016-04-01,2.523847619047619,2.652100576855596,-0.12825295780797719
rolling,1,Ridge,ToneMean,2016-05-01,2.525338095238096,2.7096111145551918,-0.1842730193170956
rolling,1,Ridge,ToneMean,2016-06-01,2.51565,2.989468240023228,-0.47381824002322803
rolling,1,Ridge,ToneMean,2016-07-01,2.5214052631578947,2.6494008823648123,-0.1279956192069176
rolling,1,Ridge,ToneMean,2016-08-01,2.517215,2.8240595128323127,-0.3068445128323125
rolling,1,Ridge,ToneMean,2016-09-01,2.514826315789474,2.7532695365850537,-0.23844322079557978
rolling,1,Ridge,ToneMean,2016-10-01,2.5058625,2.3288129556922676,0.17704954430773245
rolling,1,Ridge,ToneMean,2016-11-01,2.5015650000000003,2.284692631644239,0.2168723683557614
rolling,1,Ridge,ToneMean,2016-12-01,2.518775,2.577640226311953,-0.05886522631195268
rolling,1,Ridge,ToneMean,2017-01-01,2.527788888888889,2.6399296879064704,-0.11214079901758156
rolling,1,Ridge,ToneMean,2017-02-01,2.51759375,2.321685350507657,0.19590839949234296
rolling,1,Ridge,ToneMean,2017-03-01,2.535536363636364,2.291657671764821,0.2438786918715432
rolling,1,Ridge,ToneMean,2017-04-01,2.5772411764705883,2.2321948336958437,0.34504634277474455
rolling,1,Ridge,ToneMean,2017-05-01,2.57815,1.7615908242789637,0.8165591757210362
rolling,1,Ridge,ToneMean,2017-06-01,2.5543,1.9755592747730966,0.5787407252269035
rolling,1,Ridge,ToneMean,2017-07-01,2.5655,1.8049432525597227,0.7605567474402775
rolling,1,Ridge,ToneMean,2017-08-01,2.553335294117648,1.4841675679907165,1.0691677261269317
rolling,1,Ridge,ToneMean,2017-09-01,2.5712,2.0944617202573728,0.4767382797426274
rolling,1,Ridge,ToneMean,2017-10-01,2.65784,2.284517276641628,0.37332272335837224
rolling,1,Ridge,ToneMean,2017-11-01,2.69046,2.9211171957051394,-0.23065719570513954
rolling,1,Ridge,ToneMean,2017-12-01,3.0855473684210524,3.085849338790665,-0.00030197036961254753
rolling,1,Ridge,ToneMean,2018-01-01,3.0982380952380955,3.1540549037719736,-0.05581680853387816
rolling,1,Ridge,ToneMean,2018-02-01,3.075673684210526,2.783262771267396,0.29241091294313026
rolling,1,Ridge,ToneMean,2018-03-01,3.065655,3.0310143158097245,0.03464068419027555
rolling,1,Ridge,ToneMean,2018-04-01,3.15159,2.828644430685337,0.32294556931466323
rolling,1,Ridge,ToneMean,2018-05-01,3.30657619047619,3.12277112735564,0.18380506312055012
rolling,1,Ridge,ToneMean,2018-06-01,3.4621947368421053,2.7793721256590236,0.6828226111830817
rolling,1,Ridge,ToneMean,2018-07-01,3.6392136363636367,3.065672782367061,0.5735408539965756
rolling,1,Ridge,ToneMean,2018-08-01,3.934538095238095,3.34122404863174,0.5933140466063551
rolling,1,Ridge,ToneMean,2018-09-01,4.20315,3.2198259361568553,0.9833240638431446
rolling,1,Ridge,ToneMean,2018-10-01,4.641321739130435,3.5949973729327587,1.046324366197676
rolling,1,Ridge,ToneMean,2018-11-01,4.782921052631579,3.844703331043541,0.9382177215880381
rolling,1,Ridge,ToneMean,2018-12-01,4.948788235294118,3.7423889595502073,1.2063992757439106
rolling,1,Ridge,ToneMean,2019-01-01,5.096627272727273,3.6821407563979545,1.414486516329318
rolling,1,Ridge,ToneMean,2019-02-01,5.116333333333333,3.6334199970869485,1.4829133362463849
rolling,1,Ridge,ToneMean,2019-03-01,5.169666666666667,3.954707362662623,1.214959304004044
rolling,1,Ridge,ToneMean,2019-04-01,5.220527777777778,3.977878432274033,1.2426493455037448
rolling,1,Ridge,ToneMean,2019-05-01,5.035757142857143,4.0478634895230705,0.9878936533340728
rolling,1,Ridge,ToneMean,2019-06-01,4.934044444444444,4.185715258024572,0.7483291864198724
rolling,1,Ridge,ToneMean,2019-07-01,4.7935,4.07231699511688,0.7211830048831196
rolling,1,Ridge,ToneMean,2019-08-01,4.410036842105264,5.086902493211008,-0.6768656511057447
rolling,1,Ridge,ToneMean,2019-09-01,4.32444761904762,4.025424755444911,0.29902286360270924
rolling,1,Ridge,ToneMean,2019-10-01,4.088347826086957,3.0183302537536902,1.0700175723332666
rolling,1,Ridge,ToneMean,2019-11-01,4.01318,2.987405496586556,1.025774503413444
rolling,1,Ridge,ToneMean,2019-12-01,3.979216666666667,3.2850759933401026,0.6941406733265643
rolling,1,SVR,NEG,2016-01-01,2.52504,2.41688452761913,0.10815547238086998
rolling,1,SVR,NEG,2016-02-01,2.5197684210526314,2.4886596698103554,0.031108751242276078
rolling,1,SVR,NEG,2016-03-01,2.528319047619048,2.505081138452966,0.023237909166081927
rolling,1,SVR,NEG,2016-04-01,2.523847619047619,2.589284291973079,-0.06543667292546029
rolling,1,SVR,NEG,2016-05-01,2.525338095238096,3.0853621444706123,-0.5600240492325161
rolling,1,SVR,NEG,2016-06-01,2.51565,2.800720028736496,-0.285070028736496
rolling,1,SVR,NEG,2016-07-01,2.5214052631578947,2.551227499353942,-0.029822236196047403
rolling,1,SVR,NEG,2016-08-01,2.517215,2.7344105577141167,-0.21719555771411647
rolling,1,SVR,NEG,2016-09-01,2.514826315789474,2.7107497508782914,-0.1959234350888175
rolling,1,SVR,NEG,2016-10-01,2.5058625,2.628889386299541,-0.12302688629954073
rolling,1,SVR,NEG,2016-11-01,2.5015650000000003,2.171047166612005,0.33051783338799545
rolling,1,SVR,NEG,2016-12-01,2.518775,2.85964238181725,-0.3408673818172496
rolling,1,SVR,NEG,2017-01-01,2.527788888888889,2.7835285138092414,-0.2557396249203525
rolling,1,SVR,NEG,2017-02-01,2.51759375,2.731757598376711,-0.21416384837671076
rolling,1,SVR,NEG,2017-03-01,2.535536363636364,2.0209731742993293,0.5145631893370348
rolling,1,SVR,NEG,2017-04-01,2.5772411764705883,2.7017303303542968,-0.12448915388370851
rolling,1,SVR,NEG,2017-05-01,2.57815,2.1524699540571426,0.42568004594285735
rolling,1,SVR,NEG,2017-06-01,2.5543,2.559207694228015,-0.004907694228014847
rolling,1,SVR,NEG,2017-07-01,2.5655,2.341852522338907,0.22364747766109305
rolling,1,SVR,NEG,2017-08-01,2.553335294117648,2.492633381921306,0.060701912196342356
rolling,1,SVR,NEG,2017-09-01,2.5712,2.781147503290128,-0.2099475032901279
rolling,1,SVR,NEG,2017-10-01,2.65784,2.5407050506657054,0.1171349493342948
rolling,1,SVR,NEG,2017-11-01,2.69046,2.9025349507485747,-0.21207495074857485
rolling,1,SVR,NEG,2017-12-01,3.0855473684210524,2.89300624112699,0.19254112729406225
rolling,1,SVR,NEG,2018-01-01,3.0982380952380955,3.075033708255425,0.023204386982670577
rolling,1,SVR,NEG,2018-02-01,3.075673684210526,2.8960186108342443,0.17965507337628184
rolling,1,SVR,NEG,2018-03-01,3.065655,2.92308388993158,0.14257111006841994
rolling,1,SVR,NEG,2018-04-01,3.15159,2.9486723192910476,0.20291768070895255
rolling,1,SVR,NEG,2018-05-01,3.30657619047619,2.762403244477191,0.5441729459989992
rolling,1,SVR,NEG,2018-06-01,3.4621947368421053,3.0801992453721403,0.38199549146996503
rolling,1,SVR,NEG,2018-07-01,3.6392136363636367,3.1335993616602265,0.5056142747034102
rolling,1,SVR,NEG,2018-08-01,3.934538095238095,3.304292548047628,0.6302455471904671
rolling,1,SVR,NEG,2018-09-01,4.20315,3.023945072271521,1.1792049277284788
rolling,1,SVR,NEG,2018-10-01,4.641321739130435,3.7302621859401035,0.9110595531903312
rolling,1,SVR,NEG,2018-11-01,4.782921052631579,4.024022310815786,0.7588987418157931
rolling,1,SVR,NEG,2018-12-01,4.948788235294118,3.717193861453117,1.2315943738410011
rolling,1,SVR,NEG,2019-01-01,5.096627272727273,3.0613480967478606,2.035279175979412
rolling,1,SVR,NEG,2019-02-01,5.116333333333333,3.247873547579168,1.8684597857541654
rolling,1,SVR,NEG,2019-03-01,5.169666666666667,3.432068825148784,1.737597841517883
rolling,1,SVR,NEG,2019-04-01,5.220527777777778,3.801728983500589,1.4187987942771887
rolling,1,SVR,NEG,2019-05-01,5.035757142857143,3.9786255810502125,1.0571315618069308
rolling,1,SVR,NEG,2019-06-01,4.934044444444444,4.315363400201486,0.6186810442429582
rolling,1,SVR,NEG,2019-07-01,4.7935,3.971653702256521,0.8218462977434791
rolling,1,SVR,NEG,2019-08-01,4.410036842105264,3.2426590967378988,1.1673777453673648
rolling,1,SVR,NEG,2019-09-01,4.32444761904762,4.221850977866273,0.10259664118134726
rolling,1,SVR,NEG,2019-10-01,4.088347826086957,3.367661761052828,0.7206860650341289
rolling,1,SVR,NEG,2019-11-01,4.01318,3.6252384476120083,0.3879415523879919
rolling,1,SVR,NEG,2019-12-01,3.979216666666667,3.8197840956682505,0.15943257099841635
rolling,1,SVR,None,2016-01-01,2.52504,2.4181355506726994,0.10690444932730081
rolling,1,SVR,None,2016-02-01,2.5197684210526314,2.5728172317685765,-0.05304881071594503
rolling,1,SVR,None,2016-03-01,2.528319047619048,2.6002503768984537,-0.07193132927940571
rolling,1,SVR,None,2016-04-01,2.523847619047619,2.644075888652403,-0.12022826960478428
rolling,1,SVR,None,2016-05-01,2.525338095238096,3.001746129908826,-0.47640803467073
rolling,1,SVR,None,2016-06-01,2.51565,2.792318383130346,-0.27666838313034603
rolling,1,SVR,None,2016-07-01,2.5214052631578947,2.625613196789301,-0.10420793363140612
rolling,1,SVR,None,2016-08-01,2.517215,2.898560038031964,-0.38134503803196385
rolling,1,SVR,None,2016-09-01,2.514826315789474,2.6182917508309123,-0.10346543504143835
rolling,1,SVR,None,2016-10-01,2.5058625,2.310285504223662,0.19557699577633825
rolling,1,SVR,None,2016-11-01,2.5015650000000003,2.2285404422560067,0.2730245577439936
rolling,1,SVR,None,2016-12-01,2.518775,2.4654125440274877,0.053362455972512546
rolling,1,SVR,None,2017-01-01,2.527788888888889,2.788307170367452,-0.26051828147856293
rolling,1,SVR,None,2017-02-01,2.51759375,2.5192832398157647,-0.0016894898157646665
rolling,1,SVR,None,2017-03-01,2.535536363636364,2.143597084052663,0.39193927958370134
rolling,1,SVR,None,2017-04-01,2.5772411764705883,2.6842855268994272,-0.10704435042883897
rolling,1,SVR,None,2017-05-01,2.57815,2.224097593530073,0.35405240646992686
rolling,1,SVR,None,2017-06-01,2.5543,2.5825600346046986,-0.028260034604698614
rolling,1,SVR,None,2017-07-01,2.5655,2.336667584801822,0.2288324151981782
rolling,1,SVR,None,2017-08-01,2.553335294117648,2.508217878125312,0.045117415992335985
rolling,1,SVR,None,2017-09-01,2.5712,2.738174239746738,-0.16697423974673775
rolling,1,SVR,None,2017-10-01,2.65784,2.612157816358347,0.04568218364165322
rolling,1,SVR,None,2017-11-01,2.69046,2.9467018310663624,-0.25624183106636256
rolling,1,SVR,None,2017-12-01,3.0855473684210524,3.0262037162569246,0.059343652164127736
rolling,1,SVR,None,2018-01-01,3.0982380952380955,3.0286611385544115,0.06957695668368391
rolling,1,SVR,None,2018-02-01,3.075673684210526,2.9493276136038666,0.12634607060665948
rolling,1,SVR,None,2018-03-01,3.065655,2.9673215235931822,0.09833347640681778
rolling,1,SVR,None,2018-04-01,3.15159,2.9101169395693667,0.24147306043063343
rolling,1,SVR,None,2018-05-01,3.30657619047619,2.737373118334294,0.5692030721418959
rolling,1,SVR,None,2018-06-01,3.4621947368421053,2.998138748330664,0.46405598851144125
rolling,1,SVR,None,2018-07-01,3.6392136363636367,3.060043821648404,0.5791698147152329
rolling,1,SVR,None,2018-08-01,3.934538095238095,3.462740261503892,0.47179783373420303
rolling,1,SVR,None,2018-09-01,4.20315,3.1876234196566946,1.0155265803433053
rolling,1,SVR,None,2018-10-01,4.641321739130435,3.815750503829343,0.8255712353010916
rolling,1,SVR,None,2018-11-01,4.782921052631579,4.1451463243223765,0.6377747283092026
rolling,1,SVR,None,2018-12-01,4.948788235294118,3.8403384072704636,1.1084498280236543
rolling,1,SVR,None,2019-01-01,5.096627272727273,2.8787128956341155,2.217914377093157
rolling,1,SVR,None,2019-02-01,5.116333333333333,3.340748999357859,1.7755843339754742
rolling,1,SVR,None,2019-03-01,5.169666666666667,3.4749340991396083,1.6947325675270588
rolling,1,SVR,None,2019-04-01,5.220527777777778,3.94005615444194,1.280471623335838
rolling,1,SVR,None,2019-05-01,5.035757142857143,4.152086575593193,0.88367056726395
rolling,1,SVR,None,2019-06-01,4.934044444444444,4.32508448768942,0.6089599567550241
rolling,1,SVR,None,2019-07-01,4.7935,4.036507490812686,0.756992509187314
rolling,1,SVR,None,2019-08-01,4.410036842105264,3.169963518974559,1.2400733231307046
rolling,1,SVR,None,2019-09-01,4.32444761904762,4.259782969960943,0.06466464908667735
rolling,1,SVR,None,2019-10-01,4.088347826086957,3.225685260784543,0.8626625653024136
rolling,1,SVR,None,2019-11-01,4.01318,3.5264099999532217,0.4867700000467785
rolling,1,SVR,None,2019-12-01,3.979216666666667,3.7718792557255343,0.20733741094113256
rolling,1,SVR,POSNEG,2016-01-01,2.52504,2.444452624870604,0.08058737512939596
rolling,1,SVR,POSNEG,2016-02-01,2.5197684210526314,2.3820984724130065,0.1376699486396249
rolling,1,SVR,POSNEG,2016-03-01,2.528319047619048,2.4687401360381362,0.059578911580911775
rolling,1,SVR,POSNEG,2016-04-01,2.523847619047619,2.6162264534593977,-0.09237883441177885
rolling,1,SVR,POSNEG,2016-05-01,2.525338095238096,3.1270847907974484,-0.6017466955593522
rolling,1,SVR,POSNEG,2016-06-01,2.51565,2.88029411229143,-0.3646441122914301
rolling,1,SVR,POSNEG,2016-07-01,2.5214052631578947,2.6162324522258844,-0.0948271890679897
rolling,1,SVR,POSNEG,2016-08-01,2.517215,2.790919954709267,-0.2737049547092667
rolling,1,SVR,POSNEG,2016-09-01,2.514826315789474,2.67841545433118,-0.1635891385417061
rolling,1,SVR,POSNEG,2016-10-01,2.5058625,2.512266157114217,-0.006403657114216976
rolling,1,SVR,POSNEG,2016-11-01,2.5015650000000003,2.1397392958489827,0.36182570415101756
rolling,1,SVR,POSNEG,2016-12-01,2.518775,2.8471038173309617,-0.32832881733096153
rolling,1,SVR,POSNEG,2017-01-01,2.527788888888889,2.7327332510136637,-0.20494436212477485
rolling,1,SVR,POSNEG,2017-02-01,2.51759375,2.6751164817683426,-0.15752273176834253
rolling,1,SVR,POSNEG,2017-03-01,2.535536363636364,2.0107059437356853,0.5248304199006788
rolling,1,SVR,POSNEG,2017-04-01,2.5772411764705883,2.6934445213876987,-0.11620334491711048
rolling,1,SVR,POSNEG,2017-05-01,2.57815,2.205493671076022,0.37265632892397793
rolling,1,SVR,POSNEG,2017-06-01,2.5543,2.5476799476507774,0.006620052349222583
rolling,1,SVR,POSNEG,2017-07-01,2.5655,2.4253733346772144,0.14012666532278573
rolling,1,SVR,POSNEG,2017-08-01,2.553335294117648,2.4589122421122136,0.09442305200543455
rolling,1,SVR,POSNEG,2017-09-01,2.5712,2.718378201102899,-0.14717820110289903
rolling,1,SVR,POSNEG,2017-10-01,2.65784,2.481139141198593,0.17670085880140718
rolling,1,SVR,POSNEG,2017-11-01,2.69046,2.9152102744295147,-0.2247502744295149
rolling,1,SVR,POSNEG,2017-12-01,3.0855473684210524,2.903439509884732,0.1821078585363205
rolling,1,SVR,POSNEG,2018-01-01,3.0982380952380955,2.931480095957413,0.16675799928068225
rolling,1,SVR,POSNEG,2018-02-01,3.075673684210526,2.8827155052376883,0.19295817897283785
rolling,1,SVR,POSNEG,2018-03-01,3.065655,2.8969908169756153,0.16866418302438468
rolling,1,SVR,POSNEG,2018-04-01,3.15159,2.9367722435241834,0.2148177564758167
rolling,1,SVR,POSNEG,2018-05-01,3.30657619047619,2.8618739947843848,0.44470219569180536
rolling,1,SVR,POSNEG,2018-06-01,3.4621947368421053,3.0578562375316327,0.4043384993104726
rolling,1,SVR,POSNEG,2018-07-01,3.6392136363636367,3.151912316630664,0.4873013197329725
rolling,1,SVR,POSNEG,2018-08-01,3.934538095238095,3.3016227995687784,0.6329152956693167
rolling,1,SVR,POSNEG,2018-09-01,4.20315,3.055904208451933,1.147245791548067
rolling,1,SVR,POSNEG,2018-10-01,4.641321739130435,3.404470057559159,1.2368516815712756
rolling,1,SVR,POSNEG,2018-11-01,4.782921052631579,3.9614727276260635,0.8214483250055156
rolling,1,SVR,POSNEG,2018-12-01,4.948788235294118,3.8014014066291724,1.1473868286649456
rolling,1,SVR,POSNEG,2019-01-01,5.096627272727273,3.0509000640420045,2.045727208685268
rolling,1,SVR,POSNEG,2019-02-01,5.116333333333333,2.6002967368549914,2.516036596478342
rolling,1,SVR,POSNEG,2019-03-01,5.169666666666667,3.3365737012625476,1.8330929654041195
rolling,1,SVR,POSNEG,2019-04-01,5.220527777777778,3.6927567675510358,1.527771010226742
rolling,1,SVR,POSNEG,2019-05-01,5.035757142857143,3.9690651528518766,1.0666919900052667
rolling,1,SVR,POSNEG,2019-06-01,4.934044444444444,4.092504668354412,0.8415397760900323
rolling,1,SVR,POSNEG,2019-07-01,4.7935,3.84801043145683,0.9454895685431697
rolling,1,SVR,POSNEG,2019-08-01,4.410036842105264,3.3004776785586096,1.109559163546654
rolling,1,SVR,POSNEG,2019-09-01,4.32444761904762,4.077755547277965,0.24669207176965546
rolling,1,SVR,POSNEG,2019-10-01,4.088347826086957,3.445563281405817,0.64278454468114
rolling,1,SVR,POSNEG,2019-11-01,4.01318,3.634780249442649,0.3783997505573513
rolling,1,SVR,POSNEG,2019-12-01,3.979216666666667,3.790287041416404,0.18892962525026302
rolling,1,SVR,ToneMean,2016-01-01,2.52504,2.4371644788191187,0.08787552118088149
rolling,1,SVR,ToneMean,2016-02-01,2.5197684210526314,2.4903914038041997,0.02937701724843178
rolling,1,SVR,ToneMean,2016-03-01,2.528319047619048,2.4922397960402565,0.03607925157879155
rolling,1,SVR,ToneMean,2016-04-01,2.523847619047619,2.614716743483383,-0.090869124435764
rolling,1,SVR,ToneMean,2016-05-01,2.525338095238096,3.1465262841757733,-0.6211881889376771
rolling,1,SVR,ToneMean,2016-06-01,2.51565,2.818214947350047,-0.30256494735004713
rolling,1,SVR,ToneMean,2016-07-01,2.5214052631578947,2.5465775877682377,-0.025172324610343022
rolling,1,SVR,ToneMean,2016-08-01,2.517215,2.834267554188418,-0.3170525541884177
rolling,1,SVR,ToneMean,2016-09-01,2.514826315789474,2.6191128396946626,-0.10428652390518867
rolling,1,SVR,ToneMean,2016-10-01,2.5058625,2.2573843031217034,0.24847819687829675
rolling,1,SVR,ToneMean,2016-11-01,2.5015650000000003,2.168029990406356,0.33353500959364446
rolling,1,SVR,ToneMean,2016-12-01,2.518775,2.664990275707826,-0.14621527570782566
rolling,1,SVR,ToneMean,2017-01-01,2.527788888888889,2.783325684411242,-0.2555367955223531
rolling,1,SVR,ToneMean,2017-02-01,2.51759375,2.54987816238145,-0.03228441238145008
rolling,1,SVR,ToneMean,2017-03-01,2.535536363636364,2.181378110720622,0.3541582529157421
rolling,1,SVR,ToneMean,2017-04-01,2.5772411764705883,2.708620193871597,-0.13137901740100855
rolling,1,SVR,ToneMean,2017-05-01,2.57815,2.21639980220846,0.36175019779153983
rolling,1,SVR,ToneMean,2017-06-01,2.5543,2.573353727565725,-0.019053727565724987
rolling,1,SVR,ToneMean,2017-07-01,2.5655,2.405255103127244,0.16024489687275612
rolling,1,SVR,ToneMean,2017-08-01,2.553335294117648,2.452003364868975,0.10133192924867318
rolling,1,SVR,ToneMean,2017-09-01,2.5712,2.7836131540641444,-0.2124131540641443
rolling,1,SVR,ToneMean,2017-10-01,2.65784,2.4950490085475607,0.16279099145243947
rolling,1,SVR,ToneMean,2017-11-01,2.69046,2.9766269565787273,-0.2861669565787275
rolling,1,SVR,ToneMean,2017-12-01,3.0855473684210524,2.907331386469722,0.17821598195133026
rolling,1,SVR,ToneMean,2018-01-01,3.0982380952380955,2.958729660762129,0.1395084344759665
rolling,1,SVR,ToneMean,2018-02-01,3.075673684210526,2.909754201531083,0.16591948267944323
rolling,1,SVR,ToneMean,2018-03-01,3.065655,2.9469706922251406,0.11868430777485939
rolling,1,SVR,ToneMean,2018-04-01,3.15159,2.935446728876606,0.21614327112339415
rolling,1,SVR,ToneMean,2018-05-01,3.30657619047619,2.850760070974457,0.45581611950173295
rolling,1,SVR,ToneMean,2018-06-01,3.4621947368421053,3.091234878733014,0.3709598581090914
rolling,1,SVR,ToneMean,2018-07-01,3.6392136363636367,3.1576042273353826,0.4816094090282541
rolling,1,SVR,ToneMean,2018-08-01,3.934538095238095,3.419900492562806,0.5146376026752892
rolling,1,SVR,ToneMean,2018-09-01,4.20315,3.093230203679687,1.109919796320313
rolling,1,SVR,ToneMean,2018-10-01,4.641321739130435,3.479443549299732,1.1618781898307025
rolling,1,SVR,ToneMean,2018-11-01,4.782921052631579,3.9534174001180418,0.8295036525135373
rolling,1,SVR,ToneMean,2018-12-01,4.948788235294118,3.8077211135979896,1.1410671216961283
rolling,1,SVR,ToneMean,2019-01-01,5.096627272727273,2.9283343477813397,2.168292924945933
rolling,1,SVR,ToneMean,2019-02-01,5.116333333333333,3.20943012756121,1.9069032057721236
rolling,1,SVR,ToneMean,2019-03-01,5.169666666666667,3.3641851045500477,1.8054815621166194
rolling,1,SVR,ToneMean,2019-04-01,5.220527777777778,3.747459574001187,1.4730682037765908
rolling,1,SVR,ToneMean,2019-05-01,5.035757142857143,4.011523159343558,1.024233983513585
rolling,1,SVR,ToneMean,2019-06-01,4.934044444444444,4.205717476666503,0.7283269677779414
rolling,1,SVR,ToneMean,2019-07-01,4.7935,4.102525429586083,0.6909745704139167
rolling,1,SVR,ToneMean,2019-08-01,4.410036842105264,3.3178974698251738,1.0921393722800898
rolling,1,SVR,ToneMean,2019-09-01,4.32444761904762,4.110197187645447,0.21425043140217337
rolling,1,SVR,ToneMean,2019-10-01,4.088347826086957,3.4260216787017166,0.6623261473852402
rolling,1,SVR,ToneMean,2019-11-01,4.01318,3.634052721617195,0.37912727838280524
rolling,1,SVR,ToneMean,2019-12-01,3.979216666666667,3.8165962748893616,0.16262039177730525
rolling,2,ElasticNet,NEG,2016-01-01,2.5197684210526314,1.9747648474976773,0.5450035735549541
rolling,2,ElasticNet,NEG,2016-02-01,2.528319047619048,2.0757517776626235,0.4525672699564245
rolling,2,ElasticNet,NEG,2016-03-01,2.523847619047619,2.4004375096009714,0.12341010944664754
rolling,2,ElasticNet,NEG,2016-04-01,2.525338095238096,2.630735046766297,-0.10539695152820094
rolling,2,ElasticNet,NEG,2016-05-01,2.51565,2.7381623743757877,-0.22251237437578775
rolling,2,ElasticNet,NEG,2016-06-01,2.5214052631578947,3.0085522073049047,-0.48714694414701
rolling,2,ElasticNet,NEG,2016-07-01,2.517215,2.651653479746137,-0.13443847974613687
rolling,2,ElasticNet,NEG,2016-08-01,2.514826315789474,2.836536642809821,-0.3217103270203472
rolling,2,ElasticNet,NEG,2016-09-01,2.5058625,2.7930787936895074,-0.2872162936895073
rolling,2,ElasticNet,NEG,2016-10-01,2.5015650000000003,2.404894144865458,0.09667085513454232
rolling,2,ElasticNet,NEG,2016-11-01,2.518775,2.35200662210361,0.16676837789639043
rolling,2,ElasticNet,NEG,2016-12-01,2.527788888888889,2.613357469906112,-0.08556858101722309
rolling,2,ElasticNet,NEG,2017-01-01,2.51759375,2.789942332237896,-0.2723485822378957
rolling,2,ElasticNet,NEG,2017-02-01,2.535536363636364,2.417800293526818,0.11773607010954601
rolling,2,ElasticNet,NEG,2017-03-01,2.5772411764705883,2.3390942347470354,0.23814694172355289
rolling,2,ElasticNet,NEG,2017-04-01,2.57815,2.278973949660861,0.29917605033913874
rolling,2,ElasticNet,NEG,2017-05-01,2.5543,1.7734759908133018,0.7808240091866983
rolling,2,ElasticNet,NEG,2017-06-01,2.5655,2.008918052823435,0.5565819471765652
rolling,2,ElasticNet,NEG,2017-07-01,2.553335294117648,1.8709340993405135,0.6824011947771347
rolling,2,ElasticNet,NEG,2017-08-01,2.5712,1.5643019922119863,1.0068980077880139
rolling,2,ElasticNet,NEG,2017-09-01,2.65784,2.1437613537964255,0.5140786462035747
rolling,2,ElasticNet,NEG,2017-10-01,2.69046,2.281284862371107,0.409175137628893
rolling,2,ElasticNet,NEG,2017-11-01,3.0855473684210524,2.8441103226622455,0.24143704575880687
rolling,2,ElasticNet,NEG,2017-12-01,3.0982380952380955,3.0353783886892325,0.06285970654886297
rolling,2,ElasticNet,NEG,2018-01-01,3.075673684210526,3.17248237154777,-0.09680868733724379
rolling,2,ElasticNet,NEG,2018-02-01,3.065655,2.887091110172991,0.178563889827009
rolling,2,ElasticNet,NEG,2018-03-01,3.15159,3.047151603560409,0.10443839643959096
rolling,2,ElasticNet,NEG,2018-04-01,3.30657619047619,2.887191536024447,0.419384654451743
rolling,2,ElasticNet,NEG,2018-05-01,3.4621947368421053,3.1766683561883498,0.2855263806537556
rolling,2,ElasticNet,NEG,2018-06-01,3.6392136363636367,2.840003212198519,0.7992104241651177
rolling,2,ElasticNet,NEG,2018-07-01,3.934538095238095,3.1145515829800865,0.8199865122580086
rolling,2,ElasticNet,NEG,2018-08-01,4.20315,3.4774611538826288,0.7256888461173712
rolling,2,ElasticNet,NEG,2018-09-01,4.641321739130435,3.324156180071098,1.3171655590593367
rolling,2,ElasticNet,NEG,2018-10-01,4.782921052631579,3.8002649876667354,0.9826560649648437
rolling,2,ElasticNet,NEG,2018-11-01,4.948788235294118,3.930872054580729,1.0179161807133887
rolling,2,ElasticNet,NEG,2018-12-01,5.096627272727273,3.831567427080084,1.2650598456471887
rolling,2,ElasticNet,NEG,2019-01-01,5.116333333333333,3.83257492595276,1.2837584073805735
rolling,2,ElasticNet,NEG,2019-02-01,5.169666666666667,3.84457799369377,1.325088672972897
rolling,2,ElasticNet,NEG,2019-03-01,5.220527777777778,3.830175995130273,1.390351782647505
rolling,2,ElasticNet,NEG,2019-04-01,5.035757142857143,3.785883531734499,1.249873611122644
rolling,2,ElasticNet,NEG,2019-05-01,4.934044444444444,3.9613954212923215,0.9726490231521225
rolling,2,ElasticNet,NEG,2019-06-01,4.7935,4.2235740463356,0.5699259536643995
rolling,2,ElasticNet,NEG,2019-07-01,4.410036842105264,4.015239348787772,0.39479749331749137
rolling,2,ElasticNet,NEG,2019-08-01,4.32444761904762,4.960566888878287,-0.6361192698306661
rolling,2,ElasticNet,NEG,2019-09-01,4.088347826086957,3.7089518107142894,0.37939601537266743
rolling,2,ElasticNet,NEG,2019-10-01,4.01318,2.805841395183232,1.2073386048167682
rolling,2,ElasticNet,NEG,2019-11-01,3.979216666666667,2.886552428432251,1.0926642382344158
rolling,2,ElasticNet,NEG,2019-12-01,3.831255,3.1675082623350708,0.6637467376649293
rolling,2,ElasticNet,None,2016-01-01,2.5197684210526314,1.9695851469324253,0.5501832741202062
rolling,2,ElasticNet,None,2016-02-01,2.528319047619048,2.077286877496903,0.4510321701221449
rolling,2,ElasticNet,None,2016-03-01,2.523847619047619,2.398264474827527,0.1255831442200921
rolling,2,ElasticNet,None,2016-04-01,2.525338095238096,2.6320940487757754,-0.1067559535376792
rolling,2,ElasticNet,None,2016-05-01,2.51565,2.7416677715474242,-0.2260177715474243
rolling,2,ElasticNet,None,2016-06-01,2.5214052631578947,3.0144686079898313,-0.4930633448319366
rolling,2,ElasticNet,None,2016-07-01,2.517215,2.6483536683550324,-0.13113866835503218
rolling,2,ElasticNet,None,2016-08-01,2.514826315789474,2.8202834165779276,-0.3054571007884537
rolling,2,ElasticNet,None,2016-09-01,2.5058625,2.761728883808255,-0.2558663838082551
rolling,2,ElasticNet,None,2016-10-01,2.5015650000000003,2.3657522616551936,0.13581273834480667
rolling,2,ElasticNet,None,2016-11-01,2.518775,2.3347698196284217,0.18400518037157854
rolling,2,ElasticNet,None,2016-12-01,2.527788888888889,2.686183536296609,-0.15839464740772025
rolling,2,ElasticNet,None,2017-01-01,2.51759375,2.739964370007805,-0.22237062000780483
rolling,2,ElasticNet,None,2017-02-01,2.535536363636364,2.382521059621554,0.15301530401481012
rolling,2,ElasticNet,None,2017-03-01,2.5772411764705883,2.3523797507096544,0.22486142576093382
rolling,2,ElasticNet,None,2017-04-01,2.57815,2.3109560530720126,0.26719394692798737
rolling,2,ElasticNet,None,2017-05-01,2.5543,1.7967647492311076,0.7575352507688924
rolling,2,ElasticNet,None,2017-06-01,2.5655,2.020463590358519,0.5450364096414813
rolling,2,ElasticNet,None,2017-07-01,2.553335294117648,1.88235128705519,0.6709840070624582
rolling,2,ElasticNet,None,2017-08-01,2.5712,1.5643004982340827,1.0068995017659175
rolling,2,ElasticNet,None,2017-09-01,2.65784,2.1437604124481986,0.5140795875518016
rolling,2,ElasticNet,None,2017-10-01,2.69046,2.279907230212905,0.410552769787095
rolling,2,ElasticNet,None,2017-11-01,3.0855473684210524,2.8377883936538053,0.24775897476724706
rolling,2,ElasticNet,None,2017-12-01,3.0982380952380955,3.035378318676085,0.06285977656201025
rolling,2,ElasticNet,None,2018-01-01,3.075673684210526,3.197335284630608,-0.12166160042008167
rolling,2,ElasticNet,None,2018-02-01,3.065655,2.9166286134671955,0.14902638653280453
rolling,2,ElasticNet,None,2018-03-01,3.15159,3.049797260532561,0.10179273946743894
rolling,2,ElasticNet,None,2018-04-01,3.30657619047619,2.9081897485657424,0.3983864419104477
rolling,2,ElasticNet,None,2018-05-01,3.4621947368421053,3.168127861426683,0.2940668754154223
rolling,2,ElasticNet,None,2018-06-01,3.6392136363636367,2.897623154479269,0.7415904818843675
rolling,2,ElasticNet,None,2018-07-01,3.934538095238095,3.1071910023453415,0.8273470928927535
rolling,2,ElasticNet,None,2018-08-01,4.20315,3.423161999532554,0.779988000467446
rolling,2,ElasticNet,None,2018-09-01,4.641321739130435,3.3160251247687462,1.3252966143616884
rolling,2,ElasticNet,None,2018-10-01,4.782921052631579,3.8001623047056903,0.9827587479258888
rolling,2,ElasticNet,None,2018-11-01,4.948788235294118,3.93007238002982,1.0187158552642979
rolling,2,ElasticNet,None,2018-12-01,5.096627272727273,3.829361116652633,1.2672661560746397
rolling,2,ElasticNet,None,2019-01-01,5.116333333333333,3.863123171175064,1.2532101621582692
rolling,2,ElasticNet,None,2019-02-01,5.169666666666667,3.8442755019545585,1.3253911647121086
rolling,2,ElasticNet,None,2019-03-01,5.220527777777778,3.826542474784151,1.3939853029936269
rolling,2,ElasticNet,None,2019-04-01,5.035757142857143,3.755926565405492,1.2798305774516514
rolling,2,ElasticNet,None,2019-05-01,4.934044444444444,3.9730680083165995,0.9609764361278446
rolling,2,ElasticNet,None,2019-06-01,4.7935,4.228468988576143,0.5650310114238568
rolling,2,ElasticNet,None,2019-07-01,4.410036842105264,4.014606928251256,0.3954299138540076
rolling,2,ElasticNet,None,2019-08-01,4.32444761904762,4.961764361429861,-0.6373167423822403
rolling,2,ElasticNet,None,2019-09-01,4.088347826086957,3.676038087513693,0.4123097385732639
rolling,2,ElasticNet,None,2019-10-01,4.01318,2.7986103582992907,1.2145696417007095
rolling,2,ElasticNet,None,2019-11-01,3.979216666666667,2.873834351333321,1.1053823153333457
rolling,2,ElasticNet,None,2019-12-01,3.831255,3.080155754336223,0.7510992456637773
rolling,2,ElasticNet,POSNEG,2016-01-01,2.5197684210526314,1.9835992854736482,0.5361691355789833
rolling,2,ElasticNet,POSNEG,2016-02-01,2.528319047619048,2.078151319571507,0.4501677280475409
rolling,2,ElasticNet,POSNEG,2016-03-01,2.523847619047619,2.4038998188139833,0.1199478002336356
rolling,2,ElasticNet,POSNEG,2016-04-01,2.525338095238096,2.626351304113372,-0.10101320887527576
rolling,2,ElasticNet,POSNEG,2016-05-01,2.51565,2.7518937764700087,-0.23624377647000872
rolling,2,ElasticNet,POSNEG,2016-06-01,2.5214052631578947,2.999709908473958,-0.4783046453160633
rolling,2,ElasticNet,POSNEG,2016-07-01,2.517215,2.646793881510204,-0.1295788815102039
rolling,2,ElasticNet,POSNEG,2016-08-01,2.514826315789474,2.8718460696939996,-0.35701975390452567
rolling,2,ElasticNet,POSNEG,2016-09-01,2.5058625,2.805732858871412,-0.299870358871412
rolling,2,ElasticNet,POSNEG,2016-10-01,2.5015650000000003,2.422315553404248,0.07924944659575228
rolling,2,ElasticNet,POSNEG,2016-11-01,2.518775,2.353386474828074,0.16538852517192604
rolling,2,ElasticNet,POSNEG,2016-12-01,2.527788888888889,2.6099577393021898,-0.08216885041330091
rolling,2,ElasticNet,POSNEG,2017-01-01,2.51759375,2.8012423416006516,-0.2836485916006515
rolling,2,ElasticNet,POSNEG,2017-02-01,2.535536363636364,2.4177977125992247,0.11773865103713943
rolling,2,ElasticNet,POSNEG,2017-03-01,2.5772411764705883,2.3391020088515555,0.23813916761903275
rolling,2,ElasticNet,POSNEG,2017-04-01,2.57815,2.278975873211915,0.29917412678808475
rolling,2,ElasticNet,POSNEG,2017-05-01,2.5543,1.7734777475658645,0.7808222524341355
rolling,2,ElasticNet,POSNEG,2017-06-01,2.5655,2.0089205730211663,0.5565794269788338
rolling,2,ElasticNet,POSNEG,2017-07-01,2.553335294117648,1.8709358457679808,0.6823994483496674
rolling,2,ElasticNet,POSNEG,2017-08-01,2.5712,1.564304072892055,1.0068959271079452
rolling,2,ElasticNet,POSNEG,2017-09-01,2.65784,2.1393576327186126,0.5184823672813876
rolling,2,ElasticNet,POSNEG,2017-10-01,2.69046,2.2859659370388754,0.40449406296112445
rolling,2,ElasticNet,POSNEG,2017-11-01,3.0855473684210524,2.87247598688459,0.2130713815364622
rolling,2,ElasticNet,POSNEG,2017-12-01,3.0982380952380955,3.0353763201979835,0.06286177504011192
rolling,2,ElasticNet,POSNEG,2018-01-01,3.075673684210526,3.1544614461775033,-0.07878776196697723
rolling,2,ElasticNet,POSNEG,2018-02-01,3.065655,2.8157249436540606,0.24993005634593946
rolling,2,ElasticNet,POSNEG,2018-03-01,3.15159,3.051272855725705,0.10031714427429517
rolling,2,ElasticNet,POSNEG,2018-04-01,3.30657619047619,2.8571352146201163,0.4494409758560738
rolling,2,ElasticNet,POSNEG,2018-05-01,3.4621947368421053,3.181022304135329,0.2811724327067764
rolling,2,ElasticNet,POSNEG,2018-06-01,3.6392136363636367,2.8429113761108873,0.7963022602527494
rolling,2,ElasticNet,POSNEG,2018-07-01,3.934538095238095,3.0908621428706167,0.8436759523674784
rolling,2,ElasticNet,POSNEG,2018-08-01,4.20315,3.468397448249375,0.734752551750625
rolling,2,ElasticNet,POSNEG,2018-09-01,4.641321739130435,3.3241558555085104,1.3171658836219242
rolling,2,ElasticNet,POSNEG,2018-10-01,4.782921052631579,3.8785773297277135,0.9043437229038656
rolling,2,ElasticNet,POSNEG,2018-11-01,4.948788235294118,4.05002143051682,0.8987668047772983
rolling,2,ElasticNet,POSNEG,2018-12-01,5.096627272727273,3.9172193934951602,1.1794078792321123
rolling,2,ElasticNet,POSNEG,2019-01-01,5.116333333333333,3.8202531250856833,1.2960802082476501
rolling,2,ElasticNet,POSNEG,2019-02-01,5.169666666666667,3.266992609525925,1.9026740571407421
rolling,2,ElasticNet,POSNEG,2019-03-01,5.220527777777778,3.976820362468647,1.2437074153091308
rolling,2,ElasticNet,POSNEG,2019-04-01,5.035757142857143,3.974620663199766,1.0611364796573772
rolling,2,ElasticNet,POSNEG,2019-05-01,4.934044444444444,4.1206632869320075,0.8133811575124366
rolling,2,ElasticNet,POSNEG,2019-06-01,4.7935,4.216053137571933,0.5774468624280669
rolling,2,ElasticNet,POSNEG,2019-07-01,4.410036842105264,3.9734925744479797,0.43654426765728394
rolling,2,ElasticNet,POSNEG,2019-08-01,4.32444761904762,4.958224863023579,-0.6337772439759588
rolling,2,ElasticNet,POSNEG,2019-09-01,4.088347826086957,3.8336934094835957,0.2546544166033611
rolling,2,ElasticNet,POSNEG,2019-10-01,4.01318,2.845992219752064,1.1671877802479362
rolling,2,ElasticNet,POSNEG,2019-11-01,3.979216666666667,2.878633942551517,1.1005827241151498
rolling,2,ElasticNet,POSNEG,2019-12-01,3.831255,3.1948793162089224,0.6363756837910777
rolling,2,ElasticNet,ToneMean,2016-01-01,2.5197684210526314,1.969585180895216,0.5501832401574154
rolling,2,ElasticNet,ToneMean,2016-02-01,2.528319047619048,2.0772868040626835,0.4510322435563645
rolling,2,ElasticNet,ToneMean,2016-03-01,2.523847619047619,2.3982533226453495,0.12559429640226938
rolling,2,ElasticNet,ToneMean,2016-04-01,2.525338095238096,2.632737665329042,-0.10739957009094603
rolling,2,ElasticNet,ToneMean,2016-05-01,2.51565,2.7451672411521284,-0.22951724115212846
rolling,2,ElasticNet,ToneMean,2016-06-01,2.5214052631578947,3.0144649855484342,-0.4930597223905395
rolling,2,ElasticNet,ToneMean,2016-07-01,2.517215,2.6483363143397503,-0.13112131433975005
rolling,2,ElasticNet,ToneMean,2016-08-01,2.514826315789474,2.8202797098423122,-0.30545339405283833
rolling,2,ElasticNet,ToneMean,2016-09-01,2.5058625,2.7627886084946147,-0.2569261084946146
rolling,2,ElasticNet,ToneMean,2016-10-01,2.5015650000000003,2.3662744668178397,0.13529053318216056
rolling,2,ElasticNet,ToneMean,2016-11-01,2.518775,2.339031425577695,0.17974357442230504
rolling,2,ElasticNet,ToneMean,2016-12-01,2.527788888888889,2.669191141257369,-0.14140225236848014
rolling,2,ElasticNet,ToneMean,2017-01-01,2.51759375,2.742712868729241,-0.22511911872924095
rolling,2,ElasticNet,ToneMean,2017-02-01,2.535536363636364,2.381466057867205,0.15407030576915925
rolling,2,ElasticNet,ToneMean,2017-03-01,2.5772411764705883,2.342007682988857,0.23523349348173106
rolling,2,ElasticNet,ToneMean,2017-04-01,2.57815,2.303160546294446,0.2749894537055537
rolling,2,ElasticNet,ToneMean,2017-05-01,2.5543,1.7860730076808047,0.7682269923191953
rolling,2,ElasticNet,ToneMean,2017-06-01,2.5655,2.017361995774403,0.548138004225597
rolling,2,ElasticNet,ToneMean,2017-07-01,2.553335294117648,1.8778169160419065,0.6755183780757417
rolling,2,ElasticNet,ToneMean,2017-08-01,2.5712,1.5643036756207211,1.006896324379279
rolling,2,ElasticNet,ToneMean,2017-09-01,2.65784,2.149798311559764,0.5080416884402363
rolling,2,ElasticNet,ToneMean,2017-10-01,2.69046,2.2948201060678386,0.39563989393216126
rolling,2,ElasticNet,ToneMean,2017-11-01,3.0855473684210524,2.8759115460644002,0.20963582235665212
rolling,2,ElasticNet,ToneMean,2017-12-01,3.0982380952380955,3.036972130721222,0.061265964516873606
rolling,2,ElasticNet,ToneMean,2018-01-01,3.075673684210526,3.16094530173858,-0.08527161752805368
rolling,2,ElasticNet,ToneMean,2018-02-01,3.065655,2.820102463439005,0.24555253656099518
rolling,2,ElasticNet,ToneMean,2018-03-01,3.15159,3.048213938118692,0.10337606188130799
rolling,2,ElasticNet,ToneMean,2018-04-01,3.30657619047619,2.8558969671082806,0.45067922336790955
rolling,2,ElasticNet,ToneMean,2018-05-01,3.4621947368421053,3.188893234776703,0.27330150206540216
rolling,2,ElasticNet,ToneMean,2018-06-01,3.6392136363636367,2.8569114640907443,0.7823021722728924
rolling,2,ElasticNet,ToneMean,2018-07-01,3.934538095238095,3.099252508229671,0.8352855870084239
rolling,2,ElasticNet,ToneMean,2018-08-01,4.20315,3.442797377878985,0.7603526221210148
rolling,2,ElasticNet,ToneMean,2018-09-01,4.641321739130435,3.316025558031288,1.3252961810991466
rolling,2,ElasticNet,ToneMean,2018-10-01,4.782921052631579,3.8211243955103726,0.9617966571212064
rolling,2,ElasticNet,ToneMean,2018-11-01,4.948788235294118,4.005959734761437,0.9428285005326806
rolling,2,ElasticNet,ToneMean,2018-12-01,5.096627272727273,3.8981344491647585,1.198492823562514
rolling,2,ElasticNet,ToneMean,2019-01-01,5.116333333333333,3.735051048064367,1.3812822852689663
rolling,2,ElasticNet,ToneMean,2019-02-01,5.169666666666667,3.689859830788338,1.4798068358783292
rolling,2,ElasticNet,ToneMean,2019-03-01,5.220527777777778,3.9783429830808585,1.2421847946969193
rolling,2,ElasticNet,ToneMean,2019-04-01,5.035757142857143,4.0139169664900765,1.0218401763670668
rolling,2,ElasticNet,ToneMean,2019-05-01,4.934044444444444,4.046485673090608,0.8875587713538362
rolling,2,ElasticNet,ToneMean,2019-06-01,4.7935,4.180161960561545,0.6133380394384549
rolling,2,ElasticNet,ToneMean,2019-07-01,4.410036842105264,4.001839276879805,0.4081975652254588
rolling,2,ElasticNet,ToneMean,2019-08-01,4.32444761904762,4.871429052761593,-0.5469814337139729
rolling,2,ElasticNet,ToneMean,2019-09-01,4.088347826086957,3.868053621204705,0.2202942048822516
rolling,2,ElasticNet,ToneMean,2019-10-01,4.01318,2.8676120266980387,1.1455679733019615
rolling,2,ElasticNet,ToneMean,2019-11-01,3.979216666666667,2.86563648578842,1.1135801808782468
rolling,2,ElasticNet,ToneMean,2019-12-01,3.831255,3.169916311619585,0.6613386883804151
rolling,2,Lasso,NEG,2016-01-01,2.5197684210526314,1.971485030891127,0.5482833901615045
rolling,2,Lasso,NEG,2016-02-01,2.528319047619048,2.068572794748063,0.45974625287098503
rolling,2,Lasso,NEG,2016-03-01,2.523847619047619,2.393256943842586,0.13059067520503298
rolling,2,Lasso,NEG,2016-04-01,2.525338095238096,2.6212756759771265,-0.09593758073903036
rolling,2,Lasso,NEG,2016-05-01,2.51565,2.7234354638526397,-0.20778546385263974
rolling,2,Lasso,NEG,2016-06-01,2.5214052631578947,2.9905607554900553,-0.4691554923321606
rolling,2,Lasso,NEG,2016-07-01,2.517215,2.634919377871178,-0.11770437787117771
rolling,2,Lasso,NEG,2016-08-01,2.514826315789474,2.8395852383676545,-0.3247589225781806
rolling,2,Lasso,NEG,2016-09-01,2.5058625,2.7975352209744866,-0.2916727209744865
rolling,2,Lasso,NEG,2016-10-01,2.5015650000000003,2.412434442581569,0.08913055741843134
rolling,2,Lasso,NEG,2016-11-01,2.518775,2.3747329318362675,0.14404206816373266
rolling,2,Lasso,NEG,2016-12-01,2.527788888888889,2.6131075576071865,-0.08531866871829763
rolling,2,Lasso,NEG,2017-01-01,2.51759375,2.7787153880822095,-0.26112163808220945
rolling,2,Lasso,NEG,2017-02-01,2.535536363636364,2.411110794314907,0.1244255693214571
rolling,2,Lasso,NEG,2017-03-01,2.5772411764705883,2.323519320234434,0.25372185623615406
rolling,2,Lasso,NEG,2017-04-01,2.57815,2.2697005137150637,0.3084494862849363
rolling,2,Lasso,NEG,2017-05-01,2.5543,1.8064340030502053,0.7478659969497947
rolling,2,Lasso,NEG,2017-06-01,2.5655,2.0248005795446535,0.5406994204553466
rolling,2,Lasso,NEG,2017-07-01,2.553335294117648,1.9109277548397055,0.6424075392779427
rolling,2,Lasso,NEG,2017-08-01,2.5712,1.614637601769171,0.9565623982308291
rolling,2,Lasso,NEG,2017-09-01,2.65784,2.150441423747658,0.5073985762523421
rolling,2,Lasso,NEG,2017-10-01,2.69046,2.2840103043552062,0.4064496956447936
rolling,2,Lasso,NEG,2017-11-01,3.0855473684210524,2.8077994681566607,0.27774790026439167
rolling,2,Lasso,NEG,2017-12-01,3.0982380952380955,3.0051570762098416,0.09308101902825383
rolling,2,Lasso,NEG,2018-01-01,3.075673684210526,3.1413807083786294,-0.06570702416810326
rolling,2,Lasso,NEG,2018-02-01,3.065655,2.860812465384141,0.20484253461585888
rolling,2,Lasso,NEG,2018-03-01,3.15159,3.030932258996,0.12065774100399995
rolling,2,Lasso,NEG,2018-04-01,3.30657619047619,2.861428981757307,0.445147208718883
rolling,2,Lasso,NEG,2018-05-01,3.4621947368421053,3.116321127527646,0.34587360931445943
rolling,2,Lasso,NEG,2018-06-01,3.6392136363636367,2.807725909398559,0.8314877269650776
rolling,2,Lasso,NEG,2018-07-01,3.934538095238095,3.058025774136327,0.8765123211017682
rolling,2,Lasso,NEG,2018-08-01,4.20315,3.4195304563792877,0.7836195436207123
rolling,2,Lasso,NEG,2018-09-01,4.641321739130435,3.294213023548596,1.3471087155818386
rolling,2,Lasso,NEG,2018-10-01,4.782921052631579,3.7738353149783688,1.0090857376532103
rolling,2,Lasso,NEG,2018-11-01,4.948788235294118,3.9141444769106797,1.0346437583834383
rolling,2,Lasso,NEG,2018-12-01,5.096627272727273,3.826497145673696,1.2701301270535765
rolling,2,Lasso,NEG,2019-01-01,5.116333333333333,3.8399971516822204,1.276336181651113
rolling,2,Lasso,NEG,2019-02-01,5.169666666666667,3.8268254287571413,1.3428412379095258
rolling,2,Lasso,NEG,2019-03-01,5.220527777777778,3.811147676240959,1.409380101536819
rolling,2,Lasso,NEG,2019-04-01,5.035757142857143,3.7600416331154296,1.2757155097417137
rolling,2,Lasso,NEG,2019-05-01,4.934044444444444,3.9374404473265447,0.9966039971178993
rolling,2,Lasso,NEG,2019-06-01,4.7935,4.2064329550105715,0.5870670449894284
rolling,2,Lasso,NEG,2019-07-01,4.410036842105264,3.9976527612791704,0.41238408082609324
rolling,2,Lasso,NEG,2019-08-01,4.32444761904762,4.935769503614498,-0.6113218845668777
rolling,2,Lasso,NEG,2019-09-01,4.088347826086957,3.696482500201914,0.39186532588504264
rolling,2,Lasso,NEG,2019-10-01,4.01318,2.800471353525188,1.212708646474812
rolling,2,Lasso,NEG,2019-11-01,3.979216666666667,2.8835084664696344,1.0957082001970324
rolling,2,Lasso,NEG,2019-12-01,3.831255,3.160227506711574,0.6710274932884261
rolling,2,Lasso,None,2016-01-01,2.5197684210526314,1.969812580768484,0.5499558402841473
rolling,2,Lasso,None,2016-02-01,2.528319047619048,2.068570590349291,0.459748457269757
rolling,2,Lasso,None,2016-03-01,2.523847619047619,2.3932261142785936,0.13062150476902534
rolling,2,Lasso,None,2016-04-01,2.525338095238096,2.6212797624545097,-0.0959416672164135
rolling,2,Lasso,None,2016-05-01,2.51565,2.7234256420746075,-0.20777564207460752
rolling,2,Lasso,None,2016-06-01,2.5214052631578947,2.991053574172741,-0.46964831101484616
rolling,2,Lasso,None,2016-07-01,2.517215,2.6326622529644803,-0.11544725296448011
rolling,2,Lasso,None,2016-08-01,2.514826315789474,2.8259219350203715,-0.31109561923089757
rolling,2,Lasso,None,2016-09-01,2.5058625,2.7688796693522204,-0.2630171693522203
rolling,2,Lasso,None,2016-10-01,2.5015650000000003,2.3774402038079074,0.12412479619209282
rolling,2,Lasso,None,2016-11-01,2.518775,2.358932791409366,0.15984220859063436
rolling,2,Lasso,None,2016-12-01,2.527788888888889,2.677667893856631,-0.1498790049677421
rolling,2,Lasso,None,2017-01-01,2.51759375,2.736381159060583,-0.21878740906058303
rolling,2,Lasso,None,2017-02-01,2.535536363636364,2.382060521276808,0.15347584235955614
rolling,2,Lasso,None,2017-03-01,2.5772411764705883,2.3346928449569893,0.242548331513599
rolling,2,Lasso,None,2017-04-01,2.57815,2.2962207004616637,0.28192929953833623
rolling,2,Lasso,None,2017-05-01,2.5543,1.824216210050509,0.730083789949491
rolling,2,Lasso,None,2017-06-01,2.5655,2.0320871165808896,0.5334128834191105
rolling,2,Lasso,None,2017-07-01,2.553335294117648,1.9156155295780986,0.6377197645395496
rolling,2,Lasso,None,2017-08-01,2.5712,1.6146391478349496,0.9565608521650506
rolling,2,Lasso,None,2017-09-01,2.65784,2.1504409877408666,0.5073990122591336
rolling,2,Lasso,None,2017-10-01,2.69046,2.2840103402517666,0.4064496597482332
rolling,2,Lasso,None,2017-11-01,3.0855473684210524,2.805005448729442,0.28054191969161035
rolling,2,Lasso,None,2017-12-01,3.0982380952380955,3.005157023270027,0.09308107196806858
rolling,2,Lasso,None,2018-01-01,3.075673684210526,3.160798818729514,-0.08512513451898807
rolling,2,Lasso,None,2018-02-01,3.065655,2.8867439618083575,0.17891103819164256
rolling,2,Lasso,None,2018-03-01,3.15159,3.0326990380558065,0.11889096194419357
rolling,2,Lasso,None,2018-04-01,3.30657619047619,2.882179117862873,0.42439707261331705
rolling,2,Lasso,None,2018-05-01,3.4621947368421053,3.1087102747040003,0.353484462138105
rolling,2,Lasso,None,2018-06-01,3.6392136363636367,2.861147776575921,0.7780658597877159
rolling,2,Lasso,None,2018-07-01,3.934538095238095,3.0526326931365255,0.8819054021015695
rolling,2,Lasso,None,2018-08-01,4.20315,3.3711266705001224,0.8320233294998776
rolling,2,Lasso,None,2018-09-01,4.641321739130435,3.290669031889883,1.3506527072405516
rolling,2,Lasso,None,2018-10-01,4.782921052631579,3.7736021131484545,1.0093189394831246
rolling,2,Lasso,None,2018-11-01,4.948788235294118,3.9139520356442596,1.0348361996498583
rolling,2,Lasso,None,2018-12-01,5.096627272727273,3.8264712411508723,1.2701560315764002
rolling,2,Lasso,None,2019-01-01,5.116333333333333,3.85313794601009,1.2631953873232433
rolling,2,Lasso,None,2019-02-01,5.169666666666667,3.826821624980611,1.342845041686056
rolling,2,Lasso,None,2019-03-01,5.220527777777778,3.8085888712172653,1.4119389065605126
rolling,2,Lasso,None,2019-04-01,5.035757142857143,3.7371604899145203,1.298596652942623
rolling,2,Lasso,None,2019-05-01,4.934044444444444,3.9477006185865022,0.9863438258579418
rolling,2,Lasso,None,2019-06-01,4.7935,4.208607838149705,0.5848921618502949
rolling,2,Lasso,None,2019-07-01,4.410036842105264,3.997649178138953,0.41238766396631066
rolling,2,Lasso,None,2019-08-01,4.32444761904762,4.935788161107902,-0.6113405420602813
rolling,2,Lasso,None,2019-09-01,4.088347826086957,3.669332551763252,0.419015274323705
rolling,2,Lasso,None,2019-10-01,4.01318,2.7941391811358307,1.2190408188641695
rolling,2,Lasso,None,2019-11-01,3.979216666666667,2.870989228967158,1.108227437699509
rolling,2,Lasso,None,2019-12-01,3.831255,3.0796450101100774,0.7516099898899227
rolling,2,Lasso,POSNEG,2016-01-01,2.5197684210526314,1.9714848390269626,0.5482835820256688
rolling,2,Lasso,POSNEG,2016-02-01,2.528319047619048,2.068567925129759,0.4597511224892892
rolling,2,Lasso,POSNEG,2016-03-01,2.523847619047619,2.3936231976482336,0.13022442139938528
rolling,2,Lasso,POSNEG,2016-04-01,2.525338095238096,2.620886556758199,-0.09554846152010299
rolling,2,Lasso,POSNEG,2016-05-01,2.51565,2.7318893622224443,-0.21623936222244433
rolling,2,Lasso,POSNEG,2016-06-01,2.5214052631578947,2.9883195064758965,-0.4669142433180018
rolling,2,Lasso,POSNEG,2016-07-01,2.517215,2.631767728501658,-0.11455272850165787
rolling,2,Lasso,POSNEG,2016-08-01,2.514826315789474,2.8588826232578333,-0.34405630746835936
rolling,2,Lasso,POSNEG,2016-09-01,2.5058625,2.801123844724289,-0.2952613447242891
rolling,2,Lasso,POSNEG,2016-10-01,2.5015650000000003,2.413627112677388,0.08793788732261243
rolling,2,Lasso,POSNEG,2016-11-01,2.518775,2.3747279614975105,0.14404703850248968
rolling,2,Lasso,POSNEG,2016-12-01,2.527788888888889,2.6131086438771725,-0.08531975498828359
rolling,2,Lasso,POSNEG,2017-01-01,2.51759375,2.778713557112047,-0.26111980711204685
rolling,2,Lasso,POSNEG,2017-02-01,2.535536363636364,2.41111043814597,0.12442592549039411
rolling,2,Lasso,POSNEG,2017-03-01,2.5772411764705883,2.323521334663286,0.25371984180730234
rolling,2,Lasso,POSNEG,2017-04-01,2.57815,2.269698647952078,0.30845135204792173
rolling,2,Lasso,POSNEG,2017-05-01,2.5543,1.8064295096225438,0.7478704903774562
rolling,2,Lasso,POSNEG,2017-06-01,2.5655,2.0248031965894486,0.5406968034105515
rolling,2,Lasso,POSNEG,2017-07-01,2.553335294117648,1.910924303586948,0.6424109905307
rolling,2,Lasso,POSNEG,2017-08-01,2.5712,1.614641995850592,0.9565580041494082
rolling,2,Lasso,POSNEG,2017-09-01,2.65784,2.1497462920557258,0.5080937079442744
rolling,2,Lasso,POSNEG,2017-10-01,2.69046,2.2840103043552062,0.4064496956447936
rolling,2,Lasso,POSNEG,2017-11-01,3.0855473684210524,2.829560128212619,0.25598724020843333
rolling,2,Lasso,POSNEG,2017-12-01,3.0982380952380955,3.005156426091475,0.09308166914662053
rolling,2,Lasso,POSNEG,2018-01-01,3.075673684210526,3.129565732713395,-0.053892048502869105
rolling,2,Lasso,POSNEG,2018-02-01,3.065655,2.796687254491464,0.2689677455085362
rolling,2,Lasso,POSNEG,2018-03-01,3.15159,3.031655780800603,0.11993421919939706
rolling,2,Lasso,POSNEG,2018-04-01,3.30657619047619,2.835973503064675,0.47060268741151523
rolling,2,Lasso,POSNEG,2018-05-01,3.4621947368421053,3.1169370448571194,0.3452576919849859
rolling,2,Lasso,POSNEG,2018-06-01,3.6392136363636367,2.8096991386862817,0.829514497677355
rolling,2,Lasso,POSNEG,2018-07-01,3.934538095238095,3.038138302779812,0.8963997924582832
rolling,2,Lasso,POSNEG,2018-08-01,4.20315,3.4138188464094923,0.7893311535905077
rolling,2,Lasso,POSNEG,2018-09-01,4.641321739130435,3.294213023548596,1.3471087155818386
rolling,2,Lasso,POSNEG,2018-10-01,4.782921052631579,3.8378702685202244,0.9450507841113547
rolling,2,Lasso,POSNEG,2018-11-01,4.948788235294118,4.024985798974464,0.9238024363196535
rolling,2,Lasso,POSNEG,2018-12-01,5.096627272727273,3.9124638301412897,1.1841634425859828
rolling,2,Lasso,POSNEG,2019-01-01,5.116333333333333,3.779602951215481,1.3367303821178522
rolling,2,Lasso,POSNEG,2019-02-01,5.169666666666667,3.2807946692654304,1.8888719974012367
rolling,2,Lasso,POSNEG,2019-03-01,5.220527777777778,3.9460522851281254,1.2744754926496524
rolling,2,Lasso,POSNEG,2019-04-01,5.035757142857143,3.942658384013792,1.0930987588433512
rolling,2,Lasso,POSNEG,2019-05-01,4.934044444444444,4.0924136629478065,0.8416307814966375
rolling,2,Lasso,POSNEG,2019-06-01,4.7935,4.194636828975552,0.5988631710244476
rolling,2,Lasso,POSNEG,2019-07-01,4.410036842105264,3.9594433425321807,0.4505934995730829
rolling,2,Lasso,POSNEG,2019-08-01,4.32444761904762,4.929176598053637,-0.6047289790060164
rolling,2,Lasso,POSNEG,2019-09-01,4.088347826086957,3.8136276456391345,0.2747201804478223
rolling,2,Lasso,POSNEG,2019-10-01,4.01318,2.8378764922973216,1.1753035077026786
rolling,2,Lasso,POSNEG,2019-11-01,3.979216666666667,2.876743107538518,1.102473559128149
rolling,2,Lasso,POSNEG,2019-12-01,3.831255,3.184906051781923,0.6463489482180771
rolling,2,Lasso,ToneMean,2016-01-01,2.5197684210526314,1.9698127249734068,0.5499556960792247
rolling,2,Lasso,ToneMean,2016-02-01,2.528319047619048,2.068566190958004,0.4597528566610438
rolling,2,Lasso,ToneMean,2016-03-01,2.523847619047619,2.3932238256308898,0.13062379341672914
rolling,2,Lasso,ToneMean,2016-04-01,2.525338095238096,2.621505890798456,-0.0961677955603597
rolling,2,Lasso,ToneMean,2016-05-01,2.51565,2.724493294188049,-0.20884329418804892
rolling,2,Lasso,ToneMean,2016-06-01,2.5214052631578947,2.9910506526776324,-0.46964538951973767
rolling,2,Lasso,ToneMean,2016-07-01,2.517215,2.632652152112206,-0.11543715211220595
rolling,2,Lasso,ToneMean,2016-08-01,2.514826315789474,2.8258913485596437,-0.31106503277016984
rolling,2,Lasso,ToneMean,2016-09-01,2.5058625,2.7688810226360077,-0.26301852263600756
rolling,2,Lasso,ToneMean,2016-10-01,2.5015650000000003,2.3774410135428736,0.12412398645712663
rolling,2,Lasso,ToneMean,2016-11-01,2.518775,2.361572941094928,0.15720205890507222
rolling,2,Lasso,ToneMean,2016-12-01,2.527788888888889,2.6688221929802207,-0.14103330409133186
rolling,2,Lasso,ToneMean,2017-01-01,2.51759375,2.7374293793610254,-0.2198356293610253
rolling,2,Lasso,ToneMean,2017-02-01,2.535536363636364,2.38130060754149,0.15423575609487417
rolling,2,Lasso,ToneMean,2017-03-01,2.5772411764705883,2.3279215386275944,0.24931963784299382
rolling,2,Lasso,ToneMean,2017-04-01,2.57815,2.291503485519569,0.2866465144804309
rolling,2,Lasso,ToneMean,2017-05-01,2.5543,1.8187344211618353,0.7355655788381648
rolling,2,Lasso,ToneMean,2017-06-01,2.5655,2.0320844796360835,0.5334155203639166
rolling,2,Lasso,ToneMean,2017-07-01,2.553335294117648,1.9156128578211085,0.6377224362965397
rolling,2,Lasso,ToneMean,2017-08-01,2.5712,1.6146414559682225,0.9565585440317776
rolling,2,Lasso,ToneMean,2017-09-01,2.65784,2.152659499860179,0.5051805001398213
rolling,2,Lasso,ToneMean,2017-10-01,2.69046,2.2910919485410335,0.39936805145896637
rolling,2,Lasso,ToneMean,2017-11-01,3.0855473684210524,2.834351969572123,0.2511953988489295
rolling,2,Lasso,ToneMean,2017-12-01,3.0982380952380955,3.0054483332171564,0.09278976202093903
rolling,2,Lasso,ToneMean,2018-01-01,3.075673684210526,3.134270801454617,-0.05859711724409067
rolling,2,Lasso,ToneMean,2018-02-01,3.065655,2.799778657722629,0.2658763422773709
rolling,2,Lasso,ToneMean,2018-03-01,3.15159,3.029283476378136,0.12230652362186412
rolling,2,Lasso,ToneMean,2018-04-01,3.30657619047619,2.8319864514003967,0.4745897390757934
rolling,2,Lasso,ToneMean,2018-05-01,3.4621947368421053,3.1255298960587377,0.33666484078336767
rolling,2,Lasso,ToneMean,2018-06-01,3.6392136363636367,2.825019613172397,0.8141940231912397
rolling,2,Lasso,ToneMean,2018-07-01,3.934538095238095,3.0463443154027656,0.8881937798353294
rolling,2,Lasso,ToneMean,2018-08-01,4.20315,3.390863580549066,0.8122864194509338
rolling,2,Lasso,ToneMean,2018-09-01,4.641321739130435,3.290669031889883,1.3506527072405516
rolling,2,Lasso,ToneMean,2018-10-01,4.782921052631579,3.78429431156344,0.9986267410681391
rolling,2,Lasso,ToneMean,2018-11-01,4.948788235294118,3.9808445247010296,0.9679437105930884
rolling,2,Lasso,ToneMean,2018-12-01,5.096627272727273,3.892161733973185,1.2044655387540875
rolling,2,Lasso,ToneMean,2019-01-01,5.116333333333333,3.720642633758569,1.3956906995747644
rolling,2,Lasso,ToneMean,2019-02-01,5.169666666666667,3.6787133192098356,1.4909533474568315
rolling,2,Lasso,ToneMean,2019-03-01,5.220527777777778,3.948744533140194,1.271783244637584
rolling,2,Lasso,ToneMean,2019-04-01,5.035757142857143,3.9879424839779682,1.047814658879175
rolling,2,Lasso,ToneMean,2019-05-01,4.934044444444444,4.019062465283744,0.9149819791607001
rolling,2,Lasso,ToneMean,2019-06-01,4.7935,4.161521587691602,0.6319784123083982
rolling,2,Lasso,ToneMean,2019-07-01,4.410036842105264,3.9849408018262737,0.42509604027898984
rolling,2,Lasso,ToneMean,2019-08-01,4.32444761904762,4.866233458787719,-0.5417858397400988
rolling,2,Lasso,ToneMean,2019-09-01,4.088347826086957,3.8496591498669965,0.23868867621996026
rolling,2,Lasso,ToneMean,2019-10-01,4.01318,2.8590364193895406,1.1541435806104596
rolling,2,Lasso,ToneMean,2019-11-01,3.979216666666667,2.8645811321589827,1.1146355345076842
rolling,2,Lasso,ToneMean,2019-12-01,3.831255,3.16364640621898,0.6676085937810199
rolling,2,OLS,NEG,2016-01-01,2.5197684210526314,1.9739396298504661,0.5458287912021653
rolling,2,OLS,NEG,2016-02-01,2.528319047619048,2.084088937279414,0.444230110339634
rolling,2,OLS,NEG,2016-03-01,2.523847619047619,2.409448015759469,0.1143996032881498
rolling,2,OLS,NEG,2016-04-01,2.525338095238096,2.6531429107637914,-0.12780481552569523
rolling,2,OLS,NEG,2016-05-01,2.51565,2.7681808347639483,-0.25253083476394833
rolling,2,OLS,NEG,2016-06-01,2.5214052631578947,3.0515765786871265,-0.5301713155292318
rolling,2,OLS,NEG,2016-07-01,2.517215,2.661047310958131,-0.14383231095813098
rolling,2,OLS,NEG,2016-08-01,2.514826315789474,2.8194459838455366,-0.30461966805606266
rolling,2,OLS,NEG,2016-09-01,2.5058625,2.7771372432083745,-0.2712747432083744
rolling,2,OLS,NEG,2016-10-01,2.5015650000000003,2.3821788352555022,0.11938616474449804
rolling,2,OLS,NEG,2016-11-01,2.518775,2.312483079462335,0.20629192053766543
rolling,2,OLS,NEG,2016-12-01,2.527788888888889,2.601055636709007,-0.0732667478201181
rolling,2,OLS,NEG,2017-01-01,2.51759375,2.7948173844357407,-0.2772236344357406
rolling,2,OLS,NEG,2017-02-01,2.535536363636364,2.4323195656324694,0.10321679800389472
rolling,2,OLS,NEG,2017-03-01,2.5772411764705883,2.3570629878450404,0.22017818862554783
rolling,2,OLS,NEG,2017-04-01,2.57815,2.2943312196668417,0.2838187803331582
rolling,2,OLS,NEG,2017-05-01,2.5543,1.7203400037581875,0.8339599962418125
rolling,2,OLS,NEG,2017-06-01,2.5655,1.981082993639321,0.5844170063606791
rolling,2,OLS,NEG,2017-07-01,2.553335294117648,1.8023290002819068,0.7510062938357414
rolling,2,OLS,NEG,2017-08-01,2.5712,1.4782276057440726,1.0929723942559275
rolling,2,OLS,NEG,2017-09-01,2.65784,2.135006011552172,0.5228339884478284
rolling,2,OLS,NEG,2017-10-01,2.69046,2.2704326912590145,0.4200273087409854
rolling,2,OLS,NEG,2017-11-01,3.0855473684210524,2.893658538825695,0.19188882959535736
rolling,2,OLS,NEG,2017-12-01,3.0982380952380955,3.0812755302437105,0.016962564994384977
rolling,2,OLS,NEG,2018-01-01,3.075673684210526,3.2163175564024473,-0.1406438721919212
rolling,2,OLS,NEG,2018-02-01,3.065655,2.915483201143939,0.15017179885606113
rolling,2,OLS,NEG,2018-03-01,3.15159,3.0861173981861527,0.0654726018138474
rolling,2,OLS,NEG,2018-04-01,3.30657619047619,2.916997942642999,0.38957824783319106
rolling,2,OLS,NEG,2018-05-01,3.4621947368421053,3.2490295566994254,0.21316518014267993
rolling,2,OLS,NEG,2018-06-01,3.6392136363636367,2.877241304291694,0.7619723320719429
rolling,2,OLS,NEG,2018-07-01,3.934538095238095,3.1836422427742415,0.7508958524638536
rolling,2,OLS,NEG,2018-08-01,4.20315,3.5595421026626877,0.6436078973373123
rolling,2,OLS,NEG,2018-09-01,4.641321739130435,3.3721163327280026,1.269205406402432
rolling,2,OLS,NEG,2018-10-01,4.782921052631579,3.8505657706695073,0.9323552819620717
rolling,2,OLS,NEG,2018-11-01,4.948788235294118,3.969005546776975,0.979782688517143
rolling,2,OLS,NEG,2018-12-01,5.096627272727273,3.867011769968065,1.2296155027592075
rolling,2,OLS,NEG,2019-01-01,5.116333333333333,3.855999068786624,1.2603342645467093
rolling,2,OLS,NEG,2019-02-01,5.169666666666667,3.896893964010081,1.272772702656586
rolling,2,OLS,NEG,2019-03-01,5.220527777777778,3.8735371645788987,1.3469906131988791
rolling,2,OLS,NEG,2019-04-01,5.035757142857143,3.825104398771111,1.2106527440860324
rolling,2,OLS,NEG,2019-05-01,4.934044444444444,4.0076035103362795,0.9264409341081645
rolling,2,OLS,NEG,2019-06-01,4.7935,4.26390280672217,0.5295971932778301
rolling,2,OLS,NEG,2019-07-01,4.410036842105264,4.046073672057681,0.3639631700475823
rolling,2,OLS,NEG,2019-08-01,4.32444761904762,5.026603821269916,-0.7021562022222954
rolling,2,OLS,NEG,2019-09-01,4.088347826086957,3.7237884684261195,0.36455935766083725
rolling,2,OLS,NEG,2019-10-01,4.01318,2.7974175558872627,1.2157624441127375
rolling,2,OLS,NEG,2019-11-01,3.979216666666667,2.8841909192705972,1.0950257473960696
rolling,2,OLS,NEG,2019-12-01,3.831255,3.1650630234869976,0.6661919765130024
rolling,2,OLS,None,2016-01-01,2.5197684210526314,1.9651012049063452,0.5546672161462862
rolling,2,OLS,None,2016-02-01,2.528319047619048,2.0875984938359213,0.4407205537831267
rolling,2,OLS,None,2016-03-01,2.523847619047619,2.405245068805685,0.11860255024193389
rolling,2,OLS,None,2016-04-01,2.525338095238096,2.658081443026329,-0.13274334778823293
rolling,2,OLS,None,2016-05-01,2.51565,2.7792896842600157,-0.2636396842600157
rolling,2,OLS,None,2016-06-01,2.5214052631578947,3.0625044856264556,-0.5410992224685609
rolling,2,OLS,None,2016-07-01,2.517215,2.657071554094329,-0.13985655409432862
rolling,2,OLS,None,2016-08-01,2.514826315789474,2.8020176698279387,-0.28719135403846474
rolling,2,OLS,None,2016-09-01,2.5058625,2.7433322580320136,-0.23746975803201353
rolling,2,OLS,None,2016-10-01,2.5015650000000003,2.3392420658906636,0.16232293410933663
rolling,2,OLS,None,2016-11-01,2.518775,2.293702944616905,0.22507205538309538
rolling,2,OLS,None,2016-12-01,2.527788888888889,2.684057088862137,-0.15626819997324803
rolling,2,OLS,None,2017-01-01,2.51759375,2.7359172387031747,-0.21832348870317464
rolling,2,OLS,None,2017-02-01,2.535536363636364,2.3899009737903802,0.1456353898459839
rolling,2,OLS,None,2017-03-01,2.5772411764705883,2.3730313215073795,0.20420985496320876
rolling,2,OLS,None,2017-04-01,2.57815,2.332990739007364,0.24515926099263607
rolling,2,OLS,None,2017-05-01,2.5543,1.7496926265194652,0.8046073734805348
rolling,2,OLS,None,2017-06-01,2.5655,1.9970492083345954,0.5684507916654047
rolling,2,OLS,None,2017-07-01,2.553335294117648,1.8209311276817672,0.7324041664358809
rolling,2,OLS,None,2017-08-01,2.5712,1.4792447814370253,1.0919552185629748
rolling,2,OLS,None,2017-09-01,2.65784,2.130440789974436,0.527399210025564
rolling,2,OLS,None,2017-10-01,2.69046,2.2667513822390433,0.4237086177609566
rolling,2,OLS,None,2017-11-01,3.0855473684210524,2.883565473818091,0.20198189460296145
rolling,2,OLS,None,2017-12-01,3.0982380952380955,3.079096903784783,0.01914119145331261
rolling,2,OLS,None,2018-01-01,3.075673684210526,3.246553584635702,-0.17087990042517598
rolling,2,OLS,None,2018-02-01,3.065655,2.9501147368256504,0.11554026317434962
rolling,2,OLS,None,2018-03-01,3.15159,3.087231888909995,0.06435811109000511
rolling,2,OLS,None,2018-04-01,3.30657619047619,2.9416982534619467,0.3648779370142434
rolling,2,OLS,None,2018-05-01,3.4621947368421053,3.238986895728867,0.2232078411132381
rolling,2,OLS,None,2018-06-01,3.6392136363636367,2.939355886636954,0.6998577497266827
rolling,2,OLS,None,2018-07-01,3.934538095238095,3.173490740264538,0.7610473549735572
rolling,2,OLS,None,2018-08-01,4.20315,3.501259585584309,0.7018904144156908
rolling,2,OLS,None,2018-09-01,4.641321739130435,3.358745105116073,1.2825766340143616
rolling,2,OLS,None,2018-10-01,4.782921052631579,3.8501864997493005,0.9327345528822786
rolling,2,OLS,None,2018-11-01,4.948788235294118,3.9674253611309407,0.9813628741631772
rolling,2,OLS,None,2018-12-01,5.096627272727273,3.857353881535582,1.2392733911916904
rolling,2,OLS,None,2019-01-01,5.116333333333333,3.8957625974625936,1.2205707358707398
rolling,2,OLS,None,2019-02-01,5.169666666666667,3.8854723615045983,1.2841943051620688
rolling,2,OLS,None,2019-03-01,5.220527777777778,3.868999535494024,1.351528242283754
rolling,2,OLS,None,2019-04-01,5.035757142857143,3.7994387116932313,1.236318431163912
rolling,2,OLS,None,2019-05-01,4.934044444444444,4.020264642113939,0.913779802330505
rolling,2,OLS,None,2019-06-01,4.7935,4.269611352922261,0.5238886470777393
rolling,2,OLS,None,2019-07-01,4.410036842105264,4.045191785345597,0.36484505675966616
rolling,2,OLS,None,2019-08-01,4.32444761904762,5.02933019383795,-0.7048825747903296
rolling,2,OLS,None,2019-09-01,4.088347826086957,3.6890243343760973,0.39932349171085946
rolling,2,OLS,None,2019-10-01,4.01318,2.788073205590208,1.225106794409792
rolling,2,OLS,None,2019-11-01,3.979216666666667,2.8649876389608377,1.114229027705829
rolling,2,OLS,None,2019-12-01,3.831255,3.074692868271177,0.7565621317288231
rolling,2,OLS,POSNEG,2016-01-01,2.5197684210526314,1.996248011357207,0.5235204096954245
rolling,2,OLS,POSNEG,2016-02-01,2.528319047619048,2.0881357929712454,0.4401832546478026
rolling,2,OLS,POSNEG,2016-03-01,2.523847619047619,2.4144130795571157,0.10943453949050319
rolling,2,OLS,POSNEG,2016-04-01,2.525338095238096,2.647936169545154,-0.12259807430705782
rolling,2,OLS,POSNEG,2016-05-01,2.51565,2.7898725363823766,-0.2742225363823767
rolling,2,OLS,POSNEG,2016-06-01,2.5214052631578947,3.038689352983808,-0.5172840898259135
rolling,2,OLS,POSNEG,2016-07-01,2.517215,2.653110757526532,-0.13589575752653182
rolling,2,OLS,POSNEG,2016-08-01,2.514826315789474,2.8712921552093795,-0.3564658394199056
rolling,2,OLS,POSNEG,2016-09-01,2.5058625,2.7985504196456352,-0.2926879196456351
rolling,2,OLS,POSNEG,2016-10-01,2.5015650000000003,2.4157235257412957,0.08584147425870459
rolling,2,OLS,POSNEG,2016-11-01,2.518775,2.3153434262074932,0.20343157379250698
rolling,2,OLS,POSNEG,2016-12-01,2.527788888888889,2.592630936024785,-0.06484204713589614
rolling,2,OLS,POSNEG,2017-01-01,2.51759375,2.8212197488110644,-0.30362599881106433
rolling,2,OLS,POSNEG,2017-02-01,2.535536363636364,2.4400139623631283,0.09552240127323586
rolling,2,OLS,POSNEG,2017-03-01,2.5772411764705883,2.3603376337963953,0.21690354267419298
rolling,2,OLS,POSNEG,2017-04-01,2.57815,2.2947108535371776,0.2834391464628223
rolling,2,OLS,POSNEG,2017-05-01,2.5543,1.7178330967011213,0.8364669032988787
rolling,2,OLS,POSNEG,2017-06-01,2.5655,1.981001865200299,0.5844981347997011
rolling,2,OLS,POSNEG,2017-07-01,2.553335294117648,1.8027372524605165,0.7505980416571316
rolling,2,OLS,POSNEG,2017-08-01,2.5712,1.4822118165359226,1.0889881834640776
rolling,2,OLS,POSNEG,2017-09-01,2.65784,2.1122397052204382,0.545600294779562
rolling,2,OLS,POSNEG,2017-10-01,2.69046,2.2808364347810905,0.4096235652189093
rolling,2,OLS,POSNEG,2017-11-01,3.0855473684210524,2.9286766321205784,0.156870736300474
rolling,2,OLS,POSNEG,2017-12-01,3.0982380952380955,3.081726157411138,0.016511937826957368
rolling,2,OLS,POSNEG,2018-01-01,3.075673684210526,3.191901502504415,-0.11622781829388895
rolling,2,OLS,POSNEG,2018-02-01,3.065655,2.8371797635311324,0.22847523646886758
rolling,2,OLS,POSNEG,2018-03-01,3.15159,3.0949681570966425,0.05662184290335759
rolling,2,OLS,POSNEG,2018-04-01,3.30657619047619,2.8789758642710863,0.4276003262051038
rolling,2,OLS,POSNEG,2018-05-01,3.4621947368421053,3.2573195576283585,0.20487517921374687
rolling,2,OLS,POSNEG,2018-06-01,3.6392136363636367,2.8813627315597605,0.7578509048038762
rolling,2,OLS,POSNEG,2018-07-01,3.934538095238095,3.1547296735058477,0.7798084217322474
rolling,2,OLS,POSNEG,2018-08-01,4.20315,3.5470103924172256,0.6561396075827743
rolling,2,OLS,POSNEG,2018-09-01,4.641321739130435,3.374493698145565,1.2668280409848696
rolling,2,OLS,POSNEG,2018-10-01,4.782921052631579,3.9438871727240903,0.8390338799074888
rolling,2,OLS,POSNEG,2018-11-01,4.948788235294118,4.096238121168501,0.8525501141256173
rolling,2,OLS,POSNEG,2018-12-01,5.096627272727273,3.951821442589212,1.1448058301380604
rolling,2,OLS,POSNEG,2019-01-01,5.116333333333333,3.8998343437176564,1.216498989615677
rolling,2,OLS,POSNEG,2019-02-01,5.169666666666667,3.2736316435570525,1.8960350231096146
rolling,2,OLS,POSNEG,2019-03-01,5.220527777777778,4.031479295066653,1.189048482711125
rolling,2,OLS,POSNEG,2019-04-01,5.035757142857143,4.015776056410101,1.019981086447042
rolling,2,OLS,POSNEG,2019-05-01,4.934044444444444,4.170697080074785,0.7633473643696593
rolling,2,OLS,POSNEG,2019-06-01,4.7935,4.2634559516054455,0.5300440483945543
rolling,2,OLS,POSNEG,2019-07-01,4.410036842105264,4.000234461758113,0.4098023803471502
rolling,2,OLS,POSNEG,2019-08-01,4.32444761904762,5.055287221337769,-0.7308396022901489
rolling,2,OLS,POSNEG,2019-09-01,4.088347826086957,3.8504477082838062,0.23790011780315057
rolling,2,OLS,POSNEG,2019-10-01,4.01318,2.837312801920699,1.1758671980793012
rolling,2,OLS,POSNEG,2019-11-01,3.979216666666667,2.8751669763610543,1.1040496903056125
rolling,2,OLS,POSNEG,2019-12-01,3.831255,3.1919031200453034,0.6393518799546967
rolling,2,OLS,ToneMean,2016-01-01,2.5197684210526314,1.9597991465008922,0.5599692745517393
rolling,2,OLS,ToneMean,2016-02-01,2.528319047619048,2.08720906514292,0.441109982476128
rolling,2,OLS,ToneMean,2016-03-01,2.523847619047619,2.4052282706908485,0.11861934835677035
rolling,2,OLS,ToneMean,2016-04-01,2.525338095238096,2.659954999523838,-0.1346169042857417
rolling,2,OLS,ToneMean,2016-05-01,2.51565,2.787766722069584,-0.27211672206958415
rolling,2,OLS,ToneMean,2016-06-01,2.5214052631578947,3.0625589556028627,-0.541153692444968
rolling,2,OLS,ToneMean,2016-07-01,2.517215,2.657259593352724,-0.1400445933527239
rolling,2,OLS,ToneMean,2016-08-01,2.514826315789474,2.8011841406025466,-0.2863578248130727
rolling,2,OLS,ToneMean,2016-09-01,2.5058625,2.746563746816774,-0.24070124681677374
rolling,2,OLS,ToneMean,2016-10-01,2.5015650000000003,2.3411468274442297,0.1604181725557705
rolling,2,OLS,ToneMean,2016-11-01,2.518775,2.299939570858842,0.21883542914115806
rolling,2,OLS,ToneMean,2016-12-01,2.527788888888889,2.6573344506777286,-0.1295455617888397
rolling,2,OLS,ToneMean,2017-01-01,2.51759375,2.740773706693566,-0.22317995669356572
rolling,2,OLS,ToneMean,2017-02-01,2.535536363636364,2.3882882555287877,0.1472481081075765
rolling,2,OLS,ToneMean,2017-03-01,2.5772411764705883,2.3582557797243444,0.21898539674624384
rolling,2,OLS,ToneMean,2017-04-01,2.57815,2.321436051837127,0.2567139481628731
rolling,2,OLS,ToneMean,2017-05-01,2.5543,1.7330903025054036,0.8212096974945964
rolling,2,OLS,ToneMean,2017-06-01,2.5655,1.9905586022471082,0.5749413977528919
rolling,2,OLS,ToneMean,2017-07-01,2.553335294117648,1.805907923271763,0.7474273708458852
rolling,2,OLS,ToneMean,2017-08-01,2.5712,1.4828443635014066,1.0883556364985936
rolling,2,OLS,ToneMean,2017-09-01,2.65784,2.140344920345853,0.5174950796541471
rolling,2,OLS,ToneMean,2017-10-01,2.69046,2.2898994997448394,0.40056050025516043
rolling,2,OLS,ToneMean,2017-11-01,3.0855473684210524,2.931641241992147,0.15390612642890522
rolling,2,OLS,ToneMean,2017-12-01,3.0982380952380955,3.082096742364893,0.016141352873202397
rolling,2,OLS,ToneMean,2018-01-01,3.075673684210526,3.2003017879314424,-0.12462810372091626
rolling,2,OLS,ToneMean,2018-02-01,3.065655,2.8427409698801394,0.22291403011986066
rolling,2,OLS,ToneMean,2018-03-01,3.15159,3.0913322551725093,0.0602577448274908
rolling,2,OLS,ToneMean,2018-04-01,3.30657619047619,2.880005391887701,0.426570798588489
rolling,2,OLS,ToneMean,2018-05-01,3.4621947368421053,3.2648372798233187,0.1973574570187866
rolling,2,OLS,ToneMean,2018-06-01,3.6392136363636367,2.894401622966782,0.7448120133968548
rolling,2,OLS,ToneMean,2018-07-01,3.934538095238095,3.164081372550447,0.7704567226876482
rolling,2,OLS,ToneMean,2018-08-01,4.20315,3.521998456014556,0.6811515439854441
rolling,2,OLS,ToneMean,2018-09-01,4.641321739130435,3.36151004231739,1.2798116968130446
rolling,2,OLS,ToneMean,2018-10-01,4.782921052631579,3.8809432586418247,0.9019777939897544
rolling,2,OLS,ToneMean,2018-11-01,4.948788235294118,4.050618666855556,0.8981695684385622
rolling,2,OLS,ToneMean,2018-12-01,5.096627272727273,3.9278959322029747,1.1687313405242978
rolling,2,OLS,ToneMean,2019-01-01,5.116333333333333,3.788296853998955,1.3280364793343784
rolling,2,OLS,ToneMean,2019-02-01,5.169666666666667,3.7234145524483537,1.4462521142183133
rolling,2,OLS,ToneMean,2019-03-01,5.220527777777778,4.032400503907606,1.1881272738701716
rolling,2,OLS,ToneMean,2019-04-01,5.035757142857143,4.053337132411748,0.9824200104453951
rolling,2,OLS,ToneMean,2019-05-01,4.934044444444444,4.09457916010472,0.8394652843397239
rolling,2,OLS,ToneMean,2019-06-01,4.7935,4.220789805350789,0.5727101946492112
rolling,2,OLS,ToneMean,2019-07-01,4.410036842105264,4.0318046043014855,0.3782322378037781
rolling,2,OLS,ToneMean,2019-08-01,4.32444761904762,4.936155549049909,-0.6117079300022885
rolling,2,OLS,ToneMean,2019-09-01,4.088347826086957,3.882117352507569,0.20623047357938784
rolling,2,OLS,ToneMean,2019-10-01,4.01318,2.859694529797553,1.153485470202447
rolling,2,OLS,ToneMean,2019-11-01,3.979216666666667,2.8620676626531245,1.1171490040135423
rolling,2,OLS,ToneMean,2019-12-01,3.831255,3.164542700466061,0.666712299533939
rolling,2,Ridge,NEG,2016-01-01,2.5197684210526314,1.9794361764586483,0.5403322445939831
rolling,2,Ridge,NEG,2016-02-01,2.528319047619048,2.0813059552934083,0.4470130923256397
rolling,2,Ridge,NEG,2016-03-01,2.523847619047619,2.4070206933925404,0.11682692565507846
rolling,2,Ridge,NEG,2016-04-01,2.525338095238096,2.6395181270198673,-0.11418003178177116
rolling,2,Ridge,NEG,2016-05-01,2.51565,2.746789422886521,-0.23113942288652112
rolling,2,Ridge,NEG,2016-06-01,2.5214052631578947,3.017092351537066,-0.4956870883791713
rolling,2,Ridge,NEG,2016-07-01,2.517215,2.669153883235809,-0.15193888323580884
rolling,2,Ridge,NEG,2016-08-01,2.514826315789474,2.838694281997805,-0.323867966208331
rolling,2,Ridge,NEG,2016-09-01,2.5058625,2.7951306837881926,-0.2892681837881925
rolling,2,Ridge,NEG,2016-10-01,2.5015650000000003,2.405297584028598,0.09626741597140231
rolling,2,Ridge,NEG,2016-11-01,2.518775,2.33841839477965,0.18035660522035002
rolling,2,Ridge,NEG,2016-12-01,2.527788888888889,2.6186935424368443,-0.0909046535479554
rolling,2,Ridge,NEG,2017-01-01,2.51759375,2.8048101868583895,-0.2872164368583894
rolling,2,Ridge,NEG,2017-02-01,2.535536363636364,2.4212437513053686,0.11429261233099552
rolling,2,Ridge,NEG,2017-03-01,2.5772411764705883,2.3521107939347274,0.22513038253586082
rolling,2,Ridge,NEG,2017-04-01,2.57815,2.2847362424395103,0.2934137575604896
rolling,2,Ridge,NEG,2017-05-01,2.5543,1.7499849049833767,0.8043150950166233
rolling,2,Ridge,NEG,2017-06-01,2.5655,1.9987874936168486,0.5667125063831515
rolling,2,Ridge,NEG,2017-07-01,2.553335294117648,1.8443932401323473,0.7089420539853009
rolling,2,Ridge,NEG,2017-08-01,2.5712,1.5294416835627662,1.041758316437234
rolling,2,Ridge,NEG,2017-09-01,2.65784,2.1449592459804263,0.5128807540195739
rolling,2,Ridge,NEG,2017-10-01,2.69046,2.282228940716058,0.408231059283942
rolling,2,Ridge,NEG,2017-11-01,3.0855473684210524,2.873380861167786,0.21216650725326636
rolling,2,Ridge,NEG,2017-12-01,3.0982380952380955,3.0611308111293276,0.037107284108767846
rolling,2,Ridge,NEG,2018-01-01,3.075673684210526,3.1975377573450947,-0.1218640731345686
rolling,2,Ridge,NEG,2018-02-01,3.065655,2.9094431060647805,0.1562118939352195
rolling,2,Ridge,NEG,2018-03-01,3.15159,3.0761093818846112,0.07548061811538886
rolling,2,Ridge,NEG,2018-04-01,3.30657619047619,2.9087954337575077,0.3977807567186824
rolling,2,Ridge,NEG,2018-05-01,3.4621947368421053,3.2303436858343426,0.2318510510077627
rolling,2,Ridge,NEG,2018-06-01,3.6392136363636367,2.8688305903299933,0.7703830460336434
rolling,2,Ridge,NEG,2018-07-01,3.934538095238095,3.163684954377155,0.77085314086094
rolling,2,Ridge,NEG,2018-08-01,4.20315,3.5286404712465,0.6745095287535001
rolling,2,Ridge,NEG,2018-09-01,4.641321739130435,3.346418822642027,1.2949029164884078
rolling,2,Ridge,NEG,2018-10-01,4.782921052631579,3.817030548748146,0.9658905038834331
rolling,2,Ridge,NEG,2018-11-01,4.948788235294118,3.9391338748856852,1.0096543604084327
rolling,2,Ridge,NEG,2018-12-01,5.096627272727273,3.8328521714947,1.2637751012325724
rolling,2,Ridge,NEG,2019-01-01,5.116333333333333,3.8105023800907336,1.3058309532425998
rolling,2,Ridge,NEG,2019-02-01,5.169666666666667,3.867849440861025,1.301817225805642
rolling,2,Ridge,NEG,2019-03-01,5.220527777777778,3.8395000792627934,1.3810276985149845
rolling,2,Ridge,NEG,2019-04-01,5.035757142857143,3.8048258815771527,1.2309312612799905
rolling,2,Ridge,NEG,2019-05-01,4.934044444444444,3.9763534752639065,0.9576909691805375
rolling,2,Ridge,NEG,2019-06-01,4.7935,4.231593450313299,0.5619065496867011
rolling,2,Ridge,NEG,2019-07-01,4.410036842105264,4.028036240050806,0.3820006020544575
rolling,2,Ridge,NEG,2019-08-01,4.32444761904762,4.9522080385245175,-0.6277604194768971
rolling,2,Ridge,NEG,2019-09-01,4.088347826086957,3.7205791884781765,0.3677686376087803
rolling,2,Ridge,NEG,2019-10-01,4.01318,2.816391077879107,1.1967889221208932
rolling,2,Ridge,NEG,2019-11-01,3.979216666666667,2.8974780437348517,1.081738622931815
rolling,2,Ridge,NEG,2019-12-01,3.831255,3.1786796409538884,0.6525753590461116
rolling,2,Ridge,None,2016-01-01,2.5197684210526314,1.9708277040271032,0.5489407170255283
rolling,2,Ridge,None,2016-02-01,2.528319047619048,2.084893240389616,0.44342580722943215
rolling,2,Ridge,None,2016-03-01,2.523847619047619,2.4024016698334023,0.12144594921421659
rolling,2,Ridge,None,2016-04-01,2.525338095238096,2.6449479993802294,-0.11960990414213324
rolling,2,Ridge,None,2016-05-01,2.51565,2.7593376394034195,-0.24368763940341953
rolling,2,Ridge,None,2016-06-01,2.5214052631578947,3.028174271481902,-0.5067690083240075
rolling,2,Ridge,None,2016-07-01,2.517215,2.6651445117100345,-0.14792951171003432
rolling,2,Ridge,None,2016-08-01,2.514826315789474,2.8210697265000677,-0.3062434107105938
rolling,2,Ridge,None,2016-09-01,2.5058625,2.7606342463127094,-0.25477174631270927
rolling,2,Ridge,None,2016-10-01,2.5015650000000003,2.3614780014874515,0.1400869985125488
rolling,2,Ridge,None,2016-11-01,2.518775,2.3196758039508536,0.1990991960491466
rolling,2,Ridge,None,2016-12-01,2.527788888888889,2.6992787495237254,-0.1714898606348365
rolling,2,Ridge,None,2017-01-01,2.51759375,2.747536715893143,-0.22994296589314311
rolling,2,Ridge,None,2017-02-01,2.535536363636364,2.3800245368930604,0.15551182674330377
rolling,2,Ridge,None,2017-03-01,2.5772411764705883,2.367257701577257,0.20998347489333113
rolling,2,Ridge,None,2017-04-01,2.57815,2.321642622706966,0.25650737729303374
rolling,2,Ridge,None,2017-05-01,2.5543,1.778529719940686,0.775770280059314
rolling,2,Ridge,None,2017-06-01,2.5655,2.0145249040628093,0.5509750959371909
rolling,2,Ridge,None,2017-07-01,2.553335294117648,1.8622309577685465,0.6911043363491016
rolling,2,Ridge,None,2017-08-01,2.5712,1.5306190111616127,1.0405809888383875
rolling,2,Ridge,None,2017-09-01,2.65784,2.140975734431178,0.516864265568822
rolling,2,Ridge,None,2017-10-01,2.69046,2.278741894660605,0.411718105339395
rolling,2,Ridge,None,2017-11-01,3.0855473684210524,2.863724834784285,0.22182253363676718
rolling,2,Ridge,None,2017-12-01,3.0982380952380955,3.0591826316876483,0.0390554635504472
rolling,2,Ridge,None,2018-01-01,3.075673684210526,3.2277202806687018,-0.15204659645817564
rolling,2,Ridge,None,2018-02-01,3.065655,2.943821414875311,0.12183358512468923
rolling,2,Ridge,None,2018-03-01,3.15159,3.077399193179221,0.07419080682077928
rolling,2,Ridge,None,2018-04-01,3.30657619047619,2.9338228316777815,0.37275335879840865
rolling,2,Ridge,None,2018-05-01,3.4621947368421053,3.221183463235451,0.24101127360665453
rolling,2,Ridge,None,2018-06-01,3.6392136363636367,2.930432768937176,0.7087808674264608
rolling,2,Ridge,None,2018-07-01,3.934538095238095,3.154929730233696,0.7796083650043992
rolling,2,Ridge,None,2018-08-01,4.20315,3.4740406029185933,0.7291093970814067
rolling,2,Ridge,None,2018-09-01,4.641321739130435,3.3339332768915613,1.3073884622388734
rolling,2,Ridge,None,2018-10-01,4.782921052631579,3.8172978427022484,0.9656232099293307
rolling,2,Ridge,None,2018-11-01,4.948788235294118,3.937865173713743,1.010923061580375
rolling,2,Ridge,None,2018-12-01,5.096627272727273,3.8228291768596785,1.273798095867594
rolling,2,Ridge,None,2019-01-01,5.116333333333333,3.8514049671982242,1.2649283661351092
rolling,2,Ridge,None,2019-02-01,5.169666666666667,3.855681138690035,1.313985527976632
rolling,2,Ridge,None,2019-03-01,5.220527777777778,3.834965133619526,1.3855626441582518
rolling,2,Ridge,None,2019-04-01,5.035757142857143,3.777963822020103,1.2577933208370404
rolling,2,Ridge,None,2019-05-01,4.934044444444444,3.989509843335722,0.9445346011087219
rolling,2,Ridge,None,2019-06-01,4.7935,4.239774233252394,0.5537257667476059
rolling,2,Ridge,None,2019-07-01,4.410036842105264,4.025938437969559,0.3840984041357043
rolling,2,Ridge,None,2019-08-01,4.32444761904762,4.96977134783823,-0.6453237287906095
rolling,2,Ridge,None,2019-09-01,4.088347826086957,3.6813226941157104,0.40702513197124635
rolling,2,Ridge,None,2019-10-01,4.01318,2.805989365958836,1.2071906340411642
rolling,2,Ridge,None,2019-11-01,3.979216666666667,2.876784718573836,1.1024319480928306
rolling,2,Ridge,None,2019-12-01,3.831255,3.0833268525938853,0.7479281474061148
rolling,2,Ridge,POSNEG,2016-01-01,2.5197684210526314,2.010069243799376,0.5096991772532555
rolling,2,Ridge,POSNEG,2016-02-01,2.528319047619048,2.08749139123442,0.44082765638462806
rolling,2,Ridge,POSNEG,2016-03-01,2.523847619047619,2.413823344098909,0.1100242749487097
rolling,2,Ridge,POSNEG,2016-04-01,2.525338095238096,2.63342376257164,-0.10808566733354397
rolling,2,Ridge,POSNEG,2016-05-01,2.51565,2.773053440531334,-0.2574034405313341
rolling,2,Ridge,POSNEG,2016-06-01,2.5214052631578947,3.0010516285481477,-0.47964636539025296
rolling,2,Ridge,POSNEG,2016-07-01,2.517215,2.661048435521109,-0.14383343552110883
rolling,2,Ridge,POSNEG,2016-08-01,2.514826315789474,2.890511672218986,-0.37568535642951195
rolling,2,Ridge,POSNEG,2016-09-01,2.5058625,2.8164105873168586,-0.31054808731685846
rolling,2,Ridge,POSNEG,2016-10-01,2.5015650000000003,2.4377978835581793,0.06376711644182098
rolling,2,Ridge,POSNEG,2016-11-01,2.518775,2.3415289768389256,0.17724602316107463
rolling,2,Ridge,POSNEG,2016-12-01,2.527788888888889,2.611728040242004,-0.08393915135311492
rolling,2,Ridge,POSNEG,2017-01-01,2.51759375,2.82960426781756,-0.31201051781755984
rolling,2,Ridge,POSNEG,2017-02-01,2.535536363636364,2.4266447131629416,0.10889165047342253
rolling,2,Ridge,POSNEG,2017-03-01,2.5772411764705883,2.3548406264095445,0.22240055006104376
rolling,2,Ridge,POSNEG,2017-04-01,2.57815,2.2850876589186004,0.2930623410813995
rolling,2,Ridge,POSNEG,2017-05-01,2.5543,1.74796074537644,0.8063392546235599
rolling,2,Ridge,POSNEG,2017-06-01,2.5655,1.998812953082739,0.5666870469172611
rolling,2,Ridge,POSNEG,2017-07-01,2.553335294117648,1.8443900282497638,0.7089452658678843
rolling,2,Ridge,POSNEG,2017-08-01,2.5712,1.5332135807149512,1.037986419285049
rolling,2,Ridge,POSNEG,2017-09-01,2.65784,2.1237458202706994,0.5340941797293008
rolling,2,Ridge,POSNEG,2017-10-01,2.69046,2.292699397017839,0.397760602982161
rolling,2,Ridge,POSNEG,2017-11-01,3.0855473684210524,2.9069763232629837,0.17857104515806865
rolling,2,Ridge,POSNEG,2017-12-01,3.0982380952380955,3.061570035952575,0.03666805928552064
rolling,2,Ridge,POSNEG,2018-01-01,3.075673684210526,3.1734148225613468,-0.09774113835082066
rolling,2,Ridge,POSNEG,2018-02-01,3.065655,2.8320987462239295,0.23355625377607048
rolling,2,Ridge,POSNEG,2018-03-01,3.15159,3.0841415697425747,0.06744843025742542
rolling,2,Ridge,POSNEG,2018-04-01,3.30657619047619,2.8712974807555125,0.4352787097206776
rolling,2,Ridge,POSNEG,2018-05-01,3.4621947368421053,3.2381393743537576,0.22405536248834768
rolling,2,Ridge,POSNEG,2018-06-01,3.6392136363636367,2.8724502576572704,0.7667633787063663
rolling,2,Ridge,POSNEG,2018-07-01,3.934538095238095,3.1369047986075307,0.7976332966305644
rolling,2,Ridge,POSNEG,2018-08-01,4.20315,3.5173013313751826,0.6858486686248173
rolling,2,Ridge,POSNEG,2018-09-01,4.641321739130435,3.3489520879839607,1.292369651146474
rolling,2,Ridge,POSNEG,2018-10-01,4.782921052631579,3.9089148514379612,0.8740062011936178
rolling,2,Ridge,POSNEG,2018-11-01,4.948788235294118,4.066518280770202,0.8822699545239159
rolling,2,Ridge,POSNEG,2018-12-01,5.096627272727273,3.9195691199166243,1.1770581528106483
rolling,2,Ridge,POSNEG,2019-01-01,5.116333333333333,3.8564837415496926,1.2598495917836408
rolling,2,Ridge,POSNEG,2019-02-01,5.169666666666667,3.2461862930922853,1.9234803735743817
rolling,2,Ridge,POSNEG,2019-03-01,5.220527777777778,3.9976930297682807,1.2228347480094972
rolling,2,Ridge,POSNEG,2019-04-01,5.035757142857143,3.996780878991882,1.038976263865261
rolling,2,Ridge,POSNEG,2019-05-01,4.934044444444444,4.139932854888542,0.7941115895559019
rolling,2,Ridge,POSNEG,2019-06-01,4.7935,4.231148054150664,0.5623519458493362
rolling,2,Ridge,POSNEG,2019-07-01,4.410036842105264,3.9808700685567016,0.42916677354856203
rolling,2,Ridge,POSNEG,2019-08-01,4.32444761904762,4.984583376245973,-0.6601357571983524
rolling,2,Ridge,POSNEG,2019-09-01,4.088347826086957,3.854870878775135,0.2334769473118219
rolling,2,Ridge,POSNEG,2019-10-01,4.01318,2.859423670811697,1.1537563291883033
rolling,2,Ridge,POSNEG,2019-11-01,3.979216666666667,2.888062103509958,1.0911545631567088
rolling,2,Ridge,POSNEG,2019-12-01,3.831255,3.2098975486727617,0.6213574513272384
rolling,2,Ridge,ToneMean,2016-01-01,2.5197684210526314,1.9685623192392248,0.5512061018134067
rolling,2,Ridge,ToneMean,2016-02-01,2.528319047619048,2.086338852249586,0.441980195369462
rolling,2,Ridge,ToneMean,2016-03-01,2.523847619047619,2.4017327857781017,0.12211483326951722
rolling,2,Ridge,ToneMean,2016-04-01,2.525338095238096,2.6475714895862534,-0.12223339434815728
rolling,2,Ridge,ToneMean,2016-05-01,2.51565,2.770192894655052,-0.2545428946550521
rolling,2,Ridge,ToneMean,2016-06-01,2.5214052631578947,3.0280917403907934,-0.5066864772328987
rolling,2,Ridge,ToneMean,2016-07-01,2.517215,2.664931897854846,-0.14771689785484599
rolling,2,Ridge,ToneMean,2016-08-01,2.514826315789474,2.820401725067053,-0.3055754092775791
rolling,2,Ridge,ToneMean,2016-09-01,2.5058625,2.763507975268687,-0.25764547526868675
rolling,2,Ridge,ToneMean,2016-10-01,2.5015650000000003,2.3631732465029014,0.13839175349709887
rolling,2,Ridge,ToneMean,2016-11-01,2.518775,2.3254697481309123,0.19330525186908787
rolling,2,Ridge,ToneMean,2016-12-01,2.527788888888889,2.674453075921656,-0.14666418703276696
rolling,2,Ridge,ToneMean,2017-01-01,2.51759375,2.7518478305006786,-0.23425408050067853
rolling,2,Ridge,ToneMean,2017-02-01,2.535536363636364,2.378811864652949,0.15672449898341512
rolling,2,Ridge,ToneMean,2017-03-01,2.5772411764705883,2.3535953908400504,0.22364578563053783
rolling,2,Ridge,ToneMean,2017-04-01,2.57815,2.3110563072054644,0.26709369279453554
rolling,2,Ridge,ToneMean,2017-05-01,2.5543,1.7629274960888404,0.7913725039111597
rolling,2,Ridge,ToneMean,2017-06-01,2.5655,2.008339791030429,0.5571602089695711
rolling,2,Ridge,ToneMean,2017-07-01,2.553335294117648,1.8482867757893608,0.7050485183282873
rolling,2,Ridge,ToneMean,2017-08-01,2.5712,1.5341560438004338,1.0370439561995664
rolling,2,Ridge,ToneMean,2017-09-01,2.65784,2.150745054959543,0.5070949450404574
rolling,2,Ridge,ToneMean,2017-10-01,2.69046,2.3010883294067694,0.3893716705932304
rolling,2,Ridge,ToneMean,2017-11-01,3.0855473684210524,2.9098457856906883,0.17570158273036407
rolling,2,Ridge,ToneMean,2017-12-01,3.0982380952380955,3.061955347758188,0.03628274747990767
rolling,2,Ridge,ToneMean,2018-01-01,3.075673684210526,3.181661014929922,-0.1059873307193957
rolling,2,Ridge,ToneMean,2018-02-01,3.065655,2.8371977596455555,0.22845724035444448
rolling,2,Ridge,ToneMean,2018-03-01,3.15159,3.0807453587676856,0.07084464123231449
rolling,2,Ridge,ToneMean,2018-04-01,3.30657619047619,2.8720229445431564,0.4345532459330337
rolling,2,Ridge,ToneMean,2018-05-01,3.4621947368421053,3.245194557411593,0.2170001794305123
rolling,2,Ridge,ToneMean,2018-06-01,3.6392136363636367,2.885078439758467,0.7541351966051697
rolling,2,Ridge,ToneMean,2018-07-01,3.934538095238095,3.1452188131852803,0.7893192820528148
rolling,2,Ridge,ToneMean,2018-08-01,4.20315,3.4935358577705578,0.7096141422294422
rolling,2,Ridge,ToneMean,2018-09-01,4.641321739130435,3.336203668105743,1.3051180710246917
rolling,2,Ridge,ToneMean,2018-10-01,4.782921052631579,3.848427116951455,0.9344939356801243
rolling,2,Ridge,ToneMean,2018-11-01,4.948788235294118,4.023139564943093,0.9256486703510252
rolling,2,Ridge,ToneMean,2018-12-01,5.096627272727273,3.895235067605398,1.2013922051218744
rolling,2,Ridge,ToneMean,2019-01-01,5.116333333333333,3.7466350834466327,1.3696982498867007
rolling,2,Ridge,ToneMean,2019-02-01,5.169666666666667,3.6923143376691425,1.4773523289975246
rolling,2,Ridge,ToneMean,2019-03-01,5.220527777777778,3.9978166193011484,1.2227111584766295
rolling,2,Ridge,ToneMean,2019-04-01,5.035757142857143,4.03408246120154,1.0016746816556035
rolling,2,Ridge,ToneMean,2019-05-01,4.934044444444444,4.065360554761287,0.8686838896831572
rolling,2,Ridge,ToneMean,2019-06-01,4.7935,4.19004643371272,0.6034535662872802
rolling,2,Ridge,ToneMean,2019-07-01,4.410036842105264,4.013382260268827,0.39665458183643665
rolling,2,Ridge,ToneMean,2019-08-01,4.32444761904762,4.877247824811107,-0.5528002057634867
rolling,2,Ridge,ToneMean,2019-09-01,4.088347826086957,3.8877117807657777,0.20063604532117907
rolling,2,Ridge,ToneMean,2019-10-01,4.01318,2.8825888015348746,1.1305911984651256
rolling,2,Ridge,ToneMean,2019-11-01,3.979216666666667,2.874572126760124,1.104644539906543
rolling,2,Ridge,ToneMean,2019-12-01,3.831255,3.180852742765516,0.6504022572344841
rolling,2,SVR,NEG,2016-01-01,2.5197684210526314,2.427435686022351,0.0923327350302805
rolling,2,SVR,NEG,2016-02-01,2.528319047619048,2.487776568182653,0.040542479436394885
rolling,2,SVR,NEG,2016-03-01,2.523847619047619,2.514386267976457,0.009461351071161861
rolling,2,SVR,NEG,2016-04-01,2.525338095238096,2.593747306940758,-0.06840921170266201
rolling,2,SVR,NEG,2016-05-01,2.51565,3.0266594456901705,-0.5110094456901706
rolling,2,SVR,NEG,2016-06-01,2.5214052631578947,2.785329510610335,-0.26392424745244014
rolling,2,SVR,NEG,2016-07-01,2.517215,2.5576022643664933,-0.04038726436649309
rolling,2,SVR,NEG,2016-08-01,2.514826315789474,2.746879661439185,-0.23205334564971114
rolling,2,SVR,NEG,2016-09-01,2.5058625,2.688556079891569,-0.18269357989156898
rolling,2,SVR,NEG,2016-10-01,2.5015650000000003,2.6492646157344177,-0.14769961573441748
rolling,2,SVR,NEG,2016-11-01,2.518775,2.193294257545147,0.32548074245485337
rolling,2,SVR,NEG,2016-12-01,2.527788888888889,2.849805200192786,-0.32201631130389696
rolling,2,SVR,NEG,2017-01-01,2.51759375,2.7922307288701336,-0.2746369788701335
rolling,2,SVR,NEG,2017-02-01,2.535536363636364,2.706608347249056,-0.1710719836126917
rolling,2,SVR,NEG,2017-03-01,2.5772411764705883,2.045695739027345,0.5315454374432433
rolling,2,SVR,NEG,2017-04-01,2.57815,2.7279287206404694,-0.1497787206404695
rolling,2,SVR,NEG,2017-05-01,2.5543,2.1891764627615404,0.3651235372384596
rolling,2,SVR,NEG,2017-06-01,2.5655,2.547093409470152,0.018406590529848277
rolling,2,SVR,NEG,2017-07-01,2.553335294117648,2.3421357091383443,0.2111995849793038
rolling,2,SVR,NEG,2017-08-01,2.5712,2.481687311949763,0.08951268805023727
rolling,2,SVR,NEG,2017-09-01,2.65784,2.7741416161594357,-0.11630161615943546
rolling,2,SVR,NEG,2017-10-01,2.69046,2.551988891589315,0.13847110841068488
rolling,2,SVR,NEG,2017-11-01,3.0855473684210524,2.8936294934799562,0.19191787494109613
rolling,2,SVR,NEG,2017-12-01,3.0982380952380955,3.0461668558478934,0.052071239390202084
rolling,2,SVR,NEG,2018-01-01,3.075673684210526,3.18184637557534,-0.10617269136481378
rolling,2,SVR,NEG,2018-02-01,3.065655,2.9597647961397717,0.1058902038602283
rolling,2,SVR,NEG,2018-03-01,3.15159,3.0160652314847196,0.1355247685152805
rolling,2,SVR,NEG,2018-04-01,3.30657619047619,2.9715271257753657,0.3350490647008244
rolling,2,SVR,NEG,2018-05-01,3.4621947368421053,2.883107344173269,0.5790873926688365
rolling,2,SVR,NEG,2018-06-01,3.6392136363636367,3.206130646189954,0.4330829901736828
rolling,2,SVR,NEG,2018-07-01,3.934538095238095,3.2789112638788036,0.6556268313592915
rolling,2,SVR,NEG,2018-08-01,4.20315,3.361720913863018,0.8414290861369818
rolling,2,SVR,NEG,2018-09-01,4.641321739130435,3.2206088313891503,1.4207129077412843
rolling,2,SVR,NEG,2018-10-01,4.782921052631579,3.8468417667086503,0.9360792859229288
rolling,2,SVR,NEG,2018-11-01,4.948788235294118,4.2816044455584805,0.6671837897356374
rolling,2,SVR,NEG,2018-12-01,5.096627272727273,3.8957239340363077,1.2009033386909649
rolling,2,SVR,NEG,2019-01-01,5.116333333333333,3.037284039586642,2.0790492937466913
rolling,2,SVR,NEG,2019-02-01,5.169666666666667,3.2419592868998053,1.9277073797668618
rolling,2,SVR,NEG,2019-03-01,5.220527777777778,3.4481876410388823,1.7723401367388956
rolling,2,SVR,NEG,2019-04-01,5.035757142857143,3.7973365004530297,1.2384206424041135
rolling,2,SVR,NEG,2019-05-01,4.934044444444444,4.020841054850068,0.9132033895943756
rolling,2,SVR,NEG,2019-06-01,4.7935,4.321469184530191,0.4720308154698092
rolling,2,SVR,NEG,2019-07-01,4.410036842105264,3.9924402913836627,0.41759655072160085
rolling,2,SVR,NEG,2019-08-01,4.32444761904762,3.2134373263606992,1.1110102926869212
rolling,2,SVR,NEG,2019-09-01,4.088347826086957,4.014014075235767,0.07433375085118943
rolling,2,SVR,NEG,2019-10-01,4.01318,3.1981889719507137,0.8149910280492865
rolling,2,SVR,NEG,2019-11-01,3.979216666666667,3.417437515093642,0.5617791515730248
rolling,2,SVR,NEG,2019-12-01,3.831255,3.72358450861359,0.10767049138640994
rolling,2,SVR,None,2016-01-01,2.5197684210526314,2.421470391223832,0.09829802982879965
rolling,2,SVR,None,2016-02-01,2.528319047619048,2.532363666204128,-0.004044618585079984
rolling,2,SVR,None,2016-03-01,2.523847619047619,2.5591737115826385,-0.035326092535019615
rolling,2,SVR,None,2016-04-01,2.525338095238096,2.634792782459053,-0.10945468722095697
rolling,2,SVR,None,2016-05-01,2.51565,2.937407692135815,-0.42175769213581527
rolling,2,SVR,None,2016-06-01,2.5214052631578947,2.787123656740268,-0.2657183935823735
rolling,2,SVR,None,2016-07-01,2.517215,2.610786745985076,-0.09357174598507578
rolling,2,SVR,None,2016-08-01,2.514826315789474,2.872008862929219,-0.35718254713974495
rolling,2,SVR,None,2016-09-01,2.5058625,2.5947431878097675,-0.08888068780976743
rolling,2,SVR,None,2016-10-01,2.5015650000000003,2.30436182016635,0.1972031798336502
rolling,2,SVR,None,2016-11-01,2.518775,2.2254357069267687,0.2933392930732315
rolling,2,SVR,None,2016-12-01,2.527788888888889,2.508051918226619,0.01973697066226965
rolling,2,SVR,None,2017-01-01,2.51759375,2.8374628692180948,-0.3198691192180947
rolling,2,SVR,None,2017-02-01,2.535536363636364,2.495506099494052,0.040030264142312255
rolling,2,SVR,None,2017-03-01,2.5772411764705883,2.1608087316344498,0.4164324448361385
rolling,2,SVR,None,2017-04-01,2.57815,2.702076873588272,-0.12392687358827192
rolling,2,SVR,None,2017-05-01,2.5543,2.2210263617485735,0.33327363825142653
rolling,2,SVR,None,2017-06-01,2.5655,2.5860700487634607,-0.02057004876346058
rolling,2,SVR,None,2017-07-01,2.553335294117648,2.347507732608955,0.20582756150869308
rolling,2,SVR,None,2017-08-01,2.5712,2.4703954929437817,0.10080450705621846
rolling,2,SVR,None,2017-09-01,2.65784,2.7447517542110704,-0.08691175421107022
rolling,2,SVR,None,2017-10-01,2.69046,2.6066082668794266,0.08385173312057326
rolling,2,SVR,None,2017-11-01,3.0855473684210524,2.9315210684848747,0.15402629993617767
rolling,2,SVR,None,2017-12-01,3.0982380952380955,3.15271649337231,-0.05447839813421451
rolling,2,SVR,None,2018-01-01,3.075673684210526,3.11641291772813,-0.04073923351760378
rolling,2,SVR,None,2018-02-01,3.065655,2.944056877312082,0.12159812268791814
rolling,2,SVR,None,2018-03-01,3.15159,3.003908863254948,0.14768113674505212
rolling,2,SVR,None,2018-04-01,3.30657619047619,2.984410095853855,0.32216609462233503
rolling,2,SVR,None,2018-05-01,3.4621947368421053,2.794172740429971,0.6680219964121341
rolling,2,SVR,None,2018-06-01,3.6392136363636367,3.114157811553246,0.5250558248103907
rolling,2,SVR,None,2018-07-01,3.934538095238095,3.2210370365978527,0.7135010586402424
rolling,2,SVR,None,2018-08-01,4.20315,3.512131678871573,0.6910183211284271
rolling,2,SVR,None,2018-09-01,4.641321739130435,3.3935232686427135,1.2477984704877212
rolling,2,SVR,None,2018-10-01,4.782921052631579,3.9736515141900624,0.8092695384415167
rolling,2,SVR,None,2018-11-01,4.948788235294118,4.3761591820368,0.5726290532573177
rolling,2,SVR,None,2018-12-01,5.096627272727273,4.103934776766009,0.992692495961264
rolling,2,SVR,None,2019-01-01,5.116333333333333,2.946987427853281,2.1693459054800526
rolling,2,SVR,None,2019-02-01,5.169666666666667,3.4299194694665243,1.7397471972001428
rolling,2,SVR,None,2019-03-01,5.220527777777778,3.4809314207633735,1.7395963570144044
rolling,2,SVR,None,2019-04-01,5.035757142857143,3.9622259495614585,1.0735311932956848
rolling,2,SVR,None,2019-05-01,4.934044444444444,4.18784340310006,0.746201041344384
rolling,2,SVR,None,2019-06-01,4.7935,4.342390934869492,0.45110906513050786
rolling,2,SVR,None,2019-07-01,4.410036842105264,3.9393872672359054,0.4706495748693582
rolling,2,SVR,None,2019-08-01,4.32444761904762,3.179404073039001,1.1450435460086195
rolling,2,SVR,None,2019-09-01,4.088347826086957,4.170807523746005,-0.08245969765904793
rolling,2,SVR,None,2019-10-01,4.01318,3.186402812720461,0.8267771872795393
rolling,2,SVR,None,2019-11-01,3.979216666666667,3.40160844570946,0.5776082209572069
rolling,2,SVR,None,2019-12-01,3.831255,3.6437064762258142,0.18754852377418585
rolling,2,SVR,POSNEG,2016-01-01,2.5197684210526314,2.4470621733275366,0.07270624772509482
rolling,2,SVR,POSNEG,2016-02-01,2.528319047619048,2.4144202848896694,0.1138987627293786
rolling,2,SVR,POSNEG,2016-03-01,2.523847619047619,2.490066490781409,0.03378112826620994
rolling,2,SVR,POSNEG,2016-04-01,2.525338095238096,2.631761842728004,-0.10642374748990768
rolling,2,SVR,POSNEG,2016-05-01,2.51565,3.0504096859601866,-0.5347596859601866
rolling,2,SVR,POSNEG,2016-06-01,2.5214052631578947,2.859270511090917,-0.3378652479330224
rolling,2,SVR,POSNEG,2016-07-01,2.517215,2.6001063284863166,-0.08289132848631642
rolling,2,SVR,POSNEG,2016-08-01,2.514826315789474,2.7398352658509557,-0.2250089500614818
rolling,2,SVR,POSNEG,2016-09-01,2.5058625,2.6562556900326086,-0.15039319003260854
rolling,2,SVR,POSNEG,2016-10-01,2.5015650000000003,2.5143589217822617,-0.012793921782261464
rolling,2,SVR,POSNEG,2016-11-01,2.518775,2.1632263177478417,0.3555486822521585
rolling,2,SVR,POSNEG,2016-12-01,2.527788888888889,2.8380032514847784,-0.3102143625958895
rolling,2,SVR,POSNEG,2017-01-01,2.51759375,2.755735178549229,-0.2381414285492287
rolling,2,SVR,POSNEG,2017-02-01,2.535536363636364,2.65241290373032,-0.11687654009395576
rolling,2,SVR,POSNEG,2017-03-01,2.5772411764705883,2.0441056317380344,0.5331355447325539
rolling,2,SVR,POSNEG,2017-04-01,2.57815,2.691495132290397,-0.11334513229039711
rolling,2,SVR,POSNEG,2017-05-01,2.5543,2.207542721130045,0.3467572788699549
rolling,2,SVR,POSNEG,2017-06-01,2.5655,2.5372165188295517,0.028283481170448432
rolling,2,SVR,POSNEG,2017-07-01,2.553335294117648,2.4593224055976104,0.09401288852003775
rolling,2,SVR,POSNEG,2017-08-01,2.5712,2.4595396379909547,0.1116603620090455
rolling,2,SVR,POSNEG,2017-09-01,2.65784,2.6996143846439487,-0.04177438464394845
rolling,2,SVR,POSNEG,2017-10-01,2.69046,2.541064380940238,0.14939561905976184
rolling,2,SVR,POSNEG,2017-11-01,3.0855473684210524,2.923664928381137,0.16188244003991548
rolling,2,SVR,POSNEG,2017-12-01,3.0982380952380955,2.9824058462674663,0.11583224897062916
rolling,2,SVR,POSNEG,2018-01-01,3.075673684210526,3.107513112710693,-0.03183942850016708
rolling,2,SVR,POSNEG,2018-02-01,3.065655,2.9705291567197776,0.09512584328022244
rolling,2,SVR,POSNEG,2018-03-01,3.15159,2.9525807613838855,0.19900923861611464
rolling,2,SVR,POSNEG,2018-04-01,3.30657619047619,2.991277616884577,0.3152985735916132
rolling,2,SVR,POSNEG,2018-05-01,3.4621947368421053,2.9106348361069467,0.5515599007351586
rolling,2,SVR,POSNEG,2018-06-01,3.6392136363636367,3.2075888294630324,0.43162480690060434
rolling,2,SVR,POSNEG,2018-07-01,3.934538095238095,3.3224687348114537,0.6120693604266414
rolling,2,SVR,POSNEG,2018-08-01,4.20315,3.4393221589179124,0.7638278410820876
rolling,2,SVR,POSNEG,2018-09-01,4.641321739130435,3.183717278548975,1.4576044605814595
rolling,2,SVR,POSNEG,2018-10-01,4.782921052631579,3.5323233469715833,1.2505977056599957
rolling,2,SVR,POSNEG,2018-11-01,4.948788235294118,4.16182177533275,0.7869664599613682
rolling,2,SVR,POSNEG,2018-12-01,5.096627272727273,3.9180927572981066,1.178534515429166
rolling,2,SVR,POSNEG,2019-01-01,5.116333333333333,3.063872857911418,2.0524604754219156
rolling,2,SVR,POSNEG,2019-02-01,5.169666666666667,2.5940522181195482,2.575614448547119
rolling,2,SVR,POSNEG,2019-03-01,5.220527777777778,3.352547049370458,1.86798072840732
rolling,2,SVR,POSNEG,2019-04-01,5.035757142857143,3.716216255611362,1.3195408872457812
rolling,2,SVR,POSNEG,2019-05-01,4.934044444444444,4.009306357957811,0.9247380864866326
rolling,2,SVR,POSNEG,2019-06-01,4.7935,4.107478907577427,0.6860210924225729
rolling,2,SVR,POSNEG,2019-07-01,4.410036842105264,3.8565940273011163,0.5534428148041473
rolling,2,SVR,POSNEG,2019-08-01,4.32444761904762,3.2533052556541424,1.071142363393478
rolling,2,SVR,POSNEG,2019-09-01,4.088347826086957,3.975282959656494,0.11306486643046298
rolling,2,SVR,POSNEG,2019-10-01,4.01318,3.281922759375988,0.7312572406240121
rolling,2,SVR,POSNEG,2019-11-01,3.979216666666667,3.4270174948065093,0.5521991718601575
rolling,2,SVR,POSNEG,2019-12-01,3.831255,3.6924177771657907,0.1388372228342094
rolling,2,SVR,ToneMean,2016-01-01,2.5197684210526314,2.4408813025357894,0.07888711851684205
rolling,2,SVR,ToneMean,2016-02-01,2.528319047619048,2.485153090414016,0.0431659572050318
rolling,2,SVR,ToneMean,2016-03-01,2.523847619047619,2.513123349496664,0.010724269550955068
rolling,2,SVR,ToneMean,2016-04-01,2.525338095238096,2.631454966123557,-0.10611687088546073
rolling,2,SVR,ToneMean,2016-05-01,2.51565,3.057501565428539,-0.541851565428539
rolling,2,SVR,ToneMean,2016-06-01,2.5214052631578947,2.8121212769037385,-0.29071601374584377
rolling,2,SVR,ToneMean,2016-07-01,2.517215,2.5771756337201257,-0.0599606337201255
rolling,2,SVR,ToneMean,2016-08-01,2.514826315789474,2.8350497556329843,-0.3202234398435104
rolling,2,SVR,ToneMean,2016-09-01,2.5058625,2.6041860397649983,-0.09832353976499819
rolling,2,SVR,ToneMean,2016-10-01,2.5015650000000003,2.2607671472243904,0.24079785277560983
rolling,2,SVR,ToneMean,2016-11-01,2.518775,2.1740159221367206,0.34475907786327964
rolling,2,SVR,ToneMean,2016-12-01,2.527788888888889,2.63952583827634,-0.11173694938745093
rolling,2,SVR,ToneMean,2017-01-01,2.51759375,2.8141295054321924,-0.29653575543219235
rolling,2,SVR,ToneMean,2017-02-01,2.535536363636364,2.528344309184976,0.007192054451388152
rolling,2,SVR,ToneMean,2017-03-01,2.5772411764705883,2.1675033491723177,0.4097378272982706
rolling,2,SVR,ToneMean,2017-04-01,2.57815,2.7201661448772243,-0.14201614487722436
rolling,2,SVR,ToneMean,2017-05-01,2.5543,2.204176924191714,0.35012307580828583
rolling,2,SVR,ToneMean,2017-06-01,2.5655,2.5619561403191686,0.003543859680831485
rolling,2,SVR,ToneMean,2017-07-01,2.553335294117648,2.4199269968354913,0.13340829728215686
rolling,2,SVR,ToneMean,2017-08-01,2.5712,2.422201409522925,0.14899859047707498
rolling,2,SVR,ToneMean,2017-09-01,2.65784,2.771852784140278,-0.11401278414027782
rolling,2,SVR,ToneMean,2017-10-01,2.69046,2.5638621969336173,0.12659780306638257
rolling,2,SVR,ToneMean,2017-11-01,3.0855473684210524,2.9860111092344583,0.09953625918659403
rolling,2,SVR,ToneMean,2017-12-01,3.0982380952380955,2.9964880964905607,0.10174999874753476
rolling,2,SVR,ToneMean,2018-01-01,3.075673684210526,3.142081584804114,-0.06640790059358803
rolling,2,SVR,ToneMean,2018-02-01,3.065655,2.9871872390666074,0.07846776093339258
rolling,2,SVR,ToneMean,2018-03-01,3.15159,2.9930630559251594,0.1585269440748407
rolling,2,SVR,ToneMean,2018-04-01,3.30657619047619,2.9681442286471187,0.3384319618290714
rolling,2,SVR,ToneMean,2018-05-01,3.4621947368421053,2.8750595271852046,0.5871352096569007
rolling,2,SVR,ToneMean,2018-06-01,3.6392136363636367,3.2846935522645566,0.3545200840990801
rolling,2,SVR,ToneMean,2018-07-01,3.934538095238095,3.3429247200038708,0.5916133752342243
rolling,2,SVR,ToneMean,2018-08-01,4.20315,3.537975103379849,0.665174896620151
rolling,2,SVR,ToneMean,2018-09-01,4.641321739130435,3.2111599208617907,1.430161818268644
rolling,2,SVR,ToneMean,2018-10-01,4.782921052631579,3.5767564494678994,1.2061646031636797
rolling,2,SVR,ToneMean,2018-11-01,4.948788235294118,4.123966211918289,0.8248220233758286
rolling,2,SVR,ToneMean,2018-12-01,5.096627272727273,3.94948520460488,1.1471420681223927
rolling,2,SVR,ToneMean,2019-01-01,5.116333333333333,2.899478433876162,2.2168548994571715
rolling,2,SVR,ToneMean,2019-02-01,5.169666666666667,3.223769613136781,1.9458970535298863
rolling,2,SVR,ToneMean,2019-03-01,5.220527777777778,3.4200363335984445,1.8004914441793334
rolling,2,SVR,ToneMean,2019-04-01,5.035757142857143,3.829293506787474,1.2064636360696692
rolling,2,SVR,ToneMean,2019-05-01,4.934044444444444,4.056303323763941,0.8777411206805033
rolling,2,SVR,ToneMean,2019-06-01,4.7935,4.208314703821594,0.5851852961784063
rolling,2,SVR,ToneMean,2019-07-01,4.410036842105264,4.0653758230003785,0.3446610191048851
rolling,2,SVR,ToneMean,2019-08-01,4.32444761904762,3.3105678262247027,1.0138797928229177
rolling,2,SVR,ToneMean,2019-09-01,4.088347826086957,3.968445845641968,0.11990198044498879
rolling,2,SVR,ToneMean,2019-10-01,4.01318,3.2541695428033464,0.7590104571966538
rolling,2,SVR,ToneMean,2019-11-01,3.979216666666667,3.4624070163455625,0.5168096503211044
rolling,2,SVR,ToneMean,2019-12-01,3.831255,3.7381930710661413,0.09306192893385878
rolling,3,ElasticNet,NEG,2016-01-01,2.528319047619048,1.952482114687785,0.5758369329312629
rolling,3,ElasticNet,NEG,2016-02-01,2.523847619047619,2.089568680899132,0.43427893814848684
rolling,3,ElasticNet,NEG,2016-03-01,2.525338095238096,2.443578809338356,0.08175928589974024
rolling,3,ElasticNet,NEG,2016-04-01,2.51565,2.603248381322521,-0.08759838132252096
rolling,3,ElasticNet,NEG,2016-05-01,2.5214052631578947,2.7406092504862967,-0.21920398732840196
rolling,3,ElasticNet,NEG,2016-06-01,2.517215,2.9660529942092304,-0.4488379942092302
rolling,3,ElasticNet,NEG,2016-07-01,2.514826315789474,2.6393073249381898,-0.12448100914871585
rolling,3,ElasticNet,NEG,2016-08-01,2.5058625,2.8161686213874835,-0.31030612138748337
rolling,3,ElasticNet,NEG,2016-09-01,2.5015650000000003,2.8043806408924623,-0.30281564089246205
rolling,3,ElasticNet,NEG,2016-10-01,2.518775,2.4420160602294403,0.07675893977055992
rolling,3,ElasticNet,NEG,2016-11-01,2.527788888888889,2.415380442561639,0.11240844632724967
rolling,3,ElasticNet,NEG,2016-12-01,2.51759375,2.6727542804381503,-0.15516053043815026
rolling,3,ElasticNet,NEG,2017-01-01,2.535536363636364,2.8930510744608675,-0.35751471082450337
rolling,3,ElasticNet,NEG,2017-02-01,2.5772411764705883,2.5178857197055233,0.05935545676506493
rolling,3,ElasticNet,NEG,2017-03-01,2.57815,2.3971090082378432,0.1810409917621567
rolling,3,ElasticNet,NEG,2017-04-01,2.5543,2.363011634597333,0.19128836540266692
rolling,3,ElasticNet,NEG,2017-05-01,2.5655,1.8136105978888704,0.7518894021111298
rolling,3,ElasticNet,NEG,2017-06-01,2.553335294117648,2.0523071152102994,0.5010281789073487
rolling,3,ElasticNet,NEG,2017-07-01,2.5712,1.9462122929365429,0.6249877070634573
rolling,3,ElasticNet,NEG,2017-08-01,2.65784,1.6629047468826195,0.9949352531173807
rolling,3,ElasticNet,NEG,2017-09-01,2.69046,2.197099892441179,0.493360107558821
rolling,3,ElasticNet,NEG,2017-10-01,3.0855473684210524,2.296554596212835,0.7889927722082173
rolling,3,ElasticNet,NEG,2017-11-01,3.0982380952380955,2.8233932822029257,0.2748448130351697
rolling,3,ElasticNet,NEG,2017-12-01,3.075673684210526,2.957647955254239,0.11802572895628716
rolling,3,ElasticNet,NEG,2018-01-01,3.065655,3.1295732870594115,-0.0639182870594115
rolling,3,ElasticNet,NEG,2018-02-01,3.15159,2.89082642174472,0.26076357825527996
rolling,3,ElasticNet,NEG,2018-03-01,3.30657619047619,3.05707314300134,0.24950304747485008
rolling,3,ElasticNet,NEG,2018-04-01,3.4621947368421053,2.909514891818846,0.5526798450232593
rolling,3,ElasticNet,NEG,2018-05-01,3.6392136363636367,3.2183922127348836,0.4208214236287531
rolling,3,ElasticNet,NEG,2018-06-01,3.934538095238095,2.9276374328043424,1.0069006624337526
rolling,3,ElasticNet,NEG,2018-07-01,4.20315,3.16176148521698,1.0413885147830197
rolling,3,ElasticNet,NEG,2018-08-01,4.641321739130435,3.555108788909522,1.0862129502209128
rolling,3,ElasticNet,NEG,2018-09-01,4.782921052631579,3.5025407330414637,1.2803803195901153
rolling,3,ElasticNet,NEG,2018-10-01,4.948788235294118,3.9963969896629035,0.9523912456312145
rolling,3,ElasticNet,NEG,2018-11-01,5.096627272727273,4.077811080965395,1.0188161917618777
rolling,3,ElasticNet,NEG,2018-12-01,5.116333333333333,3.963814478920622,1.1525188544127114
rolling,3,ElasticNet,NEG,2019-01-01,5.169666666666667,3.8877354377317355,1.2819312289349316
rolling,3,ElasticNet,NEG,2019-02-01,5.220527777777778,3.903889368802542,1.316638408975236
rolling,3,ElasticNet,NEG,2019-03-01,5.035757142857143,3.8585713691877936,1.1771857736693496
rolling,3,ElasticNet,NEG,2019-04-01,4.934044444444444,3.789100735228706,1.1449437092157382
rolling,3,ElasticNet,NEG,2019-05-01,4.7935,3.8897257691719735,0.9037742308280263
rolling,3,ElasticNet,NEG,2019-06-01,4.410036842105264,4.160463375493196,0.24957346661206792
rolling,3,ElasticNet,NEG,2019-07-01,4.32444761904762,3.8544551942346543,0.4699924248129661
rolling,3,ElasticNet,NEG,2019-08-01,4.088347826086957,4.680005537194194,-0.5916577111072376
rolling,3,ElasticNet,NEG,2019-09-01,4.01318,3.5450845866971226,0.4680954133028776
rolling,3,ElasticNet,NEG,2019-10-01,3.979216666666667,2.697104977681696,1.2821116889849709
rolling,3,ElasticNet,NEG,2019-11-01,3.831255,2.807250186189268,1.0240048138107323
rolling,3,ElasticNet,NEG,2019-12-01,3.672726315789474,3.083498535826599,0.5892277799628749
rolling,3,ElasticNet,None,2016-01-01,2.528319047619048,1.9507299296001759,0.5775891180188721
rolling,3,ElasticNet,None,2016-02-01,2.523847619047619,2.0895670969861833,0.43428052206143564
rolling,3,ElasticNet,None,2016-03-01,2.525338095238096,2.443575645970813,0.08176244926728327
rolling,3,ElasticNet,None,2016-04-01,2.51565,2.6032517946346365,-0.08760179463463658
rolling,3,ElasticNet,None,2016-05-01,2.5214052631578947,2.746515292787469,-0.22511002962957427
rolling,3,ElasticNet,None,2016-06-01,2.517215,2.972906459152094,-0.45569145915209397
rolling,3,ElasticNet,None,2016-07-01,2.514826315789474,2.636601514088853,-0.1217751982993791
rolling,3,ElasticNet,None,2016-08-01,2.5058625,2.8034477161534497,-0.29758521615344957
rolling,3,ElasticNet,None,2016-09-01,2.5015650000000003,2.7758961962545907,-0.27433119625459046
rolling,3,ElasticNet,None,2016-10-01,2.518775,2.404160010725681,0.11461498927431935
rolling,3,ElasticNet,None,2016-11-01,2.527788888888889,2.398670053257822,0.12911883563106707
rolling,3,ElasticNet,None,2016-12-01,2.51759375,2.7410484021963577,-0.22345465219635763
rolling,3,ElasticNet,None,2017-01-01,2.535536363636364,2.8464760674462966,-0.3109397038099324
rolling,3,ElasticNet,None,2017-02-01,2.5772411764705883,2.486898095362753,0.0903430811078354
rolling,3,ElasticNet,None,2017-03-01,2.57815,2.4082416541589047,0.16990834584109527
rolling,3,ElasticNet,None,2017-04-01,2.5543,2.3920963390510566,0.16220366094894345
rolling,3,ElasticNet,None,2017-05-01,2.5655,1.8359132245876828,0.7295867754123173
rolling,3,ElasticNet,None,2017-06-01,2.553335294117648,2.0630964966910117,0.49023879742663645
rolling,3,ElasticNet,None,2017-07-01,2.5712,1.9575345634064396,0.6136654365935605
rolling,3,ElasticNet,None,2017-08-01,2.65784,1.6629066221107656,0.9949333778892346
rolling,3,ElasticNet,None,2017-09-01,2.69046,2.197099332433102,0.4933606675668978
rolling,3,ElasticNet,None,2017-10-01,3.0855473684210524,2.2954757678724302,0.7900716005486221
rolling,3,ElasticNet,None,2017-11-01,3.0982380952380955,2.8154578886249877,0.28278020661310777
rolling,3,ElasticNet,None,2017-12-01,3.075673684210526,2.957588348095384,0.11808533611514216
rolling,3,ElasticNet,None,2018-01-01,3.065655,3.1477620932669312,-0.08210709326693122
rolling,3,ElasticNet,None,2018-02-01,3.15159,2.9135523280837274,0.23803767191627268
rolling,3,ElasticNet,None,2018-03-01,3.30657619047619,3.0581117689067856,0.24846442156940451
rolling,3,ElasticNet,None,2018-04-01,3.4621947368421053,2.923630725120954,0.5385640117211512
rolling,3,ElasticNet,None,2018-05-01,3.6392136363636367,3.2146449312743313,0.42456870508930544
rolling,3,ElasticNet,None,2018-06-01,3.934538095238095,2.976239965271756,0.9582981299663391
rolling,3,ElasticNet,None,2018-07-01,4.20315,3.158058109269866,1.0450918907301339
rolling,3,ElasticNet,None,2018-08-01,4.641321739130435,3.5161295222691527,1.125192216861282
rolling,3,ElasticNet,None,2018-09-01,4.782921052631579,3.5025423633515858,1.2803786892799933
rolling,3,ElasticNet,None,2018-10-01,4.948788235294118,3.996378929059255,0.9524093062348631
rolling,3,ElasticNet,None,2018-11-01,5.096627272727273,4.077810772765918,1.0188164999613543
rolling,3,ElasticNet,None,2018-12-01,5.116333333333333,3.9551727120433453,1.161160621289988
rolling,3,ElasticNet,None,2019-01-01,5.169666666666667,3.9242180709559076,1.2454485957107595
rolling,3,ElasticNet,None,2019-02-01,5.220527777777778,3.90383878442411,1.3166889933536678
rolling,3,ElasticNet,None,2019-03-01,5.035757142857143,3.850685055512293,1.1850720873448504
rolling,3,ElasticNet,None,2019-04-01,4.934044444444444,3.7719570123314408,1.1620874321130032
rolling,3,ElasticNet,None,2019-05-01,4.7935,3.900269960276167,0.8932300397238331
rolling,3,ElasticNet,None,2019-06-01,4.410036842105264,4.162918603841758,0.24711823826350532
rolling,3,ElasticNet,None,2019-07-01,4.32444761904762,3.8541786593255116,0.4702689597221088
rolling,3,ElasticNet,None,2019-08-01,4.088347826086957,4.682278004441793,-0.5939301783548361
rolling,3,ElasticNet,None,2019-09-01,4.01318,3.5134790630752013,0.4997009369247989
rolling,3,ElasticNet,None,2019-10-01,3.979216666666667,2.6898066758931582,1.2894099907735086
rolling,3,ElasticNet,None,2019-11-01,3.831255,2.7896269621939935,1.0416280378060065
rolling,3,ElasticNet,None,2019-12-01,3.672726315789474,2.9994499104309793,0.6732764053584948
rolling,3,ElasticNet,POSNEG,2016-01-01,2.528319047619048,1.9886652539428429,0.5396537936762051
rolling,3,ElasticNet,POSNEG,2016-02-01,2.523847619047619,2.0963669338987967,0.4274806851488222
rolling,3,ElasticNet,POSNEG,2016-03-01,2.525338095238096,2.449420150061175,0.07591794517692119
rolling,3,ElasticNet,POSNEG,2016-04-01,2.51565,2.5999161487409657,-0.08426614874096572
rolling,3,ElasticNet,POSNEG,2016-05-01,2.5214052631578947,2.757941933617587,-0.2365366704596923
rolling,3,ElasticNet,POSNEG,2016-06-01,2.517215,2.956673814157147,-0.4394588141571467
rolling,3,ElasticNet,POSNEG,2016-07-01,2.514826315789474,2.6337126588195847,-0.11888634303011081
rolling,3,ElasticNet,POSNEG,2016-08-01,2.5058625,2.852399719773257,-0.346537219773257
rolling,3,ElasticNet,POSNEG,2016-09-01,2.5015650000000003,2.8168179352158105,-0.3152529352158102
rolling,3,ElasticNet,POSNEG,2016-10-01,2.518775,2.455576777630457,0.06319822236954309
rolling,3,ElasticNet,POSNEG,2016-11-01,2.527788888888889,2.4163508063691284,0.1114380825197605
rolling,3,ElasticNet,POSNEG,2016-12-01,2.51759375,2.670784635479816,-0.15319088547981607
rolling,3,ElasticNet,POSNEG,2017-01-01,2.535536363636364,2.9008128248701857,-0.3652764612338215
rolling,3,ElasticNet,POSNEG,2017-02-01,2.5772411764705883,2.5178849811498836,0.059356195320704686
rolling,3,ElasticNet,POSNEG,2017-03-01,2.57815,2.3971108345455714,0.18103916545442855
rolling,3,ElasticNet,POSNEG,2017-04-01,2.5543,2.363009109609529,0.1912908903904711
rolling,3,ElasticNet,POSNEG,2017-05-01,2.5655,1.814035483743133,0.7514645162568672
rolling,3,ElasticNet,POSNEG,2017-06-01,2.553335294117648,2.053297698017603,0.5000375961000452
rolling,3,ElasticNet,POSNEG,2017-07-01,2.5712,1.9428509691197653,0.6283490308802349
rolling,3,ElasticNet,POSNEG,2017-08-01,2.65784,1.662912369174312,0.9949276308256882
rolling,3,ElasticNet,POSNEG,2017-09-01,2.69046,2.197100459664792,0.493359540335208
rolling,3,ElasticNet,POSNEG,2017-10-01,3.0855473684210524,2.296554247090309,0.7889931213307433
rolling,3,ElasticNet,POSNEG,2017-11-01,3.0982380952380955,2.8528113031493074,0.24542679208878804
rolling,3,ElasticNet,POSNEG,2017-12-01,3.075673684210526,2.957677690105949,0.11799599410457695
rolling,3,ElasticNet,POSNEG,2018-01-01,3.065655,3.1165820712674703,-0.050927071267470314
rolling,3,ElasticNet,POSNEG,2018-02-01,3.15159,2.8309164387961645,0.3206735612038356
rolling,3,ElasticNet,POSNEG,2018-03-01,3.30657619047619,3.0572687204053395,0.24930747007085063
rolling,3,ElasticNet,POSNEG,2018-04-01,3.4621947368421053,2.891963082169732,0.5702316546723734
rolling,3,ElasticNet,POSNEG,2018-05-01,3.6392136363636367,3.2183856644953046,0.4208279718683321
rolling,3,ElasticNet,POSNEG,2018-06-01,3.934538095238095,2.9288572543147233,1.0056808409233717
rolling,3,ElasticNet,POSNEG,2018-07-01,4.20315,3.1464280548463375,1.0567219451536625
rolling,3,ElasticNet,POSNEG,2018-08-01,4.641321739130435,3.5543785588275867,1.086943180302848
rolling,3,ElasticNet,POSNEG,2018-09-01,4.782921052631579,3.508432080950388,1.274488971681191
rolling,3,ElasticNet,POSNEG,2018-10-01,4.948788235294118,4.104343054126883,0.8444451811672353
rolling,3,ElasticNet,POSNEG,2018-11-01,5.096627272727273,4.216928267446052,0.8796990052812204
rolling,3,ElasticNet,POSNEG,2018-12-01,5.116333333333333,4.065419447290882,1.0509138860424514
rolling,3,ElasticNet,POSNEG,2019-01-01,5.169666666666667,3.8942945306468233,1.2753721360198438
rolling,3,ElasticNet,POSNEG,2019-02-01,5.220527777777778,3.2841621141909285,1.9363656635868494
rolling,3,ElasticNet,POSNEG,2019-03-01,5.035757142857143,3.999375116014564,1.0363820268425794
rolling,3,ElasticNet,POSNEG,2019-04-01,4.934044444444444,3.9604088108585476,0.9736356335858964
rolling,3,ElasticNet,POSNEG,2019-05-01,4.7935,4.040048609839188,0.7534513901608122
rolling,3,ElasticNet,POSNEG,2019-06-01,4.410036842105264,4.152973418032153,0.25706342407311045
rolling,3,ElasticNet,POSNEG,2019-07-01,4.32444761904762,3.816699805842207,0.5077478132054134
rolling,3,ElasticNet,POSNEG,2019-08-01,4.088347826086957,4.708640865011466,-0.6202930389245092
rolling,3,ElasticNet,POSNEG,2019-09-01,4.01318,3.6527168258231058,0.36046317417689444
rolling,3,ElasticNet,POSNEG,2019-10-01,3.979216666666667,2.73390329681572,1.2453133698509466
rolling,3,ElasticNet,POSNEG,2019-11-01,3.831255,2.8007749214895052,1.0304800785104948
rolling,3,ElasticNet,POSNEG,2019-12-01,3.672726315789474,3.10797288870035,0.5647534270891241
rolling,3,ElasticNet,ToneMean,2016-01-01,2.528319047619048,1.954020509395888,0.57429853822316
rolling,3,ElasticNet,ToneMean,2016-02-01,2.523847619047619,2.0941646184352485,0.4296830006123704
rolling,3,ElasticNet,ToneMean,2016-03-01,2.525338095238096,2.4418960786790787,0.0834420165590175
rolling,3,ElasticNet,ToneMean,2016-04-01,2.51565,2.6068180199208086,-0.0911680199208087
rolling,3,ElasticNet,ToneMean,2016-05-01,2.5214052631578947,2.747082831370579,-0.22567756821268414
rolling,3,ElasticNet,ToneMean,2016-06-01,2.517215,2.972902865527349,-0.45568786552734863
rolling,3,ElasticNet,ToneMean,2016-07-01,2.514826315789474,2.6366013187498623,-0.12177500296038835
rolling,3,ElasticNet,ToneMean,2016-08-01,2.5058625,2.803412426885676,-0.29754992688567583
rolling,3,ElasticNet,ToneMean,2016-09-01,2.5015650000000003,2.778073114624859,-0.2765081146248587
rolling,3,ElasticNet,ToneMean,2016-10-01,2.518775,2.4054217465570895,0.1133532534429107
rolling,3,ElasticNet,ToneMean,2016-11-01,2.527788888888889,2.404043012653223,0.1237458762356658
rolling,3,ElasticNet,ToneMean,2016-12-01,2.51759375,2.7196882558214237,-0.20209450582142363
rolling,3,ElasticNet,ToneMean,2017-01-01,2.535536363636364,2.8496552359055327,-0.31411887226916857
rolling,3,ElasticNet,ToneMean,2017-02-01,2.5772411764705883,2.4856591378749693,0.09158203859561898
rolling,3,ElasticNet,ToneMean,2017-03-01,2.57815,2.395102522698568,0.1830474773014319
rolling,3,ElasticNet,ToneMean,2017-04-01,2.5543,2.3815763494351296,0.17272365056487038
rolling,3,ElasticNet,ToneMean,2017-05-01,2.5655,1.8203046603209545,0.7451953396790456
rolling,3,ElasticNet,ToneMean,2017-06-01,2.553335294117648,2.056944434204228,0.49639085991342036
rolling,3,ElasticNet,ToneMean,2017-07-01,2.5712,1.942945328777024,0.6282546712229762
rolling,3,ElasticNet,ToneMean,2017-08-01,2.65784,1.6629089974935223,0.9949310025064779
rolling,3,ElasticNet,ToneMean,2017-09-01,2.69046,2.1984505490978146,0.4920094509021853
rolling,3,ElasticNet,ToneMean,2017-10-01,3.0855473684210524,2.3006894533035553,0.784857915117497
rolling,3,ElasticNet,ToneMean,2017-11-01,3.0982380952380955,2.855585201100241,0.2426528941378545
rolling,3,ElasticNet,ToneMean,2017-12-01,3.075673684210526,2.959175577993743,0.11649810621678292
rolling,3,ElasticNet,ToneMean,2018-01-01,3.065655,3.121289661629734,-0.05563466162973407
rolling,3,ElasticNet,ToneMean,2018-02-01,3.15159,2.8339786060249934,0.3176113939750067
rolling,3,ElasticNet,ToneMean,2018-03-01,3.30657619047619,3.0557547878648665,0.2508214026113236
rolling,3,ElasticNet,ToneMean,2018-04-01,3.4621947368421053,2.8877435631929904,0.5744511736491149
rolling,3,ElasticNet,ToneMean,2018-05-01,3.6392136363636367,3.227281711982214,0.41193192438142257
rolling,3,ElasticNet,ToneMean,2018-06-01,3.934538095238095,2.9445893934616887,0.9899487017764064
rolling,3,ElasticNet,ToneMean,2018-07-01,4.20315,3.153187475372905,1.049962524627095
rolling,3,ElasticNet,ToneMean,2018-08-01,4.641321739130435,3.527630805521851,1.1136909336085838
rolling,3,ElasticNet,ToneMean,2018-09-01,4.782921052631579,3.498811698576103,1.284109354055476
rolling,3,ElasticNet,ToneMean,2018-10-01,4.948788235294118,4.038548136489479,0.9102400988046391
rolling,3,ElasticNet,ToneMean,2018-11-01,5.096627272727273,4.176593993924621,0.9200332788026513
rolling,3,ElasticNet,ToneMean,2018-12-01,5.116333333333333,4.033462129682464,1.0828712036508694
rolling,3,ElasticNet,ToneMean,2019-01-01,5.169666666666667,3.8117904674838683,1.3578761991827988
rolling,3,ElasticNet,ToneMean,2019-02-01,5.220527777777778,3.7339484517435806,1.4865793260341973
rolling,3,ElasticNet,ToneMean,2019-03-01,5.035757142857143,3.999743437078854,1.0360137057782892
rolling,3,ElasticNet,ToneMean,2019-04-01,4.934044444444444,4.000084900300711,0.9339595441437334
rolling,3,ElasticNet,ToneMean,2019-05-01,4.7935,3.9703651140329,0.8231348859670997
rolling,3,ElasticNet,ToneMean,2019-06-01,4.410036842105264,4.117795993720458,0.2922408483848056
rolling,3,ElasticNet,ToneMean,2019-07-01,4.32444761904762,3.842302850012218,0.4821447690354024
rolling,3,ElasticNet,ToneMean,2019-08-01,4.088347826086957,4.6292823595677595,-0.5409345334808027
rolling,3,ElasticNet,ToneMean,2019-09-01,4.01318,3.69157400922728,0.32160599077272023
rolling,3,ElasticNet,ToneMean,2019-10-01,3.979216666666667,2.757134212332253,1.222082454334414
rolling,3,ElasticNet,ToneMean,2019-11-01,3.831255,2.787454725602844,1.0438002743971562
rolling,3,ElasticNet,ToneMean,2019-12-01,3.672726315789474,3.087007465952522,0.5857188498369519
rolling,3,Lasso,NEG,2016-01-01,2.528319047619048,1.9508466347588387,0.5774724128602093
rolling,3,Lasso,NEG,2016-02-01,2.523847619047619,2.0809250715695384,0.44292254747808046
rolling,3,Lasso,NEG,2016-03-01,2.525338095238096,2.4405576680720906,0.08478042716600553
rolling,3,Lasso,NEG,2016-04-01,2.51565,2.5906445950094454,-0.0749945950094455
rolling,3,Lasso,NEG,2016-05-01,2.5214052631578947,2.725193683889629,-0.2037884207317342
rolling,3,Lasso,NEG,2016-06-01,2.517215,2.945275411089483,-0.4280604110894828
rolling,3,Lasso,NEG,2016-07-01,2.514826315789474,2.6226528593981797,-0.1078265436087058
rolling,3,Lasso,NEG,2016-08-01,2.5058625,2.8076866680246915,-0.30182416802469136
rolling,3,Lasso,NEG,2016-09-01,2.5015650000000003,2.793409905455014,-0.29184490545501385
rolling,3,Lasso,NEG,2016-10-01,2.518775,2.430542709578841,0.08823229042115921
rolling,3,Lasso,NEG,2016-11-01,2.527788888888889,2.4175505858852797,0.11023830300360915
rolling,3,Lasso,NEG,2016-12-01,2.51759375,2.6726511059250773,-0.1550573559250772
rolling,3,Lasso,NEG,2017-01-01,2.535536363636364,2.8709512431355018,-0.3354148794991376
rolling,3,Lasso,NEG,2017-02-01,2.5772411764705883,2.5140627577543513,0.06317841871623697
rolling,3,Lasso,NEG,2017-03-01,2.57815,2.390117236137443,0.18803276386255696
rolling,3,Lasso,NEG,2017-04-01,2.5543,2.3566849710377133,0.19761502896228667
rolling,3,Lasso,NEG,2017-05-01,2.5655,1.8475434983966164,0.7179565016033838
rolling,3,Lasso,NEG,2017-06-01,2.553335294117648,2.0687521083827716,0.4845831857348766
rolling,3,Lasso,NEG,2017-07-01,2.5712,1.9885403514698503,0.5826596485301498
rolling,3,Lasso,NEG,2017-08-01,2.65784,1.7156695377663618,0.9421704622336384
rolling,3,Lasso,NEG,2017-09-01,2.69046,2.204172526343341,0.4862874736566587
rolling,3,Lasso,NEG,2017-10-01,3.0855473684210524,2.2997775560544857,0.7857698123665666
rolling,3,Lasso,NEG,2017-11-01,3.0982380952380955,2.7858370436254907,0.3124010516126048
rolling,3,Lasso,NEG,2017-12-01,3.075673684210526,2.925630710014131,0.15004297419639512
rolling,3,Lasso,NEG,2018-01-01,3.065655,3.1129219753486312,-0.047266975348631224
rolling,3,Lasso,NEG,2018-02-01,3.15159,2.8706648435597453,0.28092515644025484
rolling,3,Lasso,NEG,2018-03-01,3.30657619047619,3.04177172252772,0.26480446794847
rolling,3,Lasso,NEG,2018-04-01,3.4621947368421053,2.877690942202888,0.5845037946392173
rolling,3,Lasso,NEG,2018-05-01,3.6392136363636367,3.1722472671375304,0.46696636922610635
rolling,3,Lasso,NEG,2018-06-01,3.934538095238095,2.896391122944664,1.038146972293431
rolling,3,Lasso,NEG,2018-07-01,4.20315,3.104538333032859,1.098611666967141
rolling,3,Lasso,NEG,2018-08-01,4.641321739130435,3.4925764109979838,1.148745328132451
rolling,3,Lasso,NEG,2018-09-01,4.782921052631579,3.479617794632637,1.3033032579989419
rolling,3,Lasso,NEG,2018-10-01,4.948788235294118,3.97094265605643,0.9778455792376879
rolling,3,Lasso,NEG,2018-11-01,5.096627272727273,4.066103826018431,1.030523446708842
rolling,3,Lasso,NEG,2018-12-01,5.116333333333333,3.9408042409007624,1.175529092432571
rolling,3,Lasso,NEG,2019-01-01,5.169666666666667,3.878978328317874,1.2906883383487933
rolling,3,Lasso,NEG,2019-02-01,5.220527777777778,3.8907990016280047,1.3297287761497731
rolling,3,Lasso,NEG,2019-03-01,5.035757142857143,3.8453708747171778,1.1903862681399655
rolling,3,Lasso,NEG,2019-04-01,4.934044444444444,3.7715370745151526,1.1625073699292914
rolling,3,Lasso,NEG,2019-05-01,4.7935,3.864954390636009,0.928545609363991
rolling,3,Lasso,NEG,2019-06-01,4.410036842105264,4.142264769330199,0.267772072775065
rolling,3,Lasso,NEG,2019-07-01,4.32444761904762,3.8358675046346047,0.48858011441301574
rolling,3,Lasso,NEG,2019-08-01,4.088347826086957,4.640255879362887,-0.5519080532759304
rolling,3,Lasso,NEG,2019-09-01,4.01318,3.531617195275111,0.4815628047248892
rolling,3,Lasso,NEG,2019-10-01,3.979216666666667,2.6909417084489937,1.2882749582176731
rolling,3,Lasso,NEG,2019-11-01,3.831255,2.8044381249755395,1.0268168750244606
rolling,3,Lasso,NEG,2019-12-01,3.672726315789474,3.0759212666825313,0.5968050491069428
rolling,3,Lasso,None,2016-01-01,2.528319047619048,1.950846338614359,0.5774727090046889
rolling,3,Lasso,None,2016-02-01,2.523847619047619,2.0809244124545945,0.4429232065930244
rolling,3,Lasso,None,2016-03-01,2.525338095238096,2.440557473076549,0.08478062216154703
rolling,3,Lasso,None,2016-04-01,2.51565,2.5906438120777078,-0.07499381207770783
rolling,3,Lasso,None,2016-05-01,2.5214052631578947,2.7251939520693753,-0.2037886889114806
rolling,3,Lasso,None,2016-06-01,2.517215,2.946831653250208,-0.4296166532502079
rolling,3,Lasso,None,2016-07-01,2.514826315789474,2.6210157057440604,-0.10618938995458649
rolling,3,Lasso,None,2016-08-01,2.5058625,2.7981273577759436,-0.29226485777594347
rolling,3,Lasso,None,2016-09-01,2.5015650000000003,2.7726560486133596,-0.2710910486133593
rolling,3,Lasso,None,2016-10-01,2.518775,2.403984009338193,0.11479099066180742
rolling,3,Lasso,None,2016-11-01,2.527788888888889,2.406794174452048,0.12099471443684084
rolling,3,Lasso,None,2016-12-01,2.51759375,2.7267276113370964,-0.20913386133709633
rolling,3,Lasso,None,2017-01-01,2.535536363636364,2.836667255550222,-0.301130891913858
rolling,3,Lasso,None,2017-02-01,2.5772411764705883,2.4910660203515236,0.08617515611906468
rolling,3,Lasso,None,2017-03-01,2.57815,2.397434905194936,0.18071509480506398
rolling,3,Lasso,None,2017-04-01,2.5543,2.37887076000529,0.17542923999471016
rolling,3,Lasso,None,2017-05-01,2.5655,1.8642340583263208,0.7012659416736793
rolling,3,Lasso,None,2017-06-01,2.553335294117648,2.075198614513046,0.47813667960460204
rolling,3,Lasso,None,2017-07-01,2.5712,1.9929775348615157,0.5782224651384844
rolling,3,Lasso,None,2017-08-01,2.65784,1.7156631290042865,0.9421768709957137
rolling,3,Lasso,None,2017-09-01,2.69046,2.20417227492645,0.48628772507355
rolling,3,Lasso,None,2017-10-01,3.0855473684210524,2.299777578214224,0.7857697902068286
rolling,3,Lasso,None,2017-11-01,3.0982380952380955,2.7813697497840217,0.3168683454540737
rolling,3,Lasso,None,2017-12-01,3.075673684210526,2.925630724772648,0.15004295943787804
rolling,3,Lasso,None,2018-01-01,3.065655,3.1256684876944214,-0.060013487694421386
rolling,3,Lasso,None,2018-02-01,3.15159,2.889791011178745,0.2617989888212553
rolling,3,Lasso,None,2018-03-01,3.30657619047619,3.0419859452784634,0.26459024519772667
rolling,3,Lasso,None,2018-04-01,3.4621947368421053,2.889751323071069,0.5724434137710364
rolling,3,Lasso,None,2018-05-01,3.6392136363636367,3.168956605976237,0.47025703038739985
rolling,3,Lasso,None,2018-06-01,3.934538095238095,2.9406860057941264,0.9938520894439686
rolling,3,Lasso,None,2018-07-01,4.20315,3.1030359303546033,1.1001140696453966
rolling,3,Lasso,None,2018-08-01,4.641321739130435,3.45592492887366,1.1853968102567745
rolling,3,Lasso,None,2018-09-01,4.782921052631579,3.4796186379198337,1.3033024147117453
rolling,3,Lasso,None,2018-10-01,4.948788235294118,3.9708875697231694,0.9779006655709486
rolling,3,Lasso,None,2018-11-01,5.096627272727273,4.066103826018431,1.030523446708842
rolling,3,Lasso,None,2018-12-01,5.116333333333333,3.940837299636331,1.1754960336970024
rolling,3,Lasso,None,2019-01-01,5.169666666666667,3.9005774184151085,1.2690892482515586
rolling,3,Lasso,None,2019-02-01,5.220527777777778,3.890796164678183,1.3297316130995949
rolling,3,Lasso,None,2019-03-01,5.035757142857143,3.8388885670111357,1.1968685758460076
rolling,3,Lasso,None,2019-04-01,4.934044444444444,3.7597336747987358,1.1743107696457082
rolling,3,Lasso,None,2019-05-01,4.7935,3.87407292363316,0.9194270763668397
rolling,3,Lasso,None,2019-06-01,4.410036842105264,4.142254542216913,0.267782299888351
rolling,3,Lasso,None,2019-07-01,4.32444761904762,3.835883779478432,0.4885638395691885
rolling,3,Lasso,None,2019-08-01,4.088347826086957,4.64030205280134,-0.5519542267143835
rolling,3,Lasso,None,2019-09-01,4.01318,3.503898316820474,0.5092816831795264
rolling,3,Lasso,None,2019-10-01,3.979216666666667,2.6845024006390763,1.2947142660275905
rolling,3,Lasso,None,2019-11-01,3.831255,2.785802672962056,1.0454523270379439
rolling,3,Lasso,None,2019-12-01,3.672726315789474,2.9960244361780415,0.6767018796114326
rolling,3,Lasso,POSNEG,2016-01-01,2.528319047619048,1.9655216380915406,0.5627974095275075
rolling,3,Lasso,POSNEG,2016-02-01,2.523847619047619,2.0865797525730847,0.4372678664745342
rolling,3,Lasso,POSNEG,2016-03-01,2.525338095238096,2.4417463375668502,0.08359175767124594
rolling,3,Lasso,POSNEG,2016-04-01,2.51565,2.5925809533291986,-0.07693095332919864
rolling,3,Lasso,POSNEG,2016-05-01,2.5214052631578947,2.7356548496353184,-0.21424958647742365
rolling,3,Lasso,POSNEG,2016-06-01,2.517215,2.9426142842271967,-0.42539928422719653
rolling,3,Lasso,POSNEG,2016-07-01,2.514826315789474,2.6188314705795195,-0.10400515479004557
rolling,3,Lasso,POSNEG,2016-08-01,2.5058625,2.8343771496433394,-0.3285146496433393
rolling,3,Lasso,POSNEG,2016-09-01,2.5015650000000003,2.800949318814566,-0.29938431881456573
rolling,3,Lasso,POSNEG,2016-10-01,2.518775,2.43574318801076,0.08303181198924037
rolling,3,Lasso,POSNEG,2016-11-01,2.527788888888889,2.417713243893924,0.1100756449949647
rolling,3,Lasso,POSNEG,2016-12-01,2.51759375,2.672639753200766,-0.1550460032007659
rolling,3,Lasso,POSNEG,2017-01-01,2.535536363636364,2.871244548922137,-0.33570818528577284
rolling,3,Lasso,POSNEG,2017-02-01,2.5772411764705883,2.5140678092979334,0.06317336717265487
rolling,3,Lasso,POSNEG,2017-03-01,2.57815,2.390116602110586,0.18803339788941376
rolling,3,Lasso,POSNEG,2017-04-01,2.5543,2.35668672694618,0.19761327305382004
rolling,3,Lasso,POSNEG,2017-05-01,2.5655,1.8475412807475875,0.7179587192524126
rolling,3,Lasso,POSNEG,2017-06-01,2.553335294117648,2.0690858763041993,0.4842494178134489
rolling,3,Lasso,POSNEG,2017-07-01,2.5712,1.9875573972944747,0.5836426027055255
rolling,3,Lasso,POSNEG,2017-08-01,2.65784,1.715677870242292,0.9421621297577083
rolling,3,Lasso,POSNEG,2017-09-01,2.69046,2.2041728343571005,0.4862871656428993
rolling,3,Lasso,POSNEG,2017-10-01,3.0855473684210524,2.2997775560544857,0.7857698123665666
rolling,3,Lasso,POSNEG,2017-11-01,3.0982380952380955,2.8090654305501928,0.2891726646879027
rolling,3,Lasso,POSNEG,2017-12-01,3.075673684210526,2.9256302919160713,0.15004339229445485
rolling,3,Lasso,POSNEG,2018-01-01,3.065655,3.106673310418298,-0.041018310418297954
rolling,3,Lasso,POSNEG,2018-02-01,3.15159,2.811845847982545,0.3397441520174551
rolling,3,Lasso,POSNEG,2018-03-01,3.30657619047619,3.0415243016550773,0.26505188882111286
rolling,3,Lasso,POSNEG,2018-04-01,3.4621947368421053,2.8689344107323147,0.5932603261097906
rolling,3,Lasso,POSNEG,2018-05-01,3.6392136363636367,3.1722461684662453,0.4669674678973914
rolling,3,Lasso,POSNEG,2018-06-01,3.934538095238095,2.896613577257342,1.0379245179807532
rolling,3,Lasso,POSNEG,2018-07-01,4.20315,3.0950966810404634,1.1080533189595365
rolling,3,Lasso,POSNEG,2018-08-01,4.641321739130435,3.4925764109979838,1.148745328132451
rolling,3,Lasso,POSNEG,2018-09-01,4.782921052631579,3.4790917439562277,1.3038293086753514
rolling,3,Lasso,POSNEG,2018-10-01,4.948788235294118,4.064484857246713,0.884303378047405
rolling,3,Lasso,POSNEG,2018-11-01,5.096627272727273,4.197190022708958,0.8994372500183143
rolling,3,Lasso,POSNEG,2018-12-01,5.116333333333333,4.0358565311147245,1.0804768022186089
rolling,3,Lasso,POSNEG,2019-01-01,5.169666666666667,3.8527660347718475,1.3169006318948195
rolling,3,Lasso,POSNEG,2019-02-01,5.220527777777778,3.298681281206627,1.9218464965711508
rolling,3,Lasso,POSNEG,2019-03-01,5.035757142857143,3.9687199163544133,1.06703722650273
rolling,3,Lasso,POSNEG,2019-04-01,4.934044444444444,3.933904164517386,1.000140279927058
rolling,3,Lasso,POSNEG,2019-05-01,4.7935,4.010619314584285,0.7828806854157149
rolling,3,Lasso,POSNEG,2019-06-01,4.410036842105264,4.129367572895853,0.2806692692094108
rolling,3,Lasso,POSNEG,2019-07-01,4.32444761904762,3.8014139371148072,0.5230336819328132
rolling,3,Lasso,POSNEG,2019-08-01,4.088347826086957,4.675026496000893,-0.5866786699139359
rolling,3,Lasso,POSNEG,2019-09-01,4.01318,3.631121756358517,0.3820582436414832
rolling,3,Lasso,POSNEG,2019-10-01,3.979216666666667,2.7248889379230747,1.254327728743592
rolling,3,Lasso,POSNEG,2019-11-01,3.831255,2.7983959011270962,1.0328590988729038
rolling,3,Lasso,POSNEG,2019-12-01,3.672726315789474,3.09760608248654,0.5751202333029339
rolling,3,Lasso,ToneMean,2016-01-01,2.528319047619048,1.9510468767606075,0.5772721708584405
rolling,3,Lasso,ToneMean,2016-02-01,2.523847619047619,2.0837734229578766,0.4400741960897423
rolling,3,Lasso,ToneMean,2016-03-01,2.525338095238096,2.439462548944262,0.08587554629383432
rolling,3,Lasso,ToneMean,2016-04-01,2.51565,2.5933299992894847,-0.07767999928948477
rolling,3,Lasso,ToneMean,2016-05-01,2.5214052631578947,2.7251966253171553,-0.20379136215926064
rolling,3,Lasso,ToneMean,2016-06-01,2.517215,2.9468289254353346,-0.4296139254353344
rolling,3,Lasso,ToneMean,2016-07-01,2.514826315789474,2.6210150567898434,-0.10618874100036946
rolling,3,Lasso,ToneMean,2016-08-01,2.5058625,2.798149807175166,-0.2922873071751657
rolling,3,Lasso,ToneMean,2016-09-01,2.5015650000000003,2.772665452238555,-0.2711004522385547
rolling,3,Lasso,ToneMean,2016-10-01,2.518775,2.4039797753237586,0.11479522467624159
rolling,3,Lasso,ToneMean,2016-11-01,2.527788888888889,2.407723718474842,0.12006517041404674
rolling,3,Lasso,ToneMean,2016-12-01,2.51759375,2.721562141334795,-0.20396839133479494
rolling,3,Lasso,ToneMean,2017-01-01,2.535536363636364,2.8369382202134426,-0.3014018565770784
rolling,3,Lasso,ToneMean,2017-02-01,2.5772411764705883,2.4909377889682656,0.08630338750232269
rolling,3,Lasso,ToneMean,2017-03-01,2.57815,2.391191665272438,0.18695833472756185
rolling,3,Lasso,ToneMean,2017-04-01,2.5543,2.3731588234168965,0.18114117658310347
rolling,3,Lasso,ToneMean,2017-05-01,2.5655,1.853707022043922,0.7117929779560781
rolling,3,Lasso,ToneMean,2017-06-01,2.553335294117648,2.0721550991603586,0.4811801949572896
rolling,3,Lasso,ToneMean,2017-07-01,2.5712,1.9879599375962815,0.5832400624037186
rolling,3,Lasso,ToneMean,2017-08-01,2.65784,1.715676587122389,0.9421634128776113
rolling,3,Lasso,ToneMean,2017-09-01,2.69046,2.2041727837401917,0.4862872162598082
rolling,3,Lasso,ToneMean,2017-10-01,3.0855473684210524,2.299777578214224,0.7857697902068286
rolling,3,Lasso,ToneMean,2017-11-01,3.0982380952380955,2.8126239560604374,0.2856141391776581
rolling,3,Lasso,ToneMean,2017-12-01,3.075673684210526,2.9259020423009208,0.14977164190960535
rolling,3,Lasso,ToneMean,2018-01-01,3.065655,3.1093984942349278,-0.04374349423492774
rolling,3,Lasso,ToneMean,2018-02-01,3.15159,2.813602959549767,0.337987040450233
rolling,3,Lasso,ToneMean,2018-03-01,3.30657619047619,3.0406235817626883,0.2659526087135018
rolling,3,Lasso,ToneMean,2018-04-01,3.4621947368421053,2.861940046861483,0.6002546899806225
rolling,3,Lasso,ToneMean,2018-05-01,3.6392136363636367,3.1774056189126036,0.46180801745103306
rolling,3,Lasso,ToneMean,2018-06-01,3.934538095238095,2.9134960941486274,1.0210420010894676
rolling,3,Lasso,ToneMean,2018-07-01,4.20315,3.099743052967862,1.1034069470321382
rolling,3,Lasso,ToneMean,2018-08-01,4.641321739130435,3.4664782784828234,1.1748434606476112
rolling,3,Lasso,ToneMean,2018-09-01,4.782921052631579,3.4790798126561118,1.3038412399754673
rolling,3,Lasso,ToneMean,2018-10-01,4.948788235294118,4.002616897847565,0.946171337446553
rolling,3,Lasso,ToneMean,2018-11-01,5.096627272727273,4.15619638217132,0.9404308905559526
rolling,3,Lasso,ToneMean,2018-12-01,5.116333333333333,4.006449706916928,1.1098836264164058
rolling,3,Lasso,ToneMean,2019-01-01,5.169666666666667,3.790687464181044,1.3789792024856231
rolling,3,Lasso,ToneMean,2019-02-01,5.220527777777778,3.725655453989949,1.494872323787829
rolling,3,Lasso,ToneMean,2019-03-01,5.035757142857143,3.978344743697943,1.0574123991592002
rolling,3,Lasso,ToneMean,2019-04-01,4.934044444444444,3.9730962849435354,0.9609481595009086
rolling,3,Lasso,ToneMean,2019-05-01,4.7935,3.943983253983633,0.8495167460163668
rolling,3,Lasso,ToneMean,2019-06-01,4.410036842105264,4.098507908905994,0.3115289331992699
rolling,3,Lasso,ToneMean,2019-07-01,4.32444761904762,3.82414309385555,0.5003045251920706
rolling,3,Lasso,ToneMean,2019-08-01,4.088347826086957,4.616118271543183,-0.527770445456226
rolling,3,Lasso,ToneMean,2019-09-01,4.01318,3.6716316785461354,0.3415483214538648
rolling,3,Lasso,ToneMean,2019-10-01,3.979216666666667,2.7476443089765263,1.2315723576901405
rolling,3,Lasso,ToneMean,2019-11-01,3.831255,2.785924834411397,1.0453301655886031
rolling,3,Lasso,ToneMean,2019-12-01,3.672726315789474,3.080319562298919,0.5924067534905553
rolling,3,OLS,NEG,2016-01-01,2.528319047619048,1.951528412898971,0.5767906347200771
rolling,3,OLS,NEG,2016-02-01,2.523847619047619,2.099025428195101,0.42482219085251804
rolling,3,OLS,NEG,2016-03-01,2.525338095238096,2.453893699016656,0.07144439622144017
rolling,3,OLS,NEG,2016-04-01,2.51565,2.623558579025987,-0.10790857902598727
rolling,3,OLS,NEG,2016-05-01,2.5214052631578947,2.7669939623118616,-0.24558869915396686
rolling,3,OLS,NEG,2016-06-01,2.517215,3.006300261329309,-0.48908526132930863
rolling,3,OLS,NEG,2016-07-01,2.514826315789474,2.6502869757213463,-0.1354606599318724
rolling,3,OLS,NEG,2016-08-01,2.5058625,2.807125273841577,-0.30126277384157696
rolling,3,OLS,NEG,2016-09-01,2.5015650000000003,2.7920935109616165,-0.29052851096161625
rolling,3,OLS,NEG,2016-10-01,2.518775,2.421109264210157,0.09766573578984339
rolling,3,OLS,NEG,2016-11-01,2.527788888888889,2.3782258180090903,0.1495630708797986
rolling,3,OLS,NEG,2016-12-01,2.51759375,2.661565408381979,-0.14397165838197878
rolling,3,OLS,NEG,2017-01-01,2.535536363636364,2.900432801696128,-0.3648964380597639
rolling,3,OLS,NEG,2017-02-01,2.5772411764705883,2.533017678485324,0.04422349798526426
rolling,3,OLS,NEG,2017-03-01,2.57815,2.414374229223434,0.1637757707765659
rolling,3,OLS,NEG,2017-04-01,2.5543,2.378185552813068,0.17611444718693203
rolling,3,OLS,NEG,2017-05-01,2.5655,1.761451831402824,0.8040481685971761
rolling,3,OLS,NEG,2017-06-01,2.553335294117648,2.0250392703994056,0.5282960237182426
rolling,3,OLS,NEG,2017-07-01,2.5712,1.8799448366457,0.6912551633543003
rolling,3,OLS,NEG,2017-08-01,2.65784,1.5790543382780038,1.0787856617219964
rolling,3,OLS,NEG,2017-09-01,2.69046,2.187909959320288,0.5025500406797119
rolling,3,OLS,NEG,2017-10-01,3.0855473684210524,2.2859511201989053,0.799596248222147
rolling,3,OLS,NEG,2017-11-01,3.0982380952380955,2.8716970488839406,0.22654104635415484
rolling,3,OLS,NEG,2017-12-01,3.075673684210526,3.002744545716824,0.07292913849370208
rolling,3,OLS,NEG,2018-01-01,3.065655,3.168110066229978,-0.10245506622997791
rolling,3,OLS,NEG,2018-02-01,3.15159,2.9213047629294038,0.23028523707059634
rolling,3,OLS,NEG,2018-03-01,3.30657619047619,3.09123520403709,0.21534098643910005
rolling,3,OLS,NEG,2018-04-01,3.4621947368421053,2.9488280922314356,0.5133666446106697
rolling,3,OLS,NEG,2018-05-01,3.6392136363636367,3.2889827504541826,0.35023088590945406
rolling,3,OLS,NEG,2018-06-01,3.934538095238095,2.9659283645631325,0.9686097306749626
rolling,3,OLS,NEG,2018-07-01,4.20315,3.230178734177337,0.9729712658226628
rolling,3,OLS,NEG,2018-08-01,4.641321739130435,3.6402674024877992,1.0010543366426354
rolling,3,OLS,NEG,2018-09-01,4.782921052631579,3.5509244323587454,1.2319966202728336
rolling,3,OLS,NEG,2018-10-01,4.948788235294118,4.047596710170517,0.9011915251236013
rolling,3,OLS,NEG,2018-11-01,5.096627272727273,4.107024206991895,0.9896030657353778
rolling,3,OLS,NEG,2018-12-01,5.116333333333333,4.0258166273201015,1.090516706013232
rolling,3,OLS,NEG,2019-01-01,5.169666666666667,3.931962293028273,1.237704373638394
rolling,3,OLS,NEG,2019-02-01,5.220527777777778,3.95119737794423,1.2693303998335477
rolling,3,OLS,NEG,2019-03-01,5.035757142857143,3.8852488051404146,1.1505083377167287
rolling,3,OLS,NEG,2019-04-01,4.934044444444444,3.820280213267444,1.113764231177
rolling,3,OLS,NEG,2019-05-01,4.7935,3.935117626640098,0.8583823733599019
rolling,3,OLS,NEG,2019-06-01,4.410036842105264,4.200055554919344,0.20998128718591946
rolling,3,OLS,NEG,2019-07-01,4.32444761904762,3.8839688737557805,0.44047874529183995
rolling,3,OLS,NEG,2019-08-01,4.088347826086957,4.778835620454513,-0.6904877943675558
rolling,3,OLS,NEG,2019-09-01,4.01318,3.5589820707259183,0.45419792927408187
rolling,3,OLS,NEG,2019-10-01,3.979216666666667,2.6868074503429433,1.2924092163237235
rolling,3,OLS,NEG,2019-11-01,3.831255,2.8024577521596825,1.0287972478403176
rolling,3,OLS,NEG,2019-12-01,3.672726315789474,3.080752773817976,0.5919735419714982
rolling,3,OLS,None,2016-01-01,2.528319047619048,1.9461341350168566,0.5821849126021914
rolling,3,OLS,None,2016-02-01,2.523847619047619,2.0999543113427395,0.42389330770487943
rolling,3,OLS,None,2016-03-01,2.525338095238096,2.4525398767607953,0.07279821847730084
rolling,3,OLS,None,2016-04-01,2.51565,2.6247103487949053,-0.10906034879490534
rolling,3,OLS,None,2016-05-01,2.5214052631578947,2.779822771576564,-0.2584175084186695
rolling,3,OLS,None,2016-06-01,2.517215,3.0182942577286656,-0.5010792577286654
rolling,3,OLS,None,2016-07-01,2.514826315789474,2.6465240463077038,-0.13169773051822986
rolling,3,OLS,None,2016-08-01,2.5058625,2.7902675968967556,-0.2844050968967555
rolling,3,OLS,None,2016-09-01,2.5015650000000003,2.7596304532624725,-0.2580654532624722
rolling,3,OLS,None,2016-10-01,2.518775,2.379212789270261,0.13956221072973918
rolling,3,OLS,None,2016-11-01,2.527788888888889,2.359847625352404,0.16794126353648497
rolling,3,OLS,None,2016-12-01,2.51759375,2.739921094966375,-0.22232734496637496
rolling,3,OLS,None,2017-01-01,2.535536363636364,2.844290974652651,-0.3087546110162869
rolling,3,OLS,None,2017-02-01,2.5772411764705883,2.4949680642961125,0.08227311217447575
rolling,3,OLS,None,2017-03-01,2.57815,2.428151004296689,0.149998995703311
rolling,3,OLS,None,2017-04-01,2.5543,2.413798713730312,0.14050128626968794
rolling,3,OLS,None,2017-05-01,2.5655,1.7897123009051406,0.7757876990948596
rolling,3,OLS,None,2017-06-01,2.553335294117648,2.040165743235886,0.513169550881762
rolling,3,OLS,None,2017-07-01,2.5712,1.8982967763076135,0.6729032236923866
rolling,3,OLS,None,2017-08-01,2.65784,1.5803445901351985,1.0774954098648017
rolling,3,OLS,None,2017-09-01,2.69046,2.184164289027155,0.5062957109728448
rolling,3,OLS,None,2017-10-01,3.0855473684210524,2.282534572127969,0.8030127962930833
rolling,3,OLS,None,2017-11-01,3.0982380952380955,2.859930195295653,0.2383078999424426
rolling,3,OLS,None,2017-12-01,3.075673684210526,2.999568912034423,0.07610477217610301
rolling,3,OLS,None,2018-01-01,3.065655,3.1911044415001104,-0.1254494415001104
rolling,3,OLS,None,2018-02-01,3.15159,2.9485133916253696,0.20307660837463049
rolling,3,OLS,None,2018-03-01,3.30657619047619,3.09184593421219,0.2147302562640001
rolling,3,OLS,None,2018-04-01,3.4621947368421053,2.9669286791873732,0.4952660576547321
rolling,3,OLS,None,2018-05-01,3.6392136363636367,3.2812219428445495,0.3579916935190872
rolling,3,OLS,None,2018-06-01,3.934538095238095,3.0188910678004435,0.9156470274376516
rolling,3,OLS,None,2018-07-01,4.20315,3.2239081760007124,0.9792418239992875
rolling,3,OLS,None,2018-08-01,4.641321739130435,3.5939163672020458,1.047405371928389
rolling,3,OLS,None,2018-09-01,4.782921052631579,3.547658194049915,1.235262858581664
rolling,3,OLS,None,2018-10-01,4.948788235294118,4.047349056147668,0.9014391791464496
rolling,3,OLS,None,2018-11-01,5.096627272727273,4.107100663516555,0.989526609210718
rolling,3,OLS,None,2018-12-01,5.116333333333333,4.008015634091836,1.1083176992414971
rolling,3,OLS,None,2019-01-01,5.169666666666667,3.9825364641770733,1.1871302024895938
rolling,3,OLS,None,2019-02-01,5.220527777777778,3.9378362917493592,1.2826914860284186
rolling,3,OLS,None,2019-03-01,5.035757142857143,3.8805764795630244,1.1551806632941188
rolling,3,OLS,None,2019-04-01,4.934044444444444,3.797432431016463,1.136612013427981
rolling,3,OLS,None,2019-05-01,4.7935,3.946632161746497,0.8468678382535031
rolling,3,OLS,None,2019-06-01,4.410036842105264,4.203262063896155,0.20677477820910894
rolling,3,OLS,None,2019-07-01,4.32444761904762,3.883423525177361,0.44102409387025965
rolling,3,OLS,None,2019-08-01,4.088347826086957,4.777468480072411,-0.6891206539854542
rolling,3,OLS,None,2019-09-01,4.01318,3.525947285037094,0.4872327149629063
rolling,3,OLS,None,2019-10-01,3.979216666666667,2.677874070094072,1.3013425965725949
rolling,3,OLS,None,2019-11-01,3.831255,2.783715492458685,1.0475395075413152
rolling,3,OLS,None,2019-12-01,3.672726315789474,2.9937110630862867,0.6790152527031874
rolling,3,OLS,POSNEG,2016-01-01,2.528319047619048,2.001641184225447,0.5266778633936009
rolling,3,OLS,POSNEG,2016-02-01,2.523847619047619,2.1065022732728744,0.41734534577474447
rolling,3,OLS,POSNEG,2016-03-01,2.525338095238096,2.4619604758181985,0.06337761941989761
rolling,3,OLS,POSNEG,2016-04-01,2.51565,2.6165148501232935,-0.1008648501232936
rolling,3,OLS,POSNEG,2016-05-01,2.5214052631578947,2.7894221653213678,-0.26801690216347307
rolling,3,OLS,POSNEG,2016-06-01,2.517215,2.992995965286756,-0.47578096528675573
rolling,3,OLS,POSNEG,2016-07-01,2.514826315789474,2.643306344342838,-0.12848002855336427
rolling,3,OLS,POSNEG,2016-08-01,2.5058625,2.8546934730193447,-0.3488309730193446
rolling,3,OLS,POSNEG,2016-09-01,2.5015650000000003,2.8115811183213877,-0.3100161183213874
rolling,3,OLS,POSNEG,2016-10-01,2.518775,2.4502464665730983,0.0685285334269019
rolling,3,OLS,POSNEG,2016-11-01,2.527788888888889,2.38060393824733,0.147184950641559
rolling,3,OLS,POSNEG,2016-12-01,2.51759375,2.654747947206772,-0.13715419720677202
rolling,3,OLS,POSNEG,2017-01-01,2.535536363636364,2.9221464418934335,-0.3866100782570694
rolling,3,OLS,POSNEG,2017-02-01,2.5772411764705883,2.5278779133509266,0.04936326311966166
rolling,3,OLS,POSNEG,2017-03-01,2.57815,2.413538679930459,0.16461132006954093
rolling,3,OLS,POSNEG,2017-04-01,2.5543,2.378035590932817,0.176264409067183
rolling,3,OLS,POSNEG,2017-05-01,2.5655,1.7634234904770532,0.802076509522947
rolling,3,OLS,POSNEG,2017-06-01,2.553335294117648,2.0268012318440602,0.5265340622735879
rolling,3,OLS,POSNEG,2017-07-01,2.5712,1.874048439746327,0.6971515602536731
rolling,3,OLS,POSNEG,2017-08-01,2.65784,1.5773180875034298,1.0805219124965704
rolling,3,OLS,POSNEG,2017-09-01,2.69046,2.1801942623395094,0.5102657376604904
rolling,3,OLS,POSNEG,2017-10-01,3.0855473684210524,2.2805319382169698,0.8050154302040826
rolling,3,OLS,POSNEG,2017-11-01,3.0982380952380955,2.9073858603856624,0.19085223485243308
rolling,3,OLS,POSNEG,2017-12-01,3.075673684210526,3.0030976892073435,0.07257599500318257
rolling,3,OLS,POSNEG,2018-01-01,3.065655,3.1468160251084494,-0.08116102510844936
rolling,3,OLS,POSNEG,2018-02-01,3.15159,2.8526104621317323,0.2989795378682678
rolling,3,OLS,POSNEG,2018-03-01,3.30657619047619,3.0973838228886494,0.20919236758754067
rolling,3,OLS,POSNEG,2018-04-01,3.4621947368421053,2.922203240139603,0.5399914967025023
rolling,3,OLS,POSNEG,2018-05-01,3.6392136363636367,3.290850081089073,0.34836355527456364
rolling,3,OLS,POSNEG,2018-06-01,3.934538095238095,2.9682905918688425,0.9662475033692526
rolling,3,OLS,POSNEG,2018-07-01,4.20315,3.209588872137734,0.9935611278622658
rolling,3,OLS,POSNEG,2018-08-01,4.641321739130435,3.6353872347132925,1.0059345044171422
rolling,3,OLS,POSNEG,2018-09-01,4.782921052631579,3.561910478418719,1.22101057421286
rolling,3,OLS,POSNEG,2018-10-01,4.948788235294118,4.170404490697339,0.7783837445967787
rolling,3,OLS,POSNEG,2018-11-01,5.096627272727273,4.256354184428861,0.840273088298412
rolling,3,OLS,POSNEG,2018-12-01,5.116333333333333,4.120417376993844,0.9959159563394895
rolling,3,OLS,POSNEG,2019-01-01,5.169666666666667,3.978564584674749,1.191102081991918
rolling,3,OLS,POSNEG,2019-02-01,5.220527777777778,3.2916191461892548,1.928908631588523
rolling,3,OLS,POSNEG,2019-03-01,5.035757142857143,4.054174567944493,0.9815825749126503
rolling,3,OLS,POSNEG,2019-04-01,4.934044444444444,4.000620859867794,0.9334235845766496
rolling,3,OLS,POSNEG,2019-05-01,4.7935,4.088928401853914,0.704571598146086
rolling,3,OLS,POSNEG,2019-06-01,4.410036842105264,4.19963962760797,0.2103972144972932
rolling,3,OLS,POSNEG,2019-07-01,4.32444761904762,3.842246342631926,0.4822012764156942
rolling,3,OLS,POSNEG,2019-08-01,4.088347826086957,4.8039653882581215,-0.7156175621711647
rolling,3,OLS,POSNEG,2019-09-01,4.01318,3.668105408186242,0.3450745918137583
rolling,3,OLS,POSNEG,2019-10-01,3.979216666666667,2.7233520257789996,1.2558646408876672
rolling,3,OLS,POSNEG,2019-11-01,3.831255,2.794320790998139,1.0369342090018612
rolling,3,OLS,POSNEG,2019-12-01,3.672726315789474,3.104600612624571,0.568125703164903
rolling,3,OLS,ToneMean,2016-01-01,2.528319047619048,1.9504519090261734,0.5778671385928746
rolling,3,OLS,ToneMean,2016-02-01,2.523847619047619,2.1050774911538,0.41877012789381896
rolling,3,OLS,ToneMean,2016-03-01,2.525338095238096,2.4507700929373124,0.07456800230078375
rolling,3,OLS,ToneMean,2016-04-01,2.51565,2.6286493449299457,-0.11299934492994579
rolling,3,OLS,ToneMean,2016-05-01,2.5214052631578947,2.782396989099841,-0.2609917259419463
rolling,3,OLS,ToneMean,2016-06-01,2.517215,3.0185721472091833,-0.5013571472091831
rolling,3,OLS,ToneMean,2016-07-01,2.514826315789474,2.647867460724069,-0.13304114493459496
rolling,3,OLS,ToneMean,2016-08-01,2.5058625,2.7885502961822404,-0.28268779618224027
rolling,3,OLS,ToneMean,2016-09-01,2.5015650000000003,2.7640762362164977,-0.2625112362164974
rolling,3,OLS,ToneMean,2016-10-01,2.518775,2.381999665983459,0.13677533401654118
rolling,3,OLS,ToneMean,2016-11-01,2.527788888888889,2.367394371956604,0.16039451693228468
rolling,3,OLS,ToneMean,2016-12-01,2.51759375,2.708479475424868,-0.19088572542486792
rolling,3,OLS,ToneMean,2017-01-01,2.535536363636364,2.850032701077897,-0.31449633744153305
rolling,3,OLS,ToneMean,2017-02-01,2.5772411764705883,2.4931484014412755,0.08409277502931278
rolling,3,OLS,ToneMean,2017-03-01,2.57815,2.410462835661803,0.16768716433819675
rolling,3,OLS,ToneMean,2017-04-01,2.5543,2.3994207577196915,0.15487924228030847
rolling,3,OLS,ToneMean,2017-05-01,2.5655,1.768064605544273,0.7974353944557271
rolling,3,OLS,ToneMean,2017-06-01,2.553335294117648,2.030575217444924,0.5227600766727241
rolling,3,OLS,ToneMean,2017-07-01,2.5712,1.8730647375392495,0.6981352624607506
rolling,3,OLS,ToneMean,2017-08-01,2.65784,1.5774070582005941,1.080432941799406
rolling,3,OLS,ToneMean,2017-09-01,2.69046,2.1893123363136926,0.5011476636863073
rolling,3,OLS,ToneMean,2017-10-01,3.0855473684210524,2.295872399363955,0.7896749690570974
rolling,3,OLS,ToneMean,2017-11-01,3.0982380952380955,2.9099119260500053,0.1883261691880902
rolling,3,OLS,ToneMean,2017-12-01,3.075673684210526,3.0025484592443283,0.07312522496619778
rolling,3,OLS,ToneMean,2018-01-01,3.065655,3.153707919124982,-0.08805291912498214
rolling,3,OLS,ToneMean,2018-02-01,3.15159,2.857659691506835,0.29393030849316526
rolling,3,OLS,ToneMean,2018-03-01,3.30657619047619,3.0944437447821596,0.21213244569403056
rolling,3,OLS,ToneMean,2018-04-01,3.4621947368421053,2.921488681162539,0.5407060556795664
rolling,3,OLS,ToneMean,2018-05-01,3.6392136363636367,3.2985704741104525,0.34064316225318425
rolling,3,OLS,ToneMean,2018-06-01,3.934538095238095,2.9828983548243615,0.9516397404137336
rolling,3,OLS,ToneMean,2018-07-01,4.20315,3.2174993893015342,0.9856506106984657
rolling,3,OLS,ToneMean,2018-08-01,4.641321739130435,3.6086245433701594,1.0326971957602753
rolling,3,OLS,ToneMean,2018-09-01,4.782921052631579,3.5410961521940445,1.2418249004375346
rolling,3,OLS,ToneMean,2018-10-01,4.948788235294118,4.099149184780323,0.8496390505137947
rolling,3,OLS,ToneMean,2018-11-01,5.096627272727273,4.213428596914892,0.8831986758123804
rolling,3,OLS,ToneMean,2018-12-01,5.116333333333333,4.088514561550166,1.027818771783167
rolling,3,OLS,ToneMean,2019-01-01,5.169666666666667,3.865461247932817,1.3042054187338499
rolling,3,OLS,ToneMean,2019-02-01,5.220527777777778,3.764013048590825,1.456514729186953
rolling,3,OLS,ToneMean,2019-03-01,5.035757142857143,4.0540028400385495,0.9817543028185938
rolling,3,OLS,ToneMean,2019-04-01,4.934044444444444,4.0384887008703005,0.8955557435741435
rolling,3,OLS,ToneMean,2019-05-01,4.7935,4.017507582402851,0.7759924175971484
rolling,3,OLS,ToneMean,2019-06-01,4.410036842105264,4.157777012952603,0.25225982915266076
rolling,3,OLS,ToneMean,2019-07-01,4.32444761904762,3.8710058662705285,0.453441752777092
rolling,3,OLS,ToneMean,2019-08-01,4.088347826086957,4.692936776097352,-0.6045889500103954
rolling,3,OLS,ToneMean,2019-09-01,4.01318,3.7040394819784064,0.3091405180215938
rolling,3,OLS,ToneMean,2019-10-01,3.979216666666667,2.7471127426880524,1.2321039239786145
rolling,3,OLS,ToneMean,2019-11-01,3.831255,2.7808733963365824,1.0503816036634177
rolling,3,OLS,ToneMean,2019-12-01,3.672726315789474,3.081213683084596,0.5915126327048781
rolling,3,Ridge,NEG,2016-01-01,2.528319047619048,1.9573618749251465,0.5709571726939016
rolling,3,Ridge,NEG,2016-02-01,2.523847619047619,2.09581509195933,0.428032527088289
rolling,3,Ridge,NEG,2016-03-01,2.525338095238096,2.4461326903178917,0.07920540492020445
rolling,3,Ridge,NEG,2016-04-01,2.51565,2.6101093919087144,-0.09445939190871444
rolling,3,Ridge,NEG,2016-05-01,2.5214052631578947,2.748725654467677,-0.2273203913097821
rolling,3,Ridge,NEG,2016-06-01,2.517215,2.979032751612697,-0.4618177516126969
rolling,3,Ridge,NEG,2016-07-01,2.514826315789474,2.657318437101539,-0.14249212131206512
rolling,3,Ridge,NEG,2016-08-01,2.5058625,2.8214849396890305,-0.31562243968903037
rolling,3,Ridge,NEG,2016-09-01,2.5015650000000003,2.804941633132571,-0.3033766331325709
rolling,3,Ridge,NEG,2016-10-01,2.518775,2.440009967089117,0.0787650329108831
rolling,3,Ridge,NEG,2016-11-01,2.527788888888889,2.398379163177098,0.129409725711791
rolling,3,Ridge,NEG,2016-12-01,2.51759375,2.6764799936502524,-0.15888624365025228
rolling,3,Ridge,NEG,2017-01-01,2.535536363636364,2.905765086417906,-0.37022872278154173
rolling,3,Ridge,NEG,2017-02-01,2.5772411764705883,2.520254400686956,0.056986775783632204
rolling,3,Ridge,NEG,2017-03-01,2.57815,2.411108440233523,0.16704155976647694
rolling,3,Ridge,NEG,2017-04-01,2.5543,2.3689395197046097,0.18536048029539032
rolling,3,Ridge,NEG,2017-05-01,2.5655,1.7885876010914656,0.7769123989085345
rolling,3,Ridge,NEG,2017-06-01,2.553335294117648,2.041301754504075,0.5120335396135731
rolling,3,Ridge,NEG,2017-07-01,2.5712,1.9158897242944086,0.6553102757055915
rolling,3,Ridge,NEG,2017-08-01,2.65784,1.6236512581765112,1.034188741823489
rolling,3,Ridge,NEG,2017-09-01,2.69046,2.196533993303052,0.493926006696948
rolling,3,Ridge,NEG,2017-10-01,3.0855473684210524,2.2970540274947187,0.7884933409263337
rolling,3,Ridge,NEG,2017-11-01,3.0982380952380955,2.854714177499511,0.2435239177385844
rolling,3,Ridge,NEG,2017-12-01,3.075673684210526,2.987104516433395,0.08856916777713097
rolling,3,Ridge,NEG,2018-01-01,3.065655,3.1515694909633467,-0.08591449096334669
rolling,3,Ridge,NEG,2018-02-01,3.15159,2.914417328577194,0.23717267142280596
rolling,3,Ridge,NEG,2018-03-01,3.30657619047619,3.0807341094274796,0.2258420810487105
rolling,3,Ridge,NEG,2018-04-01,3.4621947368421053,2.9385363551741923,0.523658381667913
rolling,3,Ridge,NEG,2018-05-01,3.6392136363636367,3.269986312848883,0.3692273235147536
rolling,3,Ridge,NEG,2018-06-01,3.934538095238095,2.954770461494429,0.9797676337436663
rolling,3,Ridge,NEG,2018-07-01,4.20315,3.2120575346385656,0.9910924653614344
rolling,3,Ridge,NEG,2018-08-01,4.641321739130435,3.6109919827634056,1.030329756367029
rolling,3,Ridge,NEG,2018-09-01,4.782921052631579,3.519222917925383,1.2636981347061962
rolling,3,Ridge,NEG,2018-10-01,4.948788235294118,4.01144337485673,0.9373448604373875
rolling,3,Ridge,NEG,2018-11-01,5.096627272727273,4.076646660840471,1.019980611886802
rolling,3,Ridge,NEG,2018-12-01,5.116333333333333,3.9866302040214947,1.1297031293118387
rolling,3,Ridge,NEG,2019-01-01,5.169666666666667,3.8822818793810727,1.2873847872855944
rolling,3,Ridge,NEG,2019-02-01,5.220527777777778,3.920925691241047,1.2996020865367308
rolling,3,Ridge,NEG,2019-03-01,5.035757142857143,3.8507264834481862,1.185030659408957
rolling,3,Ridge,NEG,2019-04-01,4.934044444444444,3.8012033736794164,1.1328410707650276
rolling,3,Ridge,NEG,2019-05-01,4.7935,3.906075798927168,0.8874242010728319
rolling,3,Ridge,NEG,2019-06-01,4.410036842105264,4.169741777687418,0.24029506441784587
rolling,3,Ridge,NEG,2019-07-01,4.32444761904762,3.8695086565470245,0.45493896250059596
rolling,3,Ridge,NEG,2019-08-01,4.088347826086957,4.709123002848664,-0.6207751767617076
rolling,3,Ridge,NEG,2019-09-01,4.01318,3.558356618155103,0.45482338184489723
rolling,3,Ridge,NEG,2019-10-01,3.979216666666667,2.7075424039137306,1.2716742627529363
rolling,3,Ridge,NEG,2019-11-01,3.831255,2.816447672738226,1.014807327261774
rolling,3,Ridge,NEG,2019-12-01,3.672726315789474,3.0951823257456246,0.5775439900438495
rolling,3,Ridge,None,2016-01-01,2.528319047619048,1.9521489998689188,0.5761700477501293
rolling,3,Ridge,None,2016-02-01,2.523847619047619,2.097021414375142,0.4268262046724769
rolling,3,Ridge,None,2016-03-01,2.525338095238096,2.444404818221753,0.08093327701634312
rolling,3,Ridge,None,2016-04-01,2.51565,2.6119628623512865,-0.09631286235128655
rolling,3,Ridge,None,2016-05-01,2.5214052631578947,2.7624817359318254,-0.24107647277393074
rolling,3,Ridge,None,2016-06-01,2.517215,2.9908732007976377,-0.47365820079763754
rolling,3,Ridge,None,2016-07-01,2.514826315789474,2.6535791104193476,-0.13875279462987367
rolling,3,Ridge,None,2016-08-01,2.5058625,2.804573035096263,-0.2987105350962631
rolling,3,Ridge,None,2016-09-01,2.5015650000000003,2.772073853169624,-0.2705088531696238
rolling,3,Ridge,None,2016-10-01,2.518775,2.397514661985042,0.12126033801495817
rolling,3,Ridge,None,2016-11-01,2.527788888888889,2.3800809116075268,0.1477079772813621
rolling,3,Ridge,None,2016-12-01,2.51759375,2.752556268707403,-0.23496251870740315
rolling,3,Ridge,None,2017-01-01,2.535536363636364,2.8511151470668272,-0.3155787834304631
rolling,3,Ridge,None,2017-02-01,2.5772411764705883,2.4831559547494213,0.09408522172116696
rolling,3,Ridge,None,2017-03-01,2.57815,2.4242318484043075,0.15391815159569244
rolling,3,Ridge,None,2017-04-01,2.5543,2.4032110698695193,0.15108893013048075
rolling,3,Ridge,None,2017-05-01,2.5655,1.816333962075902,0.7491660379240981
rolling,3,Ridge,None,2017-06-01,2.553335294117648,2.0564307419247485,0.49690455219289964
rolling,3,Ridge,None,2017-07-01,2.5712,1.933895621811122,0.6373043781888781
rolling,3,Ridge,None,2017-08-01,2.65784,1.625209573190567,1.0326304268094333
rolling,3,Ridge,None,2017-09-01,2.69046,2.1937295666010845,0.4967304333989153
rolling,3,Ridge,None,2017-10-01,3.0855473684210524,2.293928140587039,0.7916192278340133
rolling,3,Ridge,None,2017-11-01,3.0982380952380955,2.8435399654592697,0.2546981297788258
rolling,3,Ridge,None,2017-12-01,3.075673684210526,2.9842873651681936,0.09138631904233252
rolling,3,Ridge,None,2018-01-01,3.065655,3.1748475467965798,-0.10919254679657975
rolling,3,Ridge,None,2018-02-01,3.15159,2.941655244021374,0.209934755978626
rolling,3,Ridge,None,2018-03-01,3.30657619047619,3.081455969198481,0.22512022127770903
rolling,3,Ridge,None,2018-04-01,3.4621947368421053,2.9570268459103892,0.5051678909317161
rolling,3,Ridge,None,2018-05-01,3.6392136363636367,3.262867586684222,0.37634604967941465
rolling,3,Ridge,None,2018-06-01,3.934538095238095,3.0075841558883285,0.9269539393497666
rolling,3,Ridge,None,2018-07-01,4.20315,3.20657708219225,0.9965729178077498
rolling,3,Ridge,None,2018-08-01,4.641321739130435,3.5675133268285513,1.0738084123018834
rolling,3,Ridge,None,2018-09-01,4.782921052631579,3.5164027903221964,1.2665182623093827
rolling,3,Ridge,None,2018-10-01,4.948788235294118,4.011619855289926,0.9371683800041923
rolling,3,Ridge,None,2018-11-01,5.096627272727273,4.076723288511673,1.0199039842156
rolling,3,Ridge,None,2018-12-01,5.116333333333333,3.9687581850219495,1.1475751483113839
rolling,3,Ridge,None,2019-01-01,5.169666666666667,3.9335490352120965,1.2361176314545705
rolling,3,Ridge,None,2019-02-01,5.220527777777778,3.9071762385645696,1.3133515392132082
rolling,3,Ridge,None,2019-03-01,5.035757142857143,3.8460831700474865,1.1896739728096568
rolling,3,Ridge,None,2019-04-01,4.934044444444444,3.7770715424596206,1.1569729019848234
rolling,3,Ridge,None,2019-05-01,4.7935,3.9181208247156336,0.8753791752843663
rolling,3,Ridge,None,2019-06-01,4.410036842105264,4.175532615769006,0.23450422633625756
rolling,3,Ridge,None,2019-07-01,4.32444761904762,3.867796224797761,0.45665139424985934
rolling,3,Ridge,None,2019-08-01,4.088347826086957,4.72277936383095,-0.6344315377439935
rolling,3,Ridge,None,2019-09-01,4.01318,3.520833333583807,0.4923466664161933
rolling,3,Ridge,None,2019-10-01,3.979216666666667,2.6975502566540213,1.2816664100126456
rolling,3,Ridge,None,2019-11-01,3.831255,2.796206130339492,1.0350488696605082
rolling,3,Ridge,None,2019-12-01,3.672726315789474,3.0030791022124186,0.6696472135770555
rolling,3,Ridge,POSNEG,2016-01-01,2.528319047619048,2.0145807950629604,0.5137382525560876
rolling,3,Ridge,POSNEG,2016-02-01,2.523847619047619,2.1054288796965572,0.41841873935106166
rolling,3,Ridge,POSNEG,2016-03-01,2.525338095238096,2.4559751490709725,0.06936294616712368
rolling,3,Ridge,POSNEG,2016-04-01,2.51565,2.602296734351989,-0.086646734351989
rolling,3,Ridge,POSNEG,2016-05-01,2.5214052631578947,2.775969391393638,-0.25456412823574315
rolling,3,Ridge,POSNEG,2016-06-01,2.517215,2.96227338139184,-0.44505838139183984
rolling,3,Ridge,POSNEG,2016-07-01,2.514826315789474,2.6499236784602167,-0.1350973626707428
rolling,3,Ridge,POSNEG,2016-08-01,2.5058625,2.870209585748782,-0.36434708574878183
rolling,3,Ridge,POSNEG,2016-09-01,2.5015650000000003,2.8249783875333594,-0.32341338753335913
rolling,3,Ridge,POSNEG,2016-10-01,2.518775,2.4694410636958084,0.049333936304191806
rolling,3,Ridge,POSNEG,2016-11-01,2.527788888888889,2.4010947764545554,0.12669411243433348
rolling,3,Ridge,POSNEG,2016-12-01,2.51759375,2.6705548340979135,-0.15296108409791342
rolling,3,Ridge,POSNEG,2017-01-01,2.535536363636364,2.927170984566597,-0.3916346209302328
rolling,3,Ridge,POSNEG,2017-02-01,2.5772411764705883,2.5155600313969546,0.06168114507363365
rolling,3,Ridge,POSNEG,2017-03-01,2.57815,2.4103962653528663,0.1677537346471336
rolling,3,Ridge,POSNEG,2017-04-01,2.5543,2.368788102383845,0.18551189761615516
rolling,3,Ridge,POSNEG,2017-05-01,2.5655,1.790474547990346,0.775025452009654
rolling,3,Ridge,POSNEG,2017-06-01,2.553335294117648,2.0429209872328116,0.5104143068848366
rolling,3,Ridge,POSNEG,2017-07-01,2.5712,1.9099702479097416,0.6612297520902586
rolling,3,Ridge,POSNEG,2017-08-01,2.65784,1.622004219372864,1.035835780627136
rolling,3,Ridge,POSNEG,2017-09-01,2.69046,2.1886685084873143,0.5017914915126855
rolling,3,Ridge,POSNEG,2017-10-01,3.0855473684210524,2.293154899263658,0.7923924691573943
rolling,3,Ridge,POSNEG,2017-11-01,3.0982380952380955,2.8899159459201345,0.208322149317961
rolling,3,Ridge,POSNEG,2017-12-01,3.075673684210526,2.9875277771062057,0.08814590710432046
rolling,3,Ridge,POSNEG,2018-01-01,3.065655,3.1312742152086397,-0.06561921520863967
rolling,3,Ridge,POSNEG,2018-02-01,3.15159,2.847338970411425,0.304251029588575
rolling,3,Ridge,POSNEG,2018-03-01,3.30657619047619,3.0861289061945314,0.22044728428165872
rolling,3,Ridge,POSNEG,2018-04-01,3.4621947368421053,2.9131495514520274,0.549045185390078
rolling,3,Ridge,POSNEG,2018-05-01,3.6392136363636367,3.2713702341135638,0.36784340225007295
rolling,3,Ridge,POSNEG,2018-06-01,3.934538095238095,2.956780041105299,0.9777580541327962
rolling,3,Ridge,POSNEG,2018-07-01,4.20315,3.1936604271427997,1.0094895728572002
rolling,3,Ridge,POSNEG,2018-08-01,4.641321739130435,3.606990346187957,1.0343313929424776
rolling,3,Ridge,POSNEG,2018-09-01,4.782921052631579,3.5301320616022265,1.2527889910293526
rolling,3,Ridge,POSNEG,2018-10-01,4.948788235294118,4.133158421999968,0.8156298132941497
rolling,3,Ridge,POSNEG,2018-11-01,5.096627272727273,4.226536520345558,0.8700907523817145
rolling,3,Ridge,POSNEG,2018-12-01,5.116333333333333,4.083464190557053,1.0328691427762804
rolling,3,Ridge,POSNEG,2019-01-01,5.169666666666667,3.9312328936328185,1.2384337730338486
rolling,3,Ridge,POSNEG,2019-02-01,5.220527777777778,3.26232215810734,1.958205619670438
rolling,3,Ridge,POSNEG,2019-03-01,5.035757142857143,4.020128407116428,1.015628735740715
rolling,3,Ridge,POSNEG,2019-04-01,4.934044444444444,3.9841718179935715,0.9498726264508726
rolling,3,Ridge,POSNEG,2019-05-01,4.7935,4.06134088036375,0.7321591196362496
rolling,3,Ridge,POSNEG,2019-06-01,4.410036842105264,4.16932425890854,0.24071258319672317
rolling,3,Ridge,POSNEG,2019-07-01,4.32444761904762,3.8261239566369274,0.49832366241069304
rolling,3,Ridge,POSNEG,2019-08-01,4.088347826086957,4.737999118204492,-0.649651292117535
rolling,3,Ridge,POSNEG,2019-09-01,4.01318,3.6765826440276133,0.33659735597238694
rolling,3,Ridge,POSNEG,2019-10-01,3.979216666666667,2.7475709340505214,1.2316457326161454
rolling,3,Ridge,POSNEG,2019-11-01,3.831255,2.8077896843241903,1.0234653156758098
rolling,3,Ridge,POSNEG,2019-12-01,3.672726315789474,3.1237619785409496,0.5489643372485244
rolling,3,Ridge,ToneMean,2016-01-01,2.528319047619048,1.959252965754068,0.56906608186498
rolling,3,Ridge,ToneMean,2016-02-01,2.523847619047619,2.1038040175710377,0.42004360147658115
rolling,3,Ridge,ToneMean,2016-03-01,2.525338095238096,2.441960205993902,0.08337788924419431
rolling,3,Ridge,ToneMean,2016-04-01,2.51565,2.6165833139262853,-0.10093331392628535
rolling,3,Ridge,ToneMean,2016-05-01,2.5214052631578947,2.768286786420467,-0.2468815232625725
rolling,3,Ridge,ToneMean,2016-06-01,2.517215,2.9910629909333517,-0.4738479909333515
rolling,3,Ridge,ToneMean,2016-07-01,2.514826315789474,2.6542706850460607,-0.13944436925658676
rolling,3,Ridge,ToneMean,2016-08-01,2.5058625,2.803141769347932,-0.29727926934793203
rolling,3,Ridge,ToneMean,2016-09-01,2.5015650000000003,2.7758632218691215,-0.27429822186912123
rolling,3,Ridge,ToneMean,2016-10-01,2.518775,2.399896927060283,0.11887807293971742
rolling,3,Ridge,ToneMean,2016-11-01,2.527788888888889,2.3869102740888115,0.14087861480007735
rolling,3,Ridge,ToneMean,2016-12-01,2.51759375,2.7238836839674363,-0.20628993396743622
rolling,3,Ridge,ToneMean,2017-01-01,2.535536363636364,2.8561495904647805,-0.3206132268284163
rolling,3,Ridge,ToneMean,2017-02-01,2.5772411764705883,2.4818006198394023,0.095440556631186
rolling,3,Ridge,ToneMean,2017-03-01,2.57815,2.4079989150523318,0.17015108494766817
rolling,3,Ridge,ToneMean,2017-04-01,2.5543,2.3900527643314717,0.16424723566852828
rolling,3,Ridge,ToneMean,2017-05-01,2.5655,1.7960181554684957,0.7694818445315044
rolling,3,Ridge,ToneMean,2017-06-01,2.553335294117648,2.0472900592857473,0.5060452348319009
rolling,3,Ridge,ToneMean,2017-07-01,2.5712,1.910139845666253,0.6610601543337471
rolling,3,Ridge,ToneMean,2017-08-01,2.65784,1.6224066454031387,1.0354333545968615
rolling,3,Ridge,ToneMean,2017-09-01,2.69046,2.1988813633620077,0.4915786366379922
rolling,3,Ridge,ToneMean,2017-10-01,3.0855473684210524,2.3067792093027517,0.7787681591183007
rolling,3,Ridge,ToneMean,2017-11-01,3.0982380952380955,2.8917927641010515,0.206445331137044
rolling,3,Ridge,ToneMean,2017-12-01,3.075673684210526,2.9870730659626084,0.08860061824791776
rolling,3,Ridge,ToneMean,2018-01-01,3.065655,3.1377964302083456,-0.07214143020834562
rolling,3,Ridge,ToneMean,2018-02-01,3.15159,2.8516794452211918,0.29991055477880835
rolling,3,Ridge,ToneMean,2018-03-01,3.30657619047619,3.083553565597584,0.22302262487860602
rolling,3,Ridge,ToneMean,2018-04-01,3.4621947368421053,2.9118204119770708,0.5503743248650346
rolling,3,Ridge,ToneMean,2018-05-01,3.6392136363636367,3.2787879688026544,0.36042566756098227
rolling,3,Ridge,ToneMean,2018-06-01,3.934538095238095,2.971401014214216,0.9631370810238788
rolling,3,Ridge,ToneMean,2018-07-01,4.20315,3.2000592852023133,1.0030907147976866
rolling,3,Ridge,ToneMean,2018-08-01,4.641321739130435,3.5811246008753796,1.060197138255055
rolling,3,Ridge,ToneMean,2018-09-01,4.782921052631579,3.5096417969754388,1.2732792556561403
rolling,3,Ridge,ToneMean,2018-10-01,4.948788235294118,4.064233910541805,0.8845543247523127
rolling,3,Ridge,ToneMean,2018-11-01,5.096627272727273,4.185545416870509,0.9110818558567635
rolling,3,Ridge,ToneMean,2018-12-01,5.116333333333333,4.05135563659552,1.064977696737813
rolling,3,Ridge,ToneMean,2019-01-01,5.169666666666667,3.819446562715468,1.350220103951199
rolling,3,Ridge,ToneMean,2019-02-01,5.220527777777778,3.732015943447236,1.488511834330542
rolling,3,Ridge,ToneMean,2019-03-01,5.035757142857143,4.018914645997635,1.0168424968595087
rolling,3,Ridge,ToneMean,2019-04-01,4.934044444444444,4.021994092068017,0.9120503523764274
rolling,3,Ridge,ToneMean,2019-05-01,4.7935,3.9908753875645573,0.8026246124354426
rolling,3,Ridge,ToneMean,2019-06-01,4.410036842105264,4.1287930938335275,0.28124374827173604
rolling,3,Ridge,ToneMean,2019-07-01,4.32444761904762,3.8560136203271336,0.46843399872048685
rolling,3,Ridge,ToneMean,2019-08-01,4.088347826086957,4.637328158533522,-0.5489803324465656
rolling,3,Ridge,ToneMean,2019-09-01,4.01318,3.713684008836621,0.2994959911633792
rolling,3,Ridge,ToneMean,2019-10-01,3.979216666666667,2.7721374453293963,1.2070792213372705
rolling,3,Ridge,ToneMean,2019-11-01,3.831255,2.794039368167378,1.037215631832622
rolling,3,Ridge,ToneMean,2019-12-01,3.672726315789474,3.098659083512191,0.5740672322772831
rolling,3,SVR,NEG,2016-01-01,2.528319047619048,2.430332074025126,0.09798697359392206
rolling,3,SVR,NEG,2016-02-01,2.523847619047619,2.493309725586019,0.030537893461600074
rolling,3,SVR,NEG,2016-03-01,2.525338095238096,2.5644608744569615,-0.03912277921886531
rolling,3,SVR,NEG,2016-04-01,2.51565,2.5844008306794772,-0.06875083067947729
rolling,3,SVR,NEG,2016-05-01,2.5214052631578947,3.000434394879343,-0.4790291317214481
rolling,3,SVR,NEG,2016-06-01,2.517215,2.7865359394510776,-0.2693209394510774
rolling,3,SVR,NEG,2016-07-01,2.514826315789474,2.5696705761037095,-0.054844260314235616
rolling,3,SVR,NEG,2016-08-01,2.5058625,2.7534626691103616,-0.24760016911036153
rolling,3,SVR,NEG,2016-09-01,2.5015650000000003,2.712362832717288,-0.21079783271728791
rolling,3,SVR,NEG,2016-10-01,2.518775,2.677908115268491,-0.15913311526849094
rolling,3,SVR,NEG,2016-11-01,2.527788888888889,2.2663885246590842,0.2614003642298046
rolling,3,SVR,NEG,2016-12-01,2.51759375,2.829509799148413,-0.311916049148413
rolling,3,SVR,NEG,2017-01-01,2.535536363636364,2.8129372355074245,-0.27740087187106033
rolling,3,SVR,NEG,2017-02-01,2.5772411764705883,2.702804785158336,-0.12556360868774785
rolling,3,SVR,NEG,2017-03-01,2.57815,2.1624840959467764,0.41566590405322357
rolling,3,SVR,NEG,2017-04-01,2.5543,2.738263130766793,-0.18396313076679283
rolling,3,SVR,NEG,2017-05-01,2.5655,2.169696422632998,0.3958035773670021
rolling,3,SVR,NEG,2017-06-01,2.553335294117648,2.558997825133406,-0.005662531015757644
rolling,3,SVR,NEG,2017-07-01,2.5712,2.3819401187804536,0.1892598812195465
rolling,3,SVR,NEG,2017-08-01,2.65784,2.497786041811567,0.16005395818843304
rolling,3,SVR,NEG,2017-09-01,2.69046,2.743948367602183,-0.05348836760218312
rolling,3,SVR,NEG,2017-10-01,3.0855473684210524,2.6065128441198078,0.4790345243012446
rolling,3,SVR,NEG,2017-11-01,3.0982380952380955,2.9831934790505095,0.11504461618758599
rolling,3,SVR,NEG,2017-12-01,3.075673684210526,3.0674552473422008,0.008218436868325352
rolling,3,SVR,NEG,2018-01-01,3.065655,3.2070783172029307,-0.14142331720293067
rolling,3,SVR,NEG,2018-02-01,3.15159,3.0116505517433882,0.13993944825661186
rolling,3,SVR,NEG,2018-03-01,3.30657619047619,3.1225878929367603,0.1839882975394298
rolling,3,SVR,NEG,2018-04-01,3.4621947368421053,3.103409022619413,0.35878571422269223
rolling,3,SVR,NEG,2018-05-01,3.6392136363636367,2.8924867855182526,0.7467268508453841
rolling,3,SVR,NEG,2018-06-01,3.934538095238095,3.3101829450804994,0.6243551501575957
rolling,3,SVR,NEG,2018-07-01,4.20315,3.400579703256753,0.8025702967432471
rolling,3,SVR,NEG,2018-08-01,4.641321739130435,3.4320823617609766,1.209239377369458
rolling,3,SVR,NEG,2018-09-01,4.782921052631579,3.3950263713267352,1.3878946813048438
rolling,3,SVR,NEG,2018-10-01,4.948788235294118,4.0047137694563535,0.9440744658377644
rolling,3,SVR,NEG,2018-11-01,5.096627272727273,4.4903308032374785,0.6062964694897941
rolling,3,SVR,NEG,2018-12-01,5.116333333333333,4.0295947582985345,1.0867385750347989
rolling,3,SVR,NEG,2019-01-01,5.169666666666667,3.0275801078886495,2.1420865587780176
rolling,3,SVR,NEG,2019-02-01,5.220527777777778,3.2558956725986112,1.9646321051791666
rolling,3,SVR,NEG,2019-03-01,5.035757142857143,3.4223720827025197,1.6133850601546236
rolling,3,SVR,NEG,2019-04-01,4.934044444444444,3.776118862761373,1.1579255816830711
rolling,3,SVR,NEG,2019-05-01,4.7935,4.004476149020785,0.7890238509792145
rolling,3,SVR,NEG,2019-06-01,4.410036842105264,4.184634631958284,0.2254022101469797
rolling,3,SVR,NEG,2019-07-01,4.32444761904762,3.7239227571353055,0.6005248619123149
rolling,3,SVR,NEG,2019-08-01,4.088347826086957,3.2221217368852813,0.8662260892016755
rolling,3,SVR,NEG,2019-09-01,4.01318,3.9744402459550345,0.03873975404496566
rolling,3,SVR,NEG,2019-10-01,3.979216666666667,3.159249619703902,0.8199670469627649
rolling,3,SVR,NEG,2019-11-01,3.831255,3.398525931150429,0.4327290688495711
rolling,3,SVR,NEG,2019-12-01,3.672726315789474,3.644373561293027,0.02835275449644703
rolling,3,SVR,None,2016-01-01,2.528319047619048,2.402952194468223,0.12536685315082519
rolling,3,SVR,None,2016-02-01,2.523847619047619,2.5517047895341083,-0.02785717048648939
rolling,3,SVR,None,2016-03-01,2.525338095238096,2.5923863916002583,-0.06704829636216214
rolling,3,SVR,None,2016-04-01,2.51565,2.621165335365977,-0.10551533536597724
rolling,3,SVR,None,2016-05-01,2.5214052631578947,2.9212670004564285,-0.3998617372985338
rolling,3,SVR,None,2016-06-01,2.517215,2.787643266751611,-0.2704282667516109
rolling,3,SVR,None,2016-07-01,2.514826315789474,2.580443932641041,-0.0656176168515672
rolling,3,SVR,None,2016-08-01,2.5058625,2.841520727634629,-0.33565822763462894
rolling,3,SVR,None,2016-09-01,2.5015650000000003,2.5943404419416707,-0.09277544194167042
rolling,3,SVR,None,2016-10-01,2.518775,2.3062703336226162,0.21250466637738397
rolling,3,SVR,None,2016-11-01,2.527788888888889,2.2655238563899065,0.26226503249898236
rolling,3,SVR,None,2016-12-01,2.51759375,2.5295099025156635,-0.01191615251566347
rolling,3,SVR,None,2017-01-01,2.535536363636364,2.882976590041363,-0.34744022640499894
rolling,3,SVR,None,2017-02-01,2.5772411764705883,2.4692804517076943,0.10796072476289398
rolling,3,SVR,None,2017-03-01,2.57815,2.2260304039671,0.3521195960329
rolling,3,SVR,None,2017-04-01,2.5543,2.7414389314517837,-0.18713893145178373
rolling,3,SVR,None,2017-05-01,2.5655,2.198719637244272,0.366780362755728
rolling,3,SVR,None,2017-06-01,2.553335294117648,2.626062549320676,-0.07272725520302803
rolling,3,SVR,None,2017-07-01,2.5712,2.436418222927478,0.13478177707252215
rolling,3,SVR,None,2017-08-01,2.65784,2.4577631307743864,0.20007686922561385
rolling,3,SVR,None,2017-09-01,2.69046,2.752923566383591,-0.062463566383591296
rolling,3,SVR,None,2017-10-01,3.0855473684210524,2.7046501583337066,0.3808972100873458
rolling,3,SVR,None,2017-11-01,3.0982380952380955,3.0203899249718797,0.07784817026621571
rolling,3,SVR,None,2017-12-01,3.075673684210526,3.141918030183853,-0.06624434597332707
rolling,3,SVR,None,2018-01-01,3.065655,3.1103330999705068,-0.04467809997050676
rolling,3,SVR,None,2018-02-01,3.15159,3.0248929688925585,0.12669703110744157
rolling,3,SVR,None,2018-03-01,3.30657619047619,3.0914987349939365,0.21507745548225365
rolling,3,SVR,None,2018-04-01,3.4621947368421053,3.1875227106399917,0.2746720262021136
rolling,3,SVR,None,2018-05-01,3.6392136363636367,2.8078382088578704,0.8313754275057663
rolling,3,SVR,None,2018-06-01,3.934538095238095,3.268539650505683,0.6659984447324119
rolling,3,SVR,None,2018-07-01,4.20315,3.3431232070071957,0.8600267929928043
rolling,3,SVR,None,2018-08-01,4.641321739130435,3.583665554195739,1.0576561849346957
rolling,3,SVR,None,2018-09-01,4.782921052631579,3.580977946157679,1.2019431064739
rolling,3,SVR,None,2018-10-01,4.948788235294118,4.04542753437749,0.903360700916628
rolling,3,SVR,None,2018-11-01,5.096627272727273,4.5710480737583765,0.525579198968896
rolling,3,SVR,None,2018-12-01,5.116333333333333,4.216846150953635,0.8994871823796986
rolling,3,SVR,None,2019-01-01,5.169666666666667,2.945117762661992,2.224548904004675
rolling,3,SVR,None,2019-02-01,5.220527777777778,3.416633983949927,1.803893793827851
rolling,3,SVR,None,2019-03-01,5.035757142857143,3.468686400998803,1.5670707418583403
rolling,3,SVR,None,2019-04-01,4.934044444444444,3.937242247775424,0.9968021966690199
rolling,3,SVR,None,2019-05-01,4.7935,4.176305417083108,0.6171945829168921
rolling,3,SVR,None,2019-06-01,4.410036842105264,4.216595401493905,0.19344144061135893
rolling,3,SVR,None,2019-07-01,4.32444761904762,3.608751185888904,0.7156964331587163
rolling,3,SVR,None,2019-08-01,4.088347826086957,3.197928897599555,0.890418928487402
rolling,3,SVR,None,2019-09-01,4.01318,4.004774956954745,0.008405043045255134
rolling,3,SVR,None,2019-10-01,3.979216666666667,3.1259268375177154,0.8532898291489515
rolling,3,SVR,None,2019-11-01,3.831255,3.41719355340978,0.41406144659022015
rolling,3,SVR,None,2019-12-01,3.672726315789474,3.623810467200883,0.04891584858859099
rolling,3,SVR,POSNEG,2016-01-01,2.528319047619048,2.4769362874525456,0.05138276016650245
rolling,3,SVR,POSNEG,2016-02-01,2.523847619047619,2.412883996693983,0.1109636223536361
rolling,3,SVR,POSNEG,2016-03-01,2.525338095238096,2.513508762280578,0.01182933295751809
rolling,3,SVR,POSNEG,2016-04-01,2.51565,2.5936427482155855,-0.07799274821558555
rolling,3,SVR,POSNEG,2016-05-01,2.5214052631578947,3.013749849394961,-0.4923445862370661
rolling,3,SVR,POSNEG,2016-06-01,2.517215,2.835824020539433,-0.31860902053943274
rolling,3,SVR,POSNEG,2016-07-01,2.514826315789474,2.605635970384306,-0.09080965459483226
rolling,3,SVR,POSNEG,2016-08-01,2.5058625,2.731830952377858,-0.2259684523778578
rolling,3,SVR,POSNEG,2016-09-01,2.5015650000000003,2.700828298713939,-0.19926329871393866
rolling,3,SVR,POSNEG,2016-10-01,2.518775,2.549749983250395,-0.03097498325039494
rolling,3,SVR,POSNEG,2016-11-01,2.527788888888889,2.2472635968314916,0.2805252920573973
rolling,3,SVR,POSNEG,2016-12-01,2.51759375,2.8196166920752708,-0.3020229420752707
rolling,3,SVR,POSNEG,2017-01-01,2.535536363636364,2.7647686637549005,-0.22923230011853635
rolling,3,SVR,POSNEG,2017-02-01,2.5772411764705883,2.6665069486826596,-0.08926577221207133
rolling,3,SVR,POSNEG,2017-03-01,2.57815,2.108353613171259,0.46979638682874114
rolling,3,SVR,POSNEG,2017-04-01,2.5543,2.6937490368156842,-0.1394490368156842
rolling,3,SVR,POSNEG,2017-05-01,2.5655,2.2312729830183646,0.3342270169816355
rolling,3,SVR,POSNEG,2017-06-01,2.553335294117648,2.5124589170314584,0.04087637708618974
rolling,3,SVR,POSNEG,2017-07-01,2.5712,2.46112080097335,0.11007919902665009
rolling,3,SVR,POSNEG,2017-08-01,2.65784,2.446444649641813,0.21139535035818735
rolling,3,SVR,POSNEG,2017-09-01,2.69046,2.6655849475721656,0.024875052427834277
rolling,3,SVR,POSNEG,2017-10-01,3.0855473684210524,2.600253395013859,0.4852939734071935
rolling,3,SVR,POSNEG,2017-11-01,3.0982380952380955,3.059600189856774,0.0386379053813215
rolling,3,SVR,POSNEG,2017-12-01,3.075673684210526,3.0017608741555675,0.07391281005495864
rolling,3,SVR,POSNEG,2018-01-01,3.065655,3.192765899984699,-0.12711089998469882
rolling,3,SVR,POSNEG,2018-02-01,3.15159,3.0324555563694684,0.11913444363053172
rolling,3,SVR,POSNEG,2018-03-01,3.30657619047619,3.05332845818734,0.25324773228885
rolling,3,SVR,POSNEG,2018-04-01,3.4621947368421053,3.08947680250005,0.37271793434205547
rolling,3,SVR,POSNEG,2018-05-01,3.6392136363636367,2.974635581784336,0.6645780545793007
rolling,3,SVR,POSNEG,2018-06-01,3.934538095238095,3.326275518855092,0.608262576383003
rolling,3,SVR,POSNEG,2018-07-01,4.20315,3.452442225984267,0.7507077740157331
rolling,3,SVR,POSNEG,2018-08-01,4.641321739130435,3.506165165222294,1.1351565739081408
rolling,3,SVR,POSNEG,2018-09-01,4.782921052631579,3.36413462331547,1.4187864293161092
rolling,3,SVR,POSNEG,2018-10-01,4.948788235294118,3.6187185690443444,1.3300696662497735
rolling,3,SVR,POSNEG,2018-11-01,5.096627272727273,4.3765503483386645,0.720076924388608
rolling,3,SVR,POSNEG,2018-12-01,5.116333333333333,4.081856950806506,1.0344763825268277
rolling,3,SVR,POSNEG,2019-01-01,5.169666666666667,3.0483621898970252,2.121304476769642
rolling,3,SVR,POSNEG,2019-02-01,5.220527777777778,2.593758143920547,2.626769633857231
rolling,3,SVR,POSNEG,2019-03-01,5.035757142857143,3.3410523305628335,1.6947048122943098
rolling,3,SVR,POSNEG,2019-04-01,4.934044444444444,3.690197011235195,1.243847433209249
rolling,3,SVR,POSNEG,2019-05-01,4.7935,3.9883609430612026,0.8051390569387973
rolling,3,SVR,POSNEG,2019-06-01,4.410036842105264,3.981925480099876,0.4281113620053878
rolling,3,SVR,POSNEG,2019-07-01,4.32444761904762,3.7351190378654895,0.5893285811821309
rolling,3,SVR,POSNEG,2019-08-01,4.088347826086957,3.302477299964405,0.7858705261225518
rolling,3,SVR,POSNEG,2019-09-01,4.01318,3.9258798569234825,0.08730014307651768
rolling,3,SVR,POSNEG,2019-10-01,3.979216666666667,3.1893320657778332,0.7898846008888336
rolling,3,SVR,POSNEG,2019-11-01,3.831255,3.402117776961681,0.42913722303831925
rolling,3,SVR,POSNEG,2019-12-01,3.672726315789474,3.658473864776402,0.014252451013072154
rolling,3,SVR,ToneMean,2016-01-01,2.528319047619048,2.425043209579577,0.10327583803947116
rolling,3,SVR,ToneMean,2016-02-01,2.523847619047619,2.4647673363470233,0.05908028270059562
rolling,3,SVR,ToneMean,2016-03-01,2.525338095238096,2.5300057994295138,-0.004667704191417599
rolling,3,SVR,ToneMean,2016-04-01,2.51565,2.6055823534903744,-0.08993235349037443
rolling,3,SVR,ToneMean,2016-05-01,2.5214052631578947,3.016933301828626,-0.49552803867073125
rolling,3,SVR,ToneMean,2016-06-01,2.517215,2.7934050050295047,-0.2761900050295045
rolling,3,SVR,ToneMean,2016-07-01,2.514826315789474,2.6064313413189097,-0.09160502552943584
rolling,3,SVR,ToneMean,2016-08-01,2.5058625,2.81363635939947,-0.3077738593994699
rolling,3,SVR,ToneMean,2016-09-01,2.5015650000000003,2.633376568122708,-0.1318115681227079
rolling,3,SVR,ToneMean,2016-10-01,2.518775,2.294448232402844,0.22432676759715608
rolling,3,SVR,ToneMean,2016-11-01,2.527788888888889,2.2681211774949905,0.2596677113938983
rolling,3,SVR,ToneMean,2016-12-01,2.51759375,2.713817804222405,-0.19622405422240474
rolling,3,SVR,ToneMean,2017-01-01,2.535536363636364,2.8230294434233256,-0.2874930797869615
rolling,3,SVR,ToneMean,2017-02-01,2.5772411764705883,2.516531760546851,0.06070941592373735
rolling,3,SVR,ToneMean,2017-03-01,2.57815,2.1515299479382115,0.42662005206178844
rolling,3,SVR,ToneMean,2017-04-01,2.5543,2.7070268458793167,-0.15272684587931673
rolling,3,SVR,ToneMean,2017-05-01,2.5655,2.219548044637802,0.34595195536219814
rolling,3,SVR,ToneMean,2017-06-01,2.553335294117648,2.5424422856368114,0.010893008480836741
rolling,3,SVR,ToneMean,2017-07-01,2.5712,2.4219723787334857,0.14922762126651445
rolling,3,SVR,ToneMean,2017-08-01,2.65784,2.4297275753157925,0.22811242468420767
rolling,3,SVR,ToneMean,2017-09-01,2.69046,2.74029049871288,-0.04983049871288037
rolling,3,SVR,ToneMean,2017-10-01,3.0855473684210524,2.5946879380850643,0.4908594303359881
rolling,3,SVR,ToneMean,2017-11-01,3.0982380952380955,3.0728071023684,0.025430992869695412
rolling,3,SVR,ToneMean,2017-12-01,3.075673684210526,3.039779138494949,0.03589454571557704
rolling,3,SVR,ToneMean,2018-01-01,3.065655,3.1739381854908824,-0.10828318549088234
rolling,3,SVR,ToneMean,2018-02-01,3.15159,2.9969000983317433,0.1546899016682568
rolling,3,SVR,ToneMean,2018-03-01,3.30657619047619,3.0784642394255983,0.2281119510505918
rolling,3,SVR,ToneMean,2018-04-01,3.4621947368421053,3.0767902657471566,0.3854044710949487
rolling,3,SVR,ToneMean,2018-05-01,3.6392136363636367,2.9409415379383637,0.698272098425273
rolling,3,SVR,ToneMean,2018-06-01,3.934538095238095,3.4283363653157775,0.5062017299223176
rolling,3,SVR,ToneMean,2018-07-01,4.20315,3.481965915784537,0.7211840842154631
rolling,3,SVR,ToneMean,2018-08-01,4.641321739130435,3.6517249287931492,0.9895968103372854
rolling,3,SVR,ToneMean,2018-09-01,4.782921052631579,3.400556146278153,1.382364906353426
rolling,3,SVR,ToneMean,2018-10-01,4.948788235294118,3.693984794864202,1.254803440429916
rolling,3,SVR,ToneMean,2018-11-01,5.096627272727273,4.279072890361681,0.817554382365592
rolling,3,SVR,ToneMean,2018-12-01,5.116333333333333,4.153613288760517,0.9627200445728166
rolling,3,SVR,ToneMean,2019-01-01,5.169666666666667,2.9006578725108754,2.2690087941557917
rolling,3,SVR,ToneMean,2019-02-01,5.220527777777778,3.191344660301316,2.029183117476462
rolling,3,SVR,ToneMean,2019-03-01,5.035757142857143,3.3819938754280257,1.6537632674291176
rolling,3,SVR,ToneMean,2019-04-01,4.934044444444444,3.779477460373633,1.154566984070811
rolling,3,SVR,ToneMean,2019-05-01,4.7935,4.018237837818676,0.775262162181324
rolling,3,SVR,ToneMean,2019-06-01,4.410036842105264,4.086269659085259,0.3237671830200046
rolling,3,SVR,ToneMean,2019-07-01,4.32444761904762,3.7751476008434284,0.549300018204192
rolling,3,SVR,ToneMean,2019-08-01,4.088347826086957,3.3251010720530054,0.7632467540339514
rolling,3,SVR,ToneMean,2019-09-01,4.01318,3.9456623470280965,0.06751765297190371
rolling,3,SVR,ToneMean,2019-10-01,3.979216666666667,3.243916917445095,0.7352997492215718
rolling,3,SVR,ToneMean,2019-11-01,3.831255,3.43284165876343,0.39841334123657024
rolling,3,SVR,ToneMean,2019-12-01,3.672726315789474,3.712422367466122,-0.039696051676648025
rolling,4,ElasticNet,NEG,2016-01-01,2.523847619047619,1.9636511476181941,0.5601964714294247
rolling,4,ElasticNet,NEG,2016-02-01,2.525338095238096,2.1275826904763533,0.39775540476174287
rolling,4,ElasticNet,NEG,2016-03-01,2.51565,2.454849912750991,0.06080008724900887
rolling,4,ElasticNet,NEG,2016-04-01,2.5214052631578947,2.588349197680535,-0.06694393452264036
rolling,4,ElasticNet,NEG,2016-05-01,2.517215,2.7850511327082668,-0.26783613270826656
rolling,4,ElasticNet,NEG,2016-06-01,2.514826315789474,3.0183936848176893,-0.5035673690282154
rolling,4,ElasticNet,NEG,2016-07-01,2.5058625,2.6248409648484583,-0.1189784648484582
rolling,4,ElasticNet,NEG,2016-08-01,2.5015650000000003,2.7663207127016016,-0.26475571270160136
rolling,4,ElasticNet,NEG,2016-09-01,2.518775,2.7756032173712972,-0.256828217371297
rolling,4,ElasticNet,NEG,2016-10-01,2.527788888888889,2.443597107497802,0.08419178139108707
rolling,4,ElasticNet,NEG,2016-11-01,2.51759375,2.4349136966153284,0.08268005338467166
rolling,4,ElasticNet,NEG,2016-12-01,2.535536363636364,2.7130584108494973,-0.17752204721313314
rolling,4,ElasticNet,NEG,2017-01-01,2.5772411764705883,2.938921726102864,-0.3616805496322759
rolling,4,ElasticNet,NEG,2017-02-01,2.57815,2.585675750000454,-0.007525750000453968
rolling,4,ElasticNet,NEG,2017-03-01,2.5543,2.45068383638515,0.10361616361484982
rolling,4,ElasticNet,NEG,2017-04-01,2.5655,2.4331800046453265,0.13231999535467365
rolling,4,ElasticNet,NEG,2017-05-01,2.553335294117648,1.834810990436201,0.718524303681447
rolling,4,ElasticNet,NEG,2017-06-01,2.5712,2.088131362294873,0.4830686377051272
rolling,4,ElasticNet,NEG,2017-07-01,2.65784,1.9901830248026209,0.6676569751973793
rolling,4,ElasticNet,NEG,2017-08-01,2.69046,1.724518781989856,0.9659412180101439
rolling,4,ElasticNet,NEG,2017-09-01,3.0855473684210524,2.2483187077108604,0.837228660710192
rolling,4,ElasticNet,NEG,2017-10-01,3.0982380952380955,2.325988580721652,0.7722495145164436
rolling,4,ElasticNet,NEG,2017-11-01,3.075673684210526,2.822122308890952,0.25355137531957395
rolling,4,ElasticNet,NEG,2017-12-01,3.065655,2.9187842045658976,0.14687079543410242
rolling,4,ElasticNet,NEG,2018-01-01,3.15159,3.1158883835194544,0.035701616480545706
rolling,4,ElasticNet,NEG,2018-02-01,3.30657619047619,2.9113393251049793,0.39523686537121083
rolling,4,ElasticNet,NEG,2018-03-01,3.4621947368421053,3.066953332053613,0.39524140478849246
rolling,4,ElasticNet,NEG,2018-04-01,3.6392136363636367,2.9458354757830216,0.6933781605806151
rolling,4,ElasticNet,NEG,2018-05-01,3.934538095238095,3.30804444304938,0.626493652188715
rolling,4,ElasticNet,NEG,2018-06-01,4.20315,3.0810943973009794,1.1220556026990205
rolling,4,ElasticNet,NEG,2018-07-01,4.641321739130435,3.290142866523407,1.3511788726070275
rolling,4,ElasticNet,NEG,2018-08-01,4.782921052631579,3.753620665398273,1.029300387233306
rolling,4,ElasticNet,NEG,2018-09-01,4.948788235294118,3.6656249167888744,1.2831633185052436
rolling,4,ElasticNet,NEG,2018-10-01,5.096627272727273,4.212845018560784,0.8837822541664888
rolling,4,ElasticNet,NEG,2018-11-01,5.116333333333333,4.2206929984111525,0.8956403349221809
rolling,4,ElasticNet,NEG,2018-12-01,5.169666666666667,4.095130125300077,1.07453654136659
rolling,4,ElasticNet,NEG,2019-01-01,5.220527777777778,3.9132621948707706,1.3072655829070072
rolling,4,ElasticNet,NEG,2019-02-01,5.035757142857143,3.946312212049363,1.08944493080778
rolling,4,ElasticNet,NEG,2019-03-01,4.934044444444444,3.8213429828158847,1.1127014616285593
rolling,4,ElasticNet,NEG,2019-04-01,4.7935,3.7603561736935216,1.0331438263064783
rolling,4,ElasticNet,NEG,2019-05-01,4.410036842105264,3.77934334220857,0.6306934998966938
rolling,4,ElasticNet,NEG,2019-06-01,4.32444761904762,4.010841980635577,0.31360563841204314
rolling,4,ElasticNet,NEG,2019-07-01,4.088347826086957,3.6730784637703198,0.415269362316637
rolling,4,ElasticNet,NEG,2019-08-01,4.01318,4.281345566016617,-0.26816556601661645
rolling,4,ElasticNet,NEG,2019-09-01,3.979216666666667,3.3872341353667883,0.5919825312998785
rolling,4,ElasticNet,NEG,2019-10-01,3.831255,2.5987105372728925,1.2325444627271076
rolling,4,ElasticNet,NEG,2019-11-01,3.672726315789474,2.7236652833250115,0.9490610324644626
rolling,4,ElasticNet,None,2016-01-01,2.523847619047619,1.9636509181664992,0.5601967008811197
rolling,4,ElasticNet,None,2016-02-01,2.525338095238096,2.1275822481961306,0.39775584704196554
rolling,4,ElasticNet,None,2016-03-01,2.51565,2.454849473863763,0.060800526136236765
rolling,4,ElasticNet,None,2016-04-01,2.5214052631578947,2.5883532475238296,-0.06694798436593485
rolling,4,ElasticNet,None,2016-05-01,2.517215,2.785795520227028,-0.2685805202270277
rolling,4,ElasticNet,None,2016-06-01,2.514826315789474,3.022206429589003,-0.5073801137995293
rolling,4,ElasticNet,None,2016-07-01,2.5058625,2.622641525986575,-0.11677902598657486
rolling,4,ElasticNet,None,2016-08-01,2.5015650000000003,2.7550567936597563,-0.25349179365975605
rolling,4,ElasticNet,None,2016-09-01,2.518775,2.754938538280587,-0.23616353828058667
rolling,4,ElasticNet,None,2016-10-01,2.527788888888889,2.4162170821692377,0.11157180671965117
rolling,4,ElasticNet,None,2016-11-01,2.51759375,2.4238302429326692,0.09376350706733083
rolling,4,ElasticNet,None,2016-12-01,2.535536363636364,2.7683614599668007,-0.23282509633043658
rolling,4,ElasticNet,None,2017-01-01,2.5772411764705883,2.904891161920564,-0.3276499854499759
rolling,4,ElasticNet,None,2017-02-01,2.57815,2.562700371224918,0.015449628775082047
rolling,4,ElasticNet,None,2017-03-01,2.5543,2.4573273171063788,0.09697268289362126
rolling,4,ElasticNet,None,2017-04-01,2.5655,2.45407049827269,0.11142950172731014
rolling,4,ElasticNet,None,2017-05-01,2.553335294117648,1.8508502441884955,0.7024850499291526
rolling,4,ElasticNet,None,2017-06-01,2.5712,2.094506968566992,0.47669303143300823
rolling,4,ElasticNet,None,2017-07-01,2.65784,1.994972582755003,0.6628674172449971
rolling,4,ElasticNet,None,2017-08-01,2.69046,1.7245144574698152,0.9659455425301846
rolling,4,ElasticNet,None,2017-09-01,3.0855473684210524,2.244908205804989,0.8406391626160632
rolling,4,ElasticNet,None,2017-10-01,3.0982380952380955,2.3214983584765836,0.7767397367615119
rolling,4,ElasticNet,None,2017-11-01,3.075673684210526,2.8084356087157274,0.2672380754947987
rolling,4,ElasticNet,None,2017-12-01,3.065655,2.9120731372125235,0.15358186278747654
rolling,4,ElasticNet,None,2018-01-01,3.15159,3.1158884351303886,0.03570156486961151
rolling,4,ElasticNet,None,2018-02-01,3.30657619047619,2.9139260910292006,0.3926500994469895
rolling,4,ElasticNet,None,2018-03-01,3.4621947368421053,3.0665401986103102,0.3956545382317951
rolling,4,ElasticNet,None,2018-04-01,3.6392136363636367,2.9458438586779856,0.6933697776856511
rolling,4,ElasticNet,None,2018-05-01,3.934538095238095,3.3065267990667366,0.6280112961713584
rolling,4,ElasticNet,None,2018-06-01,4.20315,3.104870447110347,1.098279552889653
rolling,4,ElasticNet,None,2018-07-01,4.641321739130435,3.293119664544492,1.3482020745859429
rolling,4,ElasticNet,None,2018-08-01,4.782921052631579,3.748919162414074,1.034001890217505
rolling,4,ElasticNet,None,2018-09-01,4.948788235294118,3.683485977467691,1.265302257826427
rolling,4,ElasticNet,None,2018-10-01,5.096627272727273,4.212849727759691,0.8837775449675815
rolling,4,ElasticNet,None,2018-11-01,5.116333333333333,4.22380491867298,0.8925284146603536
rolling,4,ElasticNet,None,2018-12-01,5.169666666666667,4.071597357960793,1.098069308705874
rolling,4,ElasticNet,None,2019-01-01,5.220527777777778,3.9729679860697016,1.2475597917080763
rolling,4,ElasticNet,None,2019-02-01,5.035757142857143,3.929954336146226,1.1058028067109174
rolling,4,ElasticNet,None,2019-03-01,4.934044444444444,3.8170434731722236,1.1170009712722204
rolling,4,ElasticNet,None,2019-04-01,4.7935,3.735910843310938,1.0575891566890618
rolling,4,ElasticNet,None,2019-05-01,4.410036842105264,3.7925070387955957,0.6175298033096679
rolling,4,ElasticNet,None,2019-06-01,4.32444761904762,4.018663065899757,0.30578455314786357
rolling,4,ElasticNet,None,2019-07-01,4.088347826086957,3.6709842070883596,0.4173636189985972
rolling,4,ElasticNet,None,2019-08-01,4.01318,4.293663263513599,-0.28048326351359876
rolling,4,ElasticNet,None,2019-09-01,3.979216666666667,3.3426391129889432,0.6365775536777236
rolling,4,ElasticNet,None,2019-10-01,3.831255,2.5885484046133445,1.2427065953866556
rolling,4,ElasticNet,None,2019-11-01,3.672726315789474,2.7020521713340053,0.9706741444554687
rolling,4,ElasticNet,POSNEG,2016-01-01,2.523847619047619,2.0774801258080267,0.44636749323959224
rolling,4,ElasticNet,POSNEG,2016-02-01,2.525338095238096,2.1489213517847743,0.3764167434533219
rolling,4,ElasticNet,POSNEG,2016-03-01,2.51565,2.4688893722061387,0.046760627793861254
rolling,4,ElasticNet,POSNEG,2016-04-01,2.5214052631578947,2.579804735558744,-0.058399472400849195
rolling,4,ElasticNet,POSNEG,2016-05-01,2.517215,2.834216452714242,-0.31700145271424196
rolling,4,ElasticNet,POSNEG,2016-06-01,2.514826315789474,2.98855347693071,-0.47372716114123614
rolling,4,ElasticNet,POSNEG,2016-07-01,2.5058625,2.6135309972814174,-0.10766849728141725
rolling,4,ElasticNet,POSNEG,2016-08-01,2.5015650000000003,2.8340212748904845,-0.33245627489048424
rolling,4,ElasticNet,POSNEG,2016-09-01,2.518775,2.8093605746020205,-0.2905855746020203
rolling,4,ElasticNet,POSNEG,2016-10-01,2.527788888888889,2.49389040054968,0.03389848833920883
rolling,4,ElasticNet,POSNEG,2016-11-01,2.51759375,2.445406730691383,0.07218701930861693
rolling,4,ElasticNet,POSNEG,2016-12-01,2.535536363636364,2.702901946894548,-0.16736558325818374
rolling,4,ElasticNet,POSNEG,2017-01-01,2.5772411764705883,2.9765644073908035,-0.39932323092021527
rolling,4,ElasticNet,POSNEG,2017-02-01,2.57815,2.592575095764797,-0.014425095764797113
rolling,4,ElasticNet,POSNEG,2017-03-01,2.5543,2.4506834671414848,0.10361653285851524
rolling,4,ElasticNet,POSNEG,2017-04-01,2.5655,2.433183079647129,0.13231692035287113
rolling,4,ElasticNet,POSNEG,2017-05-01,2.553335294117648,1.8348128365759306,0.7185224575417175
rolling,4,ElasticNet,POSNEG,2017-06-01,2.5712,2.0881285887676455,0.48307141123235464
rolling,4,ElasticNet,POSNEG,2017-07-01,2.65784,1.9901849360311172,0.667655063968883
rolling,4,ElasticNet,POSNEG,2017-08-01,2.69046,1.726184890162248,0.9642751098377518
rolling,4,ElasticNet,POSNEG,2017-09-01,3.0855473684210524,2.2383976507717454,0.847149717649307
rolling,4,ElasticNet,POSNEG,2017-10-01,3.0982380952380955,2.325989714011655,0.7722483812264405
rolling,4,ElasticNet,POSNEG,2017-11-01,3.075673684210526,2.8613018997330832,0.21437178447744287
rolling,4,ElasticNet,POSNEG,2017-12-01,3.065655,2.9203005512561266,0.14535444874387338
rolling,4,ElasticNet,POSNEG,2018-01-01,3.15159,3.115888367991576,0.035701632008424244
rolling,4,ElasticNet,POSNEG,2018-02-01,3.30657619047619,2.87543242104623,0.43114376942996024
rolling,4,ElasticNet,POSNEG,2018-03-01,3.4621947368421053,3.0669056849233294,0.39528905191877595
rolling,4,ElasticNet,POSNEG,2018-04-01,3.6392136363636367,2.9458359739606084,0.6933776624030283
rolling,4,ElasticNet,POSNEG,2018-05-01,3.934538095238095,3.3002472475821305,0.6342908476559646
rolling,4,ElasticNet,POSNEG,2018-06-01,4.20315,3.0806253308983145,1.1225246691016855
rolling,4,ElasticNet,POSNEG,2018-07-01,4.641321739130435,3.2901476011971833,1.3511741379332514
rolling,4,ElasticNet,POSNEG,2018-08-01,4.782921052631579,3.7598097119186935,1.0231113407128856
rolling,4,ElasticNet,POSNEG,2018-09-01,4.948788235294118,3.681197528336634,1.2675907069574839
rolling,4,ElasticNet,POSNEG,2018-10-01,5.096627272727273,4.386532068103751,0.7100952046235216
rolling,4,ElasticNet,POSNEG,2018-11-01,5.116333333333333,4.40249168807664,0.7138416452566938
rolling,4,ElasticNet,POSNEG,2018-12-01,5.169666666666667,4.20406018342564,0.9656064832410269
rolling,4,ElasticNet,POSNEG,2019-01-01,5.220527777777778,3.9440416026278937,1.2764861751498842
rolling,4,ElasticNet,POSNEG,2019-02-01,5.035757142857143,3.313492897443339,1.7222642454138044
rolling,4,ElasticNet,POSNEG,2019-03-01,4.934044444444444,3.991712946116084,0.9423314983283602
rolling,4,ElasticNet,POSNEG,2019-04-01,4.7935,3.9222498026838872,0.8712501973161126
rolling,4,ElasticNet,POSNEG,2019-05-01,4.410036842105264,3.9407828619209186,0.46925398018434494
rolling,4,ElasticNet,POSNEG,2019-06-01,4.32444761904762,4.005568420457397,0.3188791985902233
rolling,4,ElasticNet,POSNEG,2019-07-01,4.088347826086957,3.6357020946374368,0.45264573144952003
rolling,4,ElasticNet,POSNEG,2019-08-01,4.01318,4.332669694592945,-0.31948969459294485
rolling,4,ElasticNet,POSNEG,2019-09-01,3.979216666666667,3.4918143484423956,0.48740231822427127
rolling,4,ElasticNet,POSNEG,2019-10-01,3.831255,2.635945653794915,1.195309346205085
rolling,4,ElasticNet,POSNEG,2019-11-01,3.672726315789474,2.719269430895827,0.9534568848936469
rolling,4,ElasticNet,ToneMean,2016-01-01,2.523847619047619,1.9945524144355484,0.5292952046120705
rolling,4,ElasticNet,ToneMean,2016-02-01,2.525338095238096,2.1483157413086564,0.3770223539294397
rolling,4,ElasticNet,ToneMean,2016-03-01,2.51565,2.4480068953418757,0.06764310465812429
rolling,4,ElasticNet,ToneMean,2016-04-01,2.5214052631578947,2.598717136292065,-0.0773118731341702
rolling,4,ElasticNet,ToneMean,2016-05-01,2.517215,2.821737685623377,-0.3045226856233767
rolling,4,ElasticNet,ToneMean,2016-06-01,2.514826315789474,3.0212630538323193,-0.5064367380428454
rolling,4,ElasticNet,ToneMean,2016-07-01,2.5058625,2.6183952804112867,-0.11253278041128656
rolling,4,ElasticNet,ToneMean,2016-08-01,2.5015650000000003,2.7575230063913456,-0.25595800639134536
rolling,4,ElasticNet,ToneMean,2016-09-01,2.518775,2.7536261813259144,-0.2348511813259142
rolling,4,ElasticNet,ToneMean,2016-10-01,2.527788888888889,2.415761952298463,0.11202693659042584
rolling,4,ElasticNet,ToneMean,2016-11-01,2.51759375,2.42383052566011,0.09376322433989026
rolling,4,ElasticNet,ToneMean,2016-12-01,2.535536363636364,2.768376046576525,-0.23283968294016066
rolling,4,ElasticNet,ToneMean,2017-01-01,2.5772411764705883,2.904887733758445,-0.32764655728785685
rolling,4,ElasticNet,ToneMean,2017-02-01,2.57815,2.56266810739379,0.015481892606210135
rolling,4,ElasticNet,ToneMean,2017-03-01,2.5543,2.4549857950960674,0.09931420490393261
rolling,4,ElasticNet,ToneMean,2017-04-01,2.5655,2.451296752725012,0.11420324727498832
rolling,4,ElasticNet,ToneMean,2017-05-01,2.553335294117648,1.8466345460861735,0.7067007480314746
rolling,4,ElasticNet,ToneMean,2017-06-01,2.5712,2.0945049095580686,0.4766950904419316
rolling,4,ElasticNet,ToneMean,2017-07-01,2.65784,1.9949749350313843,0.6628650649686159
rolling,4,ElasticNet,ToneMean,2017-08-01,2.69046,1.729472066877583,0.9609879331224169
rolling,4,ElasticNet,ToneMean,2017-09-01,3.0855473684210524,2.2553551134089105,0.8301922550121419
rolling,4,ElasticNet,ToneMean,2017-10-01,3.0982380952380955,2.345599429579864,0.7526386656582313
rolling,4,ElasticNet,ToneMean,2017-11-01,3.075673684210526,2.8709271378474273,0.20474654636309886
rolling,4,ElasticNet,ToneMean,2017-12-01,3.065655,2.918872385319038,0.1467826146809621
rolling,4,ElasticNet,ToneMean,2018-01-01,3.15159,3.1167309106214747,0.03485908937852544
rolling,4,ElasticNet,ToneMean,2018-02-01,3.30657619047619,2.8886915567437,0.41788463373248996
rolling,4,ElasticNet,ToneMean,2018-03-01,3.4621947368421053,3.0653305227827925,0.3968642140593128
rolling,4,ElasticNet,ToneMean,2018-04-01,3.6392136363636367,2.9458438045432427,0.693369831820394
rolling,4,ElasticNet,ToneMean,2018-05-01,3.934538095238095,3.3044373895153503,0.6301007057227448
rolling,4,ElasticNet,ToneMean,2018-06-01,4.20315,3.10078552690508,1.1023644730949198
rolling,4,ElasticNet,ToneMean,2018-07-01,4.641321739130435,3.2947721534087315,1.3465495857217031
rolling,4,ElasticNet,ToneMean,2018-08-01,4.782921052631579,3.748105038690139,1.0348160139414402
rolling,4,ElasticNet,ToneMean,2018-09-01,4.948788235294118,3.659538480346929,1.289249754947189
rolling,4,ElasticNet,ToneMean,2018-10-01,5.096627272727273,4.3247871988069955,0.7718400739202771
rolling,4,ElasticNet,ToneMean,2018-11-01,5.116333333333333,4.387379287583352,0.7289540457499815
rolling,4,ElasticNet,ToneMean,2018-12-01,5.169666666666667,4.161819019133365,1.0078476475333025
rolling,4,ElasticNet,ToneMean,2019-01-01,5.220527777777778,3.847419856381442,1.3731079213963358
rolling,4,ElasticNet,ToneMean,2019-02-01,5.035757142857143,3.7423236228992947,1.2934335199578486
rolling,4,ElasticNet,ToneMean,2019-03-01,4.934044444444444,3.993178965997304,0.9408654784471402
rolling,4,ElasticNet,ToneMean,2019-04-01,4.7935,3.9732290509450854,0.8202709490549145
rolling,4,ElasticNet,ToneMean,2019-05-01,4.410036842105264,3.8813155776680874,0.5287212644371762
rolling,4,ElasticNet,ToneMean,2019-06-01,4.32444761904762,3.9720905073749373,0.35235711167268313
rolling,4,ElasticNet,ToneMean,2019-07-01,4.088347826086957,3.658718561036491,0.42962926505046584
rolling,4,ElasticNet,ToneMean,2019-08-01,4.01318,4.255702362916161,-0.24252236291616125
rolling,4,ElasticNet,ToneMean,2019-09-01,3.979216666666667,3.5341441652017953,0.44507250146487154
rolling,4,ElasticNet,ToneMean,2019-10-01,3.831255,2.6624950126943796,1.1687599873056205
rolling,4,ElasticNet,ToneMean,2019-11-01,3.672726315789474,2.704824162393537,0.9679021533959369
rolling,4,Lasso,NEG,2016-01-01,2.523847619047619,1.9638291527868217,0.5600184662607972
rolling,4,Lasso,NEG,2016-02-01,2.525338095238096,2.119070610140807,0.40626748509728916
rolling,4,Lasso,NEG,2016-03-01,2.51565,2.452588403013488,0.06306159698651204
rolling,4,Lasso,NEG,2016-04-01,2.5214052631578947,2.5755552297916147,-0.05414996663371996
rolling,4,Lasso,NEG,2016-05-01,2.517215,2.7641496848762426,-0.24693468487624237
rolling,4,Lasso,NEG,2016-06-01,2.514826315789474,2.9946845711839534,-0.47985825539447946
rolling,4,Lasso,NEG,2016-07-01,2.5058625,2.6081583958602708,-0.10229589586027066
rolling,4,Lasso,NEG,2016-08-01,2.5015650000000003,2.757123888520583,-0.2555588885205826
rolling,4,Lasso,NEG,2016-09-01,2.518775,2.7647407655411764,-0.24596576554117622
rolling,4,Lasso,NEG,2016-10-01,2.527788888888889,2.431391391514938,0.09639749737395098
rolling,4,Lasso,NEG,2016-11-01,2.51759375,2.4362678791593737,0.08132587084062637
rolling,4,Lasso,NEG,2016-12-01,2.535536363636364,2.71315814354022,-0.17762177990385597
rolling,4,Lasso,NEG,2017-01-01,2.5772411764705883,2.9172484430980217,-0.3400072666274334
rolling,4,Lasso,NEG,2017-02-01,2.57815,2.583663950736583,-0.0055139507365828955
rolling,4,Lasso,NEG,2017-03-01,2.5543,2.448881709204927,0.10541829079507314
rolling,4,Lasso,NEG,2017-04-01,2.5655,2.4371097446545913,0.12839025534540882
rolling,4,Lasso,NEG,2017-05-01,2.553335294117648,1.8668154757572326,0.6865198183604155
rolling,4,Lasso,NEG,2017-06-01,2.5712,2.104927606002689,0.46627239399731124
rolling,4,Lasso,NEG,2017-07-01,2.65784,2.0317062411877727,0.6261337588122275
rolling,4,Lasso,NEG,2017-08-01,2.69046,1.778879911593818,0.9115800884061818
rolling,4,Lasso,NEG,2017-09-01,3.0855473684210524,2.2436635324525636,0.8418838359684888
rolling,4,Lasso,NEG,2017-10-01,3.0982380952380955,2.33098025030418,0.7672578449339156
rolling,4,Lasso,NEG,2017-11-01,3.075673684210526,2.783794693661525,0.2918789905490011
rolling,4,Lasso,NEG,2017-12-01,3.065655,2.883096050974298,0.1825589490257018
rolling,4,Lasso,NEG,2018-01-01,3.15159,3.083119301934091,0.06847069806590911
rolling,4,Lasso,NEG,2018-02-01,3.30657619047619,2.882966241997572,0.4236099484786182
rolling,4,Lasso,NEG,2018-03-01,3.4621947368421053,3.0403250246804276,0.4218697121616777
rolling,4,Lasso,NEG,2018-04-01,3.6392136363636367,2.9116408678155734,0.7275727685480633
rolling,4,Lasso,NEG,2018-05-01,3.934538095238095,3.248438140025957,0.6860999552121378
rolling,4,Lasso,NEG,2018-06-01,4.20315,3.0513623751202292,1.1517876248797707
rolling,4,Lasso,NEG,2018-07-01,4.641321739130435,3.2377748259252224,1.4035469132052123
rolling,4,Lasso,NEG,2018-08-01,4.782921052631579,3.6943759186349845,1.0885451339965946
rolling,4,Lasso,NEG,2018-09-01,4.948788235294118,3.6484875623421256,1.3003006729519924
rolling,4,Lasso,NEG,2018-10-01,5.096627272727273,4.190122069050182,0.9065052036770904
rolling,4,Lasso,NEG,2018-11-01,5.116333333333333,4.216848196605777,0.8994851367275567
rolling,4,Lasso,NEG,2018-12-01,5.169666666666667,4.0615021501825,1.108164516484167
rolling,4,Lasso,NEG,2019-01-01,5.220527777777778,3.905349637039853,1.3151781407379248
rolling,4,Lasso,NEG,2019-02-01,5.035757142857143,3.918102095174178,1.1176550476829652
rolling,4,Lasso,NEG,2019-03-01,4.934044444444444,3.8190367285032543,1.1150077159411897
rolling,4,Lasso,NEG,2019-04-01,4.7935,3.748494755470404,1.0450052445295959
rolling,4,Lasso,NEG,2019-05-01,4.410036842105264,3.754515568036128,0.6555212740691356
rolling,4,Lasso,NEG,2019-06-01,4.32444761904762,3.9915335918141452,0.3329140272334752
rolling,4,Lasso,NEG,2019-07-01,4.088347826086957,3.652338204967679,0.43600962111927766
rolling,4,Lasso,NEG,2019-08-01,4.01318,4.239276855545791,-0.22609685554579073
rolling,4,Lasso,NEG,2019-09-01,3.979216666666667,3.3695748102581,0.609641856408567
rolling,4,Lasso,NEG,2019-10-01,3.831255,2.5934350386255978,1.2378199613744023
rolling,4,Lasso,NEG,2019-11-01,3.672726315789474,2.7180471082233018,0.9546792075661723
rolling,4,Lasso,None,2016-01-01,2.523847619047619,1.9638290114042931,0.5600186076433258
rolling,4,Lasso,None,2016-02-01,2.525338095238096,2.1190701869556396,0.4062679082824565
rolling,4,Lasso,None,2016-03-01,2.51565,2.4525878249139677,0.06306217508603229
rolling,4,Lasso,None,2016-04-01,2.5214052631578947,2.575554454050932,-0.05414919089303716
rolling,4,Lasso,None,2016-05-01,2.517215,2.764151194131293,-0.24693619413129264
rolling,4,Lasso,None,2016-06-01,2.514826315789474,2.9946932140547124,-0.47986689826523854
rolling,4,Lasso,None,2016-07-01,2.5058625,2.6070239272458338,-0.10116142724583366
rolling,4,Lasso,None,2016-08-01,2.5015650000000003,2.749615431884014,-0.24805043188401354
rolling,4,Lasso,None,2016-09-01,2.518775,2.7510488700514673,-0.23227387005146705
rolling,4,Lasso,None,2016-10-01,2.527788888888889,2.413817348499884,0.11397154038900492
rolling,4,Lasso,None,2016-11-01,2.51759375,2.427727912503462,0.08986583749653798
rolling,4,Lasso,None,2016-12-01,2.535536363636364,2.7535396318390557,-0.21800326820269156
rolling,4,Lasso,None,2017-01-01,2.5772411764705883,2.895151316199294,-0.31791013972870585
rolling,4,Lasso,None,2017-02-01,2.57815,2.570408926233377,0.007741073766622808
rolling,4,Lasso,None,2017-03-01,2.5543,2.4524798926719935,0.1018201073280065
rolling,4,Lasso,None,2017-04-01,2.5655,2.450039893075389,0.11546010692461106
rolling,4,Lasso,None,2017-05-01,2.553335294117648,1.8772748630714717,0.6760604310461764
rolling,4,Lasso,None,2017-06-01,2.5712,2.1068907247728084,0.4643092752271918
rolling,4,Lasso,None,2017-07-01,2.65784,2.0317033981359134,0.6261366018640868
rolling,4,Lasso,None,2017-08-01,2.69046,1.7788904280888558,0.9115695719111441
rolling,4,Lasso,None,2017-09-01,3.0855473684210524,2.2436635870434065,0.8418837813776459
rolling,4,Lasso,None,2017-10-01,3.0982380952380955,2.3284601979024293,0.7697778973356662
rolling,4,Lasso,None,2017-11-01,3.075673684210526,2.773496605113599,0.30217707909692715
rolling,4,Lasso,None,2017-12-01,3.065655,2.879211047372949,0.18644395262705116
rolling,4,Lasso,None,2018-01-01,3.15159,3.083119077463652,0.06847092253634823
rolling,4,Lasso,None,2018-02-01,3.30657619047619,2.8829651147260877,0.4236110757501024
rolling,4,Lasso,None,2018-03-01,3.4621947368421053,3.040138600750402,0.4220561360917032
rolling,4,Lasso,None,2018-04-01,3.6392136363636367,2.911664933466517,0.7275487028971197
rolling,4,Lasso,None,2018-05-01,3.934538095238095,3.248105192207599,0.6864329030304961
rolling,4,Lasso,None,2018-06-01,4.20315,3.070671615916539,1.132478384083461
rolling,4,Lasso,None,2018-07-01,4.641321739130435,3.2388220289615113,1.4024997101689234
rolling,4,Lasso,None,2018-08-01,4.782921052631579,3.6943795396826014,1.0885415129489777
rolling,4,Lasso,None,2018-09-01,4.948788235294118,3.6558082267829954,1.2929800085111225
rolling,4,Lasso,None,2018-10-01,5.096627272727273,4.1901205479481085,0.906506724779164
rolling,4,Lasso,None,2018-11-01,5.116333333333333,4.218104935516491,0.8982283978168422
rolling,4,Lasso,None,2018-12-01,5.169666666666667,4.04727307675802,1.122393589908647
rolling,4,Lasso,None,2019-01-01,5.220527777777778,3.9503139007484354,1.2702138770293425
rolling,4,Lasso,None,2019-02-01,5.035757142857143,3.9178465582571844,1.1179105845999588
rolling,4,Lasso,None,2019-03-01,4.934044444444444,3.8161314880220436,1.1179129564224004
rolling,4,Lasso,None,2019-04-01,4.7935,3.7302304120383867,1.0632695879616132
rolling,4,Lasso,None,2019-05-01,4.410036842105264,3.765259654384096,0.6447771877211674
rolling,4,Lasso,None,2019-06-01,4.32444761904762,3.9967523269412375,0.32769529210638293
rolling,4,Lasso,None,2019-07-01,4.088347826086957,3.6513015784424288,0.43704624764452804
rolling,4,Lasso,None,2019-08-01,4.01318,4.248844434404258,-0.23566443440425822
rolling,4,Lasso,None,2019-09-01,3.979216666666667,3.3284529370781013,0.6507637295885655
rolling,4,Lasso,None,2019-10-01,3.831255,2.585150706853739,1.246104293146261
rolling,4,Lasso,None,2019-11-01,3.672726315789474,2.6987709295788136,0.9739553862106605
rolling,4,Lasso,POSNEG,2016-01-01,2.523847619047619,2.0556381252882305,0.46820949375938836
rolling,4,Lasso,POSNEG,2016-02-01,2.525338095238096,2.139477365537335,0.38586072970076124
rolling,4,Lasso,POSNEG,2016-03-01,2.51565,2.461588216195737,0.05406178380426274
rolling,4,Lasso,POSNEG,2016-04-01,2.5214052631578947,2.573053831185188,-0.05164856802729334
rolling,4,Lasso,POSNEG,2016-05-01,2.517215,2.81190715328224,-0.29469215328223974
rolling,4,Lasso,POSNEG,2016-06-01,2.514826315789474,2.972788315556758,-0.45796199976728413
rolling,4,Lasso,POSNEG,2016-07-01,2.5058625,2.5985408655741122,-0.09267836557411213
rolling,4,Lasso,POSNEG,2016-08-01,2.5015650000000003,2.8163855716960646,-0.31482057169606437
rolling,4,Lasso,POSNEG,2016-09-01,2.518775,2.793376774775898,-0.27460177477589776
rolling,4,Lasso,POSNEG,2016-10-01,2.527788888888889,2.4730637360288674,0.05472515286002144
rolling,4,Lasso,POSNEG,2016-11-01,2.51759375,2.444840779444089,0.07275297055591112
rolling,4,Lasso,POSNEG,2016-12-01,2.535536363636364,2.7046973332371267,-0.16916096960076255
rolling,4,Lasso,POSNEG,2017-01-01,2.5772411764705883,2.947675898634439,-0.37043472216385087
rolling,4,Lasso,POSNEG,2017-02-01,2.57815,2.5836773767430445,-0.005527376743044599
rolling,4,Lasso,POSNEG,2017-03-01,2.5543,2.4488807625344413,0.1054192374655587
rolling,4,Lasso,POSNEG,2017-04-01,2.5655,2.4371111511702797,0.12838884882972046
rolling,4,Lasso,POSNEG,2017-05-01,2.553335294117648,1.8668154511376405,0.6865198429800077
rolling,4,Lasso,POSNEG,2017-06-01,2.5712,2.1049287427607424,0.4662712572392578
rolling,4,Lasso,POSNEG,2017-07-01,2.65784,2.031701439088775,0.6261385609112251
rolling,4,Lasso,POSNEG,2017-08-01,2.69046,1.7788817714487635,0.9115782285512364
rolling,4,Lasso,POSNEG,2017-09-01,3.0855473684210524,2.2413024343874715,0.8442449340335809
rolling,4,Lasso,POSNEG,2017-10-01,3.0982380952380955,2.3309803034547354,0.7672577917833601
rolling,4,Lasso,POSNEG,2017-11-01,3.075673684210526,2.816628384200793,0.259045300009733
rolling,4,Lasso,POSNEG,2017-12-01,3.065655,2.8842604609362765,0.1813945390637235
rolling,4,Lasso,POSNEG,2018-01-01,3.15159,3.08311933223482,0.06847066776518007
rolling,4,Lasso,POSNEG,2018-02-01,3.30657619047619,2.8562529379489012,0.4503232525272889
rolling,4,Lasso,POSNEG,2018-03-01,3.4621947368421053,3.040325205241128,0.4218695316009775
rolling,4,Lasso,POSNEG,2018-04-01,3.6392136363636367,2.9116408678155734,0.7275727685480633
rolling,4,Lasso,POSNEG,2018-05-01,3.934538095238095,3.2450078854694535,0.6895302097686415
rolling,4,Lasso,POSNEG,2018-06-01,4.20315,3.0513623762209963,1.1517876237790037
rolling,4,Lasso,POSNEG,2018-07-01,4.641321739130435,3.2377766873503777,1.403545051780057
rolling,4,Lasso,POSNEG,2018-08-01,4.782921052631579,3.6955676166177662,1.0873534360138128
rolling,4,Lasso,POSNEG,2018-09-01,4.948788235294118,3.660173991495501,1.2886142437986168
rolling,4,Lasso,POSNEG,2018-10-01,5.096627272727273,4.352441924315246,0.7441853484120262
rolling,4,Lasso,POSNEG,2018-11-01,5.116333333333333,4.389473552713222,0.7268597806201118
rolling,4,Lasso,POSNEG,2018-12-01,5.169666666666667,4.178284604473669,0.9913820621929981
rolling,4,Lasso,POSNEG,2019-01-01,5.220527777777778,3.920589909448522,1.299937868329256
rolling,4,Lasso,POSNEG,2019-02-01,5.035757142857143,3.3219769574184452,1.713780185438698
rolling,4,Lasso,POSNEG,2019-03-01,4.934044444444444,3.9763248285780426,0.9577196158664014
rolling,4,Lasso,POSNEG,2019-04-01,4.7935,3.8925559964624625,0.9009440035375373
rolling,4,Lasso,POSNEG,2019-05-01,4.410036842105264,3.917339212039074,0.4926976300661896
rolling,4,Lasso,POSNEG,2019-06-01,4.32444761904762,3.9840840225921257,0.34036359645549474
rolling,4,Lasso,POSNEG,2019-07-01,4.088347826086957,3.6177507583675648,0.470597067719392
rolling,4,Lasso,POSNEG,2019-08-01,4.01318,4.302949755328795,-0.2897697553287948
rolling,4,Lasso,POSNEG,2019-09-01,3.979216666666667,3.4688417034977483,0.5103749631689185
rolling,4,Lasso,POSNEG,2019-10-01,3.831255,2.6281601631106164,1.2030948368893837
rolling,4,Lasso,POSNEG,2019-11-01,3.672726315789474,2.7164392890133975,0.9562870267760766
rolling,4,Lasso,ToneMean,2016-01-01,2.523847619047619,1.991918153480014,0.5319294655676048
rolling,4,Lasso,ToneMean,2016-02-01,2.525338095238096,2.1382368125919373,0.38710128264615884
rolling,4,Lasso,ToneMean,2016-03-01,2.51565,2.446363512215208,0.06928648778479207
rolling,4,Lasso,ToneMean,2016-04-01,2.5214052631578947,2.5851374160297746,-0.06373215287187994
rolling,4,Lasso,ToneMean,2016-05-01,2.517215,2.7960218185432533,-0.27880681854325307
rolling,4,Lasso,ToneMean,2016-06-01,2.514826315789474,2.9940147933005936,-0.4791884775111197
rolling,4,Lasso,ToneMean,2016-07-01,2.5058625,2.6034167509699544,-0.09755425096995429
rolling,4,Lasso,ToneMean,2016-08-01,2.5015650000000003,2.7515622458322704,-0.24999724583227012
rolling,4,Lasso,ToneMean,2016-09-01,2.518775,2.7502982649663137,-0.23152326496631348
rolling,4,Lasso,ToneMean,2016-10-01,2.527788888888889,2.4135929784993166,0.11419591038957222
rolling,4,Lasso,ToneMean,2016-11-01,2.51759375,2.427727267254272,0.08986648274572806
rolling,4,Lasso,ToneMean,2016-12-01,2.535536363636364,2.753530476394518,-0.21799411275815395
rolling,4,Lasso,ToneMean,2017-01-01,2.5772411764705883,2.8951584950962266,-0.3179173186256383
rolling,4,Lasso,ToneMean,2017-02-01,2.57815,2.5704178078846787,0.007732192115321279
rolling,4,Lasso,ToneMean,2017-03-01,2.5543,2.4524838471318158,0.10181615286818424
rolling,4,Lasso,ToneMean,2017-04-01,2.5655,2.450038718376325,0.1154612816236753
rolling,4,Lasso,ToneMean,2017-05-01,2.553335294117648,1.8772743785933537,0.6760609155242945
rolling,4,Lasso,ToneMean,2017-06-01,2.5712,2.106892930617429,0.46430706938257105
rolling,4,Lasso,ToneMean,2017-07-01,2.65784,2.0317006934265285,0.6261393065734717
rolling,4,Lasso,ToneMean,2017-08-01,2.69046,1.7788811917848255,0.9115788082151743
rolling,4,Lasso,ToneMean,2017-09-01,3.0855473684210524,2.253104635964294,0.8324427324567583
rolling,4,Lasso,ToneMean,2017-10-01,3.0982380952380955,2.3462880468949683,0.7519500483431272
rolling,4,Lasso,ToneMean,2017-11-01,3.075673684210526,2.8272824201973883,0.24839126401313782
rolling,4,Lasso,ToneMean,2017-12-01,3.065655,2.884825800651028,0.18082919934897212
rolling,4,Lasso,ToneMean,2018-01-01,3.15159,3.083119077463652,0.06847092253634823
rolling,4,Lasso,ToneMean,2018-02-01,3.30657619047619,2.8685341492300305,0.43804204124615964
rolling,4,Lasso,ToneMean,2018-03-01,3.4621947368421053,3.0411326056358203,0.421062131206285
rolling,4,Lasso,ToneMean,2018-04-01,3.6392136363636367,2.911664933466517,0.7275487028971197
rolling,4,Lasso,ToneMean,2018-05-01,3.934538095238095,3.248105192207599,0.6864329030304961
rolling,4,Lasso,ToneMean,2018-06-01,4.20315,3.0706709704757382,1.1324790295242617
rolling,4,Lasso,ToneMean,2018-07-01,4.641321739130435,3.23938131290784,1.4019404262225947
rolling,4,Lasso,ToneMean,2018-08-01,4.782921052631579,3.6943827578172956,1.0885382948142834
rolling,4,Lasso,ToneMean,2018-09-01,4.948788235294118,3.6414607009919995,1.3073275343021185
rolling,4,Lasso,ToneMean,2018-10-01,5.096627272727273,4.29335208720051,0.8032751855267621
rolling,4,Lasso,ToneMean,2018-11-01,5.116333333333333,4.373388437744129,0.7429448955892042
rolling,4,Lasso,ToneMean,2018-12-01,5.169666666666667,4.133683622831379,1.0359830438352882
rolling,4,Lasso,ToneMean,2019-01-01,5.220527777777778,3.8271970053266986,1.3933307724510793
rolling,4,Lasso,ToneMean,2019-02-01,5.035757142857143,3.737417640143483,1.2983395027136604
rolling,4,Lasso,ToneMean,2019-03-01,4.934044444444444,3.982742230283532,0.9513022141609122
rolling,4,Lasso,ToneMean,2019-04-01,4.7935,3.9529323571543356,0.8405676428456643
rolling,4,Lasso,ToneMean,2019-05-01,4.410036842105264,3.8623826754378827,0.5476541666673809
rolling,4,Lasso,ToneMean,2019-06-01,4.32444761904762,3.951516372407724,0.3729312466398964
rolling,4,Lasso,ToneMean,2019-07-01,4.088347826086957,3.6391302001526222,0.44921762593433456
rolling,4,Lasso,ToneMean,2019-08-01,4.01318,4.230161007447185,-0.21698100744718474
rolling,4,Lasso,ToneMean,2019-09-01,3.979216666666667,3.5132523907711413,0.4659642758955256
rolling,4,Lasso,ToneMean,2019-10-01,3.831255,2.6535551295040953,1.1776998704959047
rolling,4,Lasso,ToneMean,2019-11-01,3.672726315789474,2.702824825236639,0.9699014905528349
rolling,4,OLS,NEG,2016-01-01,2.523847619047619,1.9608490794089046,0.5629985396387143
rolling,4,OLS,NEG,2016-02-01,2.525338095238096,2.1396003058415243,0.3857377893965719
rolling,4,OLS,NEG,2016-03-01,2.51565,2.4630832725879586,0.05256672741204138
rolling,4,OLS,NEG,2016-04-01,2.5214052631578947,2.610694250054996,-0.08928898689710119
rolling,4,OLS,NEG,2016-05-01,2.517215,2.811195523413037,-0.2939805234130368
rolling,4,OLS,NEG,2016-06-01,2.514826315789474,3.0572157411107614,-0.5423894253212875
rolling,4,OLS,NEG,2016-07-01,2.5058625,2.635788310543753,-0.12992581054375307
rolling,4,OLS,NEG,2016-08-01,2.5015650000000003,2.76619354666178,-0.26462854666177993
rolling,4,OLS,NEG,2016-09-01,2.518775,2.778420394570562,-0.2596453945705619
rolling,4,OLS,NEG,2016-10-01,2.527788888888889,2.4407233521087996,0.08706553678008921
rolling,4,OLS,NEG,2016-11-01,2.51759375,2.4179054361405603,0.09968831385943977
rolling,4,OLS,NEG,2016-12-01,2.535536363636364,2.702836869468308,-0.1673005058319439
rolling,4,OLS,NEG,2017-01-01,2.5772411764705883,2.957587594646035,-0.38034641817544657
rolling,4,OLS,NEG,2017-02-01,2.57815,2.5999728076453468,-0.02182280764534683
rolling,4,OLS,NEG,2017-03-01,2.5543,2.4619595371686707,0.09234046283132935
rolling,4,OLS,NEG,2017-04-01,2.5655,2.447683999837669,0.11781600016233096
rolling,4,OLS,NEG,2017-05-01,2.553335294117648,1.7832742103225285,0.7700610837951196
rolling,4,OLS,NEG,2017-06-01,2.5712,2.0612175199620406,0.5099824800379595
rolling,4,OLS,NEG,2017-07-01,2.65784,1.9253620339470632,0.732477966052937
rolling,4,OLS,NEG,2017-08-01,2.69046,1.6450593471534356,1.0454006528465642
rolling,4,OLS,NEG,2017-09-01,3.0855473684210524,2.2445693149271815,0.8409780534938709
rolling,4,OLS,NEG,2017-10-01,3.0982380952380955,2.3156832032769734,0.782554891961122
rolling,4,OLS,NEG,2017-11-01,3.075673684210526,2.869654773083133,0.2060189111273929
rolling,4,OLS,NEG,2017-12-01,3.065655,2.9630259819419904,0.10262901805800961
rolling,4,OLS,NEG,2018-01-01,3.15159,3.1621515139431002,-0.01056151394310012
rolling,4,OLS,NEG,2018-02-01,3.30657619047619,2.940480181391687,0.3660960090845031
rolling,4,OLS,NEG,2018-03-01,3.4621947368421053,3.1090241987230756,0.35317053811902976
rolling,4,OLS,NEG,2018-04-01,3.6392136363636367,2.9769310854997677,0.662282550863869
rolling,4,OLS,NEG,2018-05-01,3.934538095238095,3.3811170490156974,0.5534210462223976
rolling,4,OLS,NEG,2018-06-01,4.20315,3.120896434007739,1.0822535659922607
rolling,4,OLS,NEG,2018-07-01,4.641321739130435,3.3545188870907476,1.286802852039687
rolling,4,OLS,NEG,2018-08-01,4.782921052631579,3.837637885964062,0.945283166667517
rolling,4,OLS,NEG,2018-09-01,4.948788235294118,3.702010742905458,1.2467774923886599
rolling,4,OLS,NEG,2018-10-01,5.096627272727273,4.263500484489784,0.8331267882374886
rolling,4,OLS,NEG,2018-11-01,5.116333333333333,4.247113272014361,0.8692200613189724
rolling,4,OLS,NEG,2018-12-01,5.169666666666667,4.158562741707704,1.011103924958963
rolling,4,OLS,NEG,2019-01-01,5.220527777777778,3.958367076564546,1.262160701213232
rolling,4,OLS,NEG,2019-02-01,5.035757142857143,3.996032756502322,1.0397243863548211
rolling,4,OLS,NEG,2019-03-01,4.934044444444444,3.847597669410073,1.086446775034371
rolling,4,OLS,NEG,2019-04-01,4.7935,3.776103596752134,1.017396403247866
rolling,4,OLS,NEG,2019-05-01,4.410036842105264,3.823611877870575,0.5864249642346886
rolling,4,OLS,NEG,2019-06-01,4.32444761904762,4.04900088113436,0.2754467379132608
rolling,4,OLS,NEG,2019-07-01,4.088347826086957,3.7011417223033027,0.38720610378365405
rolling,4,OLS,NEG,2019-08-01,4.01318,4.3831429568117075,-0.3699629568117073
rolling,4,OLS,NEG,2019-09-01,3.979216666666667,3.4008339538540975,0.5783827128125694
rolling,4,OLS,NEG,2019-10-01,3.831255,2.5863144838109173,1.2449405161890827
rolling,4,OLS,NEG,2019-11-01,3.672726315789474,2.7125686222886958,0.9601576935007783
rolling,4,OLS,None,2016-01-01,2.523847619047619,1.9591171921955055,0.5647304268521134
rolling,4,OLS,None,2016-02-01,2.525338095238096,2.1381004087371207,0.38723768650097545
rolling,4,OLS,None,2016-03-01,2.51565,2.464567905221281,0.05108209477871872
rolling,4,OLS,None,2016-04-01,2.5214052631578947,2.609617847995349,-0.08821258483745442
rolling,4,OLS,None,2016-05-01,2.517215,2.818781624580554,-0.3015666245805537
rolling,4,OLS,None,2016-06-01,2.514826315789474,3.0661799203358897,-0.5513536045464158
rolling,4,OLS,None,2016-07-01,2.5058625,2.632526601443124,-0.126664101443124
rolling,4,OLS,None,2016-08-01,2.5015650000000003,2.7513063976936363,-0.249741397693636
rolling,4,OLS,None,2016-09-01,2.518775,2.7494974263014074,-0.23072242630140716
rolling,4,OLS,None,2016-10-01,2.527788888888889,2.4029809155379684,0.12480797335092042
rolling,4,OLS,None,2016-11-01,2.51759375,2.4009544628026718,0.1166392871973283
rolling,4,OLS,None,2016-12-01,2.535536363636364,2.7730041088927693,-0.23746774525640513
rolling,4,OLS,None,2017-01-01,2.5772411764705883,2.9101854899896176,-0.3329443135190293
rolling,4,OLS,None,2017-02-01,2.57815,2.5690634493515945,0.009086550648405467
rolling,4,OLS,None,2017-03-01,2.5543,2.4724304647451314,0.08186953525486862
rolling,4,OLS,None,2017-04-01,2.5655,2.4755882677728787,0.08991173222712145
rolling,4,OLS,None,2017-05-01,2.553335294117648,1.8051772577213674,0.7481580363962808
rolling,4,OLS,None,2017-06-01,2.5712,2.07186211865985,0.49933788134015034
rolling,4,OLS,None,2017-07-01,2.65784,1.9370177095480208,0.7208222904519794
rolling,4,OLS,None,2017-08-01,2.69046,1.6435573250111954,1.0469026749888044
rolling,4,OLS,None,2017-09-01,3.0855473684210524,2.232254493544549,0.8532928748765034
rolling,4,OLS,None,2017-10-01,3.0982380952380955,2.3088525162336997,0.7893855790043958
rolling,4,OLS,None,2017-11-01,3.075673684210526,2.85205685200242,0.22361683220810624
rolling,4,OLS,None,2017-12-01,3.065655,2.9531478003786713,0.11250719962132871
rolling,4,OLS,None,2018-01-01,3.15159,3.1636844787713945,-0.012094478771394357
rolling,4,OLS,None,2018-02-01,3.30657619047619,2.94784776271959,0.3587284277566001
rolling,4,OLS,None,2018-03-01,3.4621947368421053,3.108395931066912,0.3537988057751935
rolling,4,OLS,None,2018-04-01,3.6392136363636367,2.9804903658579773,0.6587232705056594
rolling,4,OLS,None,2018-05-01,3.934538095238095,3.3783629592564624,0.5561751359816327
rolling,4,OLS,None,2018-06-01,4.20315,3.1488912313082427,1.0542587686917573
rolling,4,OLS,None,2018-07-01,4.641321739130435,3.3597376723492354,1.2815840667811993
rolling,4,OLS,None,2018-08-01,4.782921052631579,3.8262120042712358,0.9567090483603433
rolling,4,OLS,None,2018-09-01,4.948788235294118,3.7306295647562195,1.2181586705378984
rolling,4,OLS,None,2018-10-01,5.096627272727273,4.263783508065553,0.8328437646617193
rolling,4,OLS,None,2018-11-01,5.116333333333333,4.252462511330357,0.8638708220029763
rolling,4,OLS,None,2018-12-01,5.169666666666667,4.125747086749767,1.0439195799169
rolling,4,OLS,None,2019-01-01,5.220527777777778,4.032355907846399,1.188171869931379
rolling,4,OLS,None,2019-02-01,5.035757142857143,3.9638040261197585,1.0719531167373848
rolling,4,OLS,None,2019-03-01,4.934044444444444,3.841905050042752,1.0921393944016922
rolling,4,OLS,None,2019-04-01,4.7935,3.746065476172409,1.047434523827591
rolling,4,OLS,None,2019-05-01,4.410036842105264,3.837845077826149,0.5721917642791148
rolling,4,OLS,None,2019-06-01,4.32444761904762,4.057746109517164,0.26670150953045635
rolling,4,OLS,None,2019-07-01,4.088347826086957,3.6988344224028937,0.38951340368406306
rolling,4,OLS,None,2019-08-01,4.01318,4.40492232644857,-0.3917423264485702
rolling,4,OLS,None,2019-09-01,3.979216666666667,3.365677217056859,0.6135394496098079
rolling,4,OLS,None,2019-10-01,3.831255,2.576776621303378,1.2544783786966223
rolling,4,OLS,None,2019-11-01,3.672726315789474,2.6929345532447146,0.9797917625447594
rolling,4,OLS,POSNEG,2016-01-01,2.523847619047619,2.0917632897325933,0.4320843293150256
rolling,4,OLS,POSNEG,2016-02-01,2.525338095238096,2.159310691688803,0.366027403549293
rolling,4,OLS,POSNEG,2016-03-01,2.51565,2.4823220990580097,0.03332790094199023
rolling,4,OLS,POSNEG,2016-04-01,2.5214052631578947,2.5959939238521477,-0.07458866069425296
rolling,4,OLS,POSNEG,2016-05-01,2.517215,2.865676131626247,-0.3484611316262467
rolling,4,OLS,POSNEG,2016-06-01,2.514826315789474,3.0232018594068255,-0.5083755436173516
rolling,4,OLS,POSNEG,2016-07-01,2.5058625,2.62301106786379,-0.11714856786379002
rolling,4,OLS,POSNEG,2016-08-01,2.5015650000000003,2.841094061954444,-0.33952906195444355
rolling,4,OLS,POSNEG,2016-09-01,2.518775,2.8124127581205647,-0.2936377581205645
rolling,4,OLS,POSNEG,2016-10-01,2.527788888888889,2.4961909318037496,0.03159795708513924
rolling,4,OLS,POSNEG,2016-11-01,2.51759375,2.4227250637082296,0.09486868629177048
rolling,4,OLS,POSNEG,2016-12-01,2.535536363636364,2.68883917791348,-0.153302814277116
rolling,4,OLS,POSNEG,2017-01-01,2.5772411764705883,3.0015419556403624,-0.42430077916977416
rolling,4,OLS,POSNEG,2017-02-01,2.57815,2.626585531415323,-0.04843553141532286
rolling,4,OLS,POSNEG,2017-03-01,2.5543,2.465834178161047,0.08846582183895313
rolling,4,OLS,POSNEG,2017-04-01,2.5655,2.448041019008884,0.11745898099111596
rolling,4,OLS,POSNEG,2017-05-01,2.553335294117648,1.7809049988944403,0.7724302952232078
rolling,4,OLS,POSNEG,2017-06-01,2.5712,2.061116133965212,0.5100838660347882
rolling,4,OLS,POSNEG,2017-07-01,2.65784,1.9264719372215033,0.7313680627784969
rolling,4,OLS,POSNEG,2017-08-01,2.69046,1.6497635724199737,1.0406964275800261
rolling,4,OLS,POSNEG,2017-09-01,3.0855473684210524,2.220728649089658,0.8648187193313945
rolling,4,OLS,POSNEG,2017-10-01,3.0982380952380955,2.3195847482568532,0.7786533469812422
rolling,4,OLS,POSNEG,2017-11-01,3.075673684210526,2.914940704498399,0.1607329797121273
rolling,4,OLS,POSNEG,2017-12-01,3.065655,2.964945192329615,0.10070980767038495
rolling,4,OLS,POSNEG,2018-01-01,3.15159,3.1608217306804702,-0.009231730680470118
rolling,4,OLS,POSNEG,2018-02-01,3.30657619047619,2.8977513094205163,0.4088248810556738
rolling,4,OLS,POSNEG,2018-03-01,3.4621947368421053,3.1088585606121355,0.3533361762299698
rolling,4,OLS,POSNEG,2018-04-01,3.6392136363636367,2.9787465643605286,0.6604670720031081
rolling,4,OLS,POSNEG,2018-05-01,3.934538095238095,3.3691546826385936,0.5653834125995014
rolling,4,OLS,POSNEG,2018-06-01,4.20315,3.119004464143285,1.084145535856715
rolling,4,OLS,POSNEG,2018-07-01,4.641321739130435,3.352718141882395,1.2886035972480396
rolling,4,OLS,POSNEG,2018-08-01,4.782921052631579,3.8489476527783237,0.9339733998532553
rolling,4,OLS,POSNEG,2018-09-01,4.948788235294118,3.7253442017154423,1.2234440335786756
rolling,4,OLS,POSNEG,2018-10-01,5.096627272727273,4.447879623155103,0.6487476495721696
rolling,4,OLS,POSNEG,2018-11-01,5.116333333333333,4.4371118698895105,0.679221463443823
rolling,4,OLS,POSNEG,2018-12-01,5.169666666666667,4.2577518699537205,0.9119147967129466
rolling,4,OLS,POSNEG,2019-01-01,5.220527777777778,4.005854239311256,1.2146735384665215
rolling,4,OLS,POSNEG,2019-02-01,5.035757142857143,3.324271314399043,1.7114858284581
rolling,4,OLS,POSNEG,2019-03-01,4.934044444444444,4.02137004146168,0.9126744029827636
rolling,4,OLS,POSNEG,2019-04-01,4.7935,3.9615623969859186,0.8319376030140813
rolling,4,OLS,POSNEG,2019-05-01,4.410036842105264,3.9778247390000514,0.4322121031052122
rolling,4,OLS,POSNEG,2019-06-01,4.32444761904762,4.048597206430722,0.27585041261689813
rolling,4,OLS,POSNEG,2019-07-01,4.088347826086957,3.661132243468786,0.42721558261817094
rolling,4,OLS,POSNEG,2019-08-01,4.01318,4.407307837806095,-0.39412783780609484
rolling,4,OLS,POSNEG,2019-09-01,3.979216666666667,3.50633041594493,0.47288625072173707
rolling,4,OLS,POSNEG,2019-10-01,3.831255,2.623857428408478,1.207397571591522
rolling,4,OLS,POSNEG,2019-11-01,3.672726315789474,2.7042385690928983,0.9684877466965758
rolling,4,OLS,ToneMean,2016-01-01,2.523847619047619,1.9913217250445365,0.5325258940030824
rolling,4,OLS,ToneMean,2016-02-01,2.525338095238096,2.1595400887669642,0.3657980064711319
rolling,4,OLS,ToneMean,2016-03-01,2.51565,2.457651875779029,0.05799812422097084
rolling,4,OLS,ToneMean,2016-04-01,2.5214052631578947,2.6204514307195645,-0.09904616756166984
rolling,4,OLS,ToneMean,2016-05-01,2.517215,2.857158706921072,-0.3399437069210718
rolling,4,OLS,ToneMean,2016-06-01,2.514826315789474,3.0653324692746775,-0.5505061534852036
rolling,4,OLS,ToneMean,2016-07-01,2.5058625,2.628023310433276,-0.12216081043327609
rolling,4,OLS,ToneMean,2016-08-01,2.5015650000000003,2.753920746107222,-0.2523557461072219
rolling,4,OLS,ToneMean,2016-09-01,2.518775,2.7466947211078607,-0.22791972110786052
rolling,4,OLS,ToneMean,2016-10-01,2.527788888888889,2.4012180268312546,0.12657086205763424
rolling,4,OLS,ToneMean,2016-11-01,2.51759375,2.402286548130938,0.11530720186906196
rolling,4,OLS,ToneMean,2016-12-01,2.535536363636364,2.7699198102159417,-0.23438344657957755
rolling,4,OLS,ToneMean,2017-01-01,2.5772411764705883,2.9102764832811028,-0.3330353068105145
rolling,4,OLS,ToneMean,2017-02-01,2.57815,2.5683458591826183,0.009804140817381679
rolling,4,OLS,ToneMean,2017-03-01,2.5543,2.463983326329558,0.09031667367044216
rolling,4,OLS,ToneMean,2017-04-01,2.5655,2.4686034580290763,0.09689654197092379
rolling,4,OLS,ToneMean,2017-05-01,2.553335294117648,1.794971315878248,0.7583639782394
rolling,4,OLS,ToneMean,2017-06-01,2.5712,2.0689839183886924,0.5022160816113077
rolling,4,OLS,ToneMean,2017-07-01,2.65784,1.9322714516151034,0.7255685483848968
rolling,4,OLS,ToneMean,2017-08-01,2.69046,1.6535287215258203,1.0369312784741795
rolling,4,OLS,ToneMean,2017-09-01,3.0855473684210524,2.246484684299993,0.8390626841210596
rolling,4,OLS,ToneMean,2017-10-01,3.0982380952380955,2.341066547964094,0.7571715472740013
rolling,4,OLS,ToneMean,2017-11-01,3.075673684210526,2.9245667315906014,0.15110695261992468
rolling,4,OLS,ToneMean,2017-12-01,3.065655,2.9614678660927636,0.10418713390723644
rolling,4,OLS,ToneMean,2018-01-01,3.15159,3.173344094881138,-0.021754094881137664
rolling,4,OLS,ToneMean,2018-02-01,3.30657619047619,2.911723277686085,0.39485291279010504
rolling,4,OLS,ToneMean,2018-03-01,3.4621947368421053,3.1066708695640397,0.3555238672780656
rolling,4,OLS,ToneMean,2018-04-01,3.6392136363636367,2.979844031977668,0.6593696043859687
rolling,4,OLS,ToneMean,2018-05-01,3.934538095238095,3.3741145885526764,0.5604235066854186
rolling,4,OLS,ToneMean,2018-06-01,4.20315,3.140358619806324,1.062791380193676
rolling,4,OLS,ToneMean,2018-07-01,4.641321739130435,3.3622750236281,1.2790467155023348
rolling,4,OLS,ToneMean,2018-08-01,4.782921052631579,3.8238618231765567,0.9590592294550224
rolling,4,OLS,ToneMean,2018-09-01,4.948788235294118,3.7034867737083657,1.2453014615857523
rolling,4,OLS,ToneMean,2018-10-01,5.096627272727273,4.383025629811746,0.7136016429155267
rolling,4,OLS,ToneMean,2018-11-01,5.116333333333333,4.422233282106369,0.6941000512269646
rolling,4,OLS,ToneMean,2018-12-01,5.169666666666667,4.2179417047163295,0.9517249619503376
rolling,4,OLS,ToneMean,2019-01-01,5.220527777777778,3.9020479538655817,1.3184798239121962
rolling,4,OLS,ToneMean,2019-02-01,5.035757142857143,3.770148940715475,1.2656082021416681
rolling,4,OLS,ToneMean,2019-03-01,4.934044444444444,4.027379968520263,0.9066644759241811
rolling,4,OLS,ToneMean,2019-04-01,4.7935,4.004870094096129,0.7886299059038713
rolling,4,OLS,ToneMean,2019-05-01,4.410036842105264,3.9114281468629777,0.4986086952422859
rolling,4,OLS,ToneMean,2019-06-01,4.32444761904762,4.010790924912392,0.31365669413522834
rolling,4,OLS,ToneMean,2019-07-01,4.088347826086957,3.6860111155943303,0.40233671049262654
rolling,4,OLS,ToneMean,2019-08-01,4.01318,4.3161256172659614,-0.30294561726596125
rolling,4,OLS,ToneMean,2019-09-01,3.979216666666667,3.545522826006167,0.43369384066049976
rolling,4,OLS,ToneMean,2019-10-01,3.831255,2.649756926395683,1.1814980736043172
rolling,4,OLS,ToneMean,2019-11-01,3.672726315789474,2.689959622959426,0.9827666928300482
rolling,4,Ridge,NEG,2016-01-01,2.523847619047619,1.9665880207666355,0.5572595982809834
rolling,4,Ridge,NEG,2016-02-01,2.525338095238096,2.135824188595998,0.3895139066420983
rolling,4,Ridge,NEG,2016-03-01,2.51565,2.453288033306702,0.062361966693297965
rolling,4,Ridge,NEG,2016-04-01,2.5214052631578947,2.59761131818963,-0.07620605503173516
rolling,4,Ridge,NEG,2016-05-01,2.517215,2.793509967563332,-0.2762949675633317
rolling,4,Ridge,NEG,2016-06-01,2.514826315789474,3.033581533175524,-0.5187552173860501
rolling,4,Ridge,NEG,2016-07-01,2.5058625,2.6429249437030493,-0.1370624437030492
rolling,4,Ridge,NEG,2016-08-01,2.5015650000000003,2.7782882946244456,-0.27672329462444534
rolling,4,Ridge,NEG,2016-09-01,2.518775,2.7886678257238438,-0.26989282572384354
rolling,4,Ridge,NEG,2016-10-01,2.527788888888889,2.4573743448986076,0.07041454399028124
rolling,4,Ridge,NEG,2016-11-01,2.51759375,2.434682167383655,0.08291158261634513
rolling,4,Ridge,NEG,2016-12-01,2.535536363636364,2.716578973925892,-0.18104261028952795
rolling,4,Ridge,NEG,2017-01-01,2.5772411764705883,2.9603646791537823,-0.38312350268319406
rolling,4,Ridge,NEG,2017-02-01,2.57815,2.585680819668335,-0.00753081966833502
rolling,4,Ridge,NEG,2017-03-01,2.5543,2.4593262506432914,0.09497374935670866
rolling,4,Ridge,NEG,2017-04-01,2.5655,2.438315236847643,0.12718476315235705
rolling,4,Ridge,NEG,2017-05-01,2.553335294117648,1.808810464284903,0.7445248298327451
rolling,4,Ridge,NEG,2017-06-01,2.5712,2.0765782318506627,0.49462176814933745
rolling,4,Ridge,NEG,2017-07-01,2.65784,1.9575157413616275,0.7003242586383727
rolling,4,Ridge,NEG,2017-08-01,2.69046,1.6853812683282294,1.0050787316717704
rolling,4,Ridge,NEG,2017-09-01,3.0855473684210524,2.252086164856505,0.8334612035645472
rolling,4,Ridge,NEG,2017-10-01,3.0982380952380955,2.3259868152010013,0.7722512800370942
rolling,4,Ridge,NEG,2017-11-01,3.075673684210526,2.8547016032829,0.2209720809276261
rolling,4,Ridge,NEG,2017-12-01,3.065655,2.9496470720827075,0.11600792791729253
rolling,4,Ridge,NEG,2018-01-01,3.15159,3.146369866894192,0.005220133105808156
rolling,4,Ridge,NEG,2018-02-01,3.30657619047619,2.9333914337735227,0.3731847567026674
rolling,4,Ridge,NEG,2018-03-01,3.4621947368421053,3.098277805675413,0.3639169311666923
rolling,4,Ridge,NEG,2018-04-01,3.6392136363636367,2.965674032975822,0.6735396033878147
rolling,4,Ridge,NEG,2018-05-01,3.934538095238095,3.360481724881222,0.5740563703568728
rolling,4,Ridge,NEG,2018-06-01,4.20315,3.105681365341795,1.0974686346582048
rolling,4,Ridge,NEG,2018-07-01,4.641321739130435,3.335907782094449,1.3054139570359857
rolling,4,Ridge,NEG,2018-08-01,4.782921052631579,3.806022170358612,0.976898882272967
rolling,4,Ridge,NEG,2018-09-01,4.948788235294118,3.6660528338856517,1.2827354014084662
rolling,4,Ridge,NEG,2018-10-01,5.096627272727273,4.224878240060264,0.871749032667009
rolling,4,Ridge,NEG,2018-11-01,5.116333333333333,4.216635810172353,0.8996975231609801
rolling,4,Ridge,NEG,2018-12-01,5.169666666666667,4.116102795952441,1.0535638707142256
rolling,4,Ridge,NEG,2019-01-01,5.220527777777778,3.9066063679629623,1.3139214098148155
rolling,4,Ridge,NEG,2019-02-01,5.035757142857143,3.965437664143936,1.0703194787132073
rolling,4,Ridge,NEG,2019-03-01,4.934044444444444,3.814626326277873,1.1194181181665712
rolling,4,Ridge,NEG,2019-04-01,4.7935,3.7588961299912427,1.0346038700087572
rolling,4,Ridge,NEG,2019-05-01,4.410036842105264,3.7976241490819946,0.612412693023269
rolling,4,Ridge,NEG,2019-06-01,4.32444761904762,4.022558608785222,0.3018890102623981
rolling,4,Ridge,NEG,2019-07-01,4.088347826086957,3.690652895930382,0.39769493015657487
rolling,4,Ridge,NEG,2019-08-01,4.01318,4.324475433972811,-0.3112954339728109
rolling,4,Ridge,NEG,2019-09-01,3.979216666666667,3.402249366151059,0.5769673005156077
rolling,4,Ridge,NEG,2019-10-01,3.831255,2.6082593274644776,1.2229956725355224
rolling,4,Ridge,NEG,2019-11-01,3.672726315789474,2.7272144801885663,0.9455118356009078
rolling,4,Ridge,None,2016-01-01,2.523847619047619,1.9649492784046187,0.5588983406430001
rolling,4,Ridge,None,2016-02-01,2.525338095238096,2.1348073080720678,0.3905307871660284
rolling,4,Ridge,None,2016-03-01,2.51565,2.454448144499157,0.061201855500843116
rolling,4,Ridge,None,2016-04-01,2.5214052631578947,2.597365755674727,-0.07596049251683246
rolling,4,Ridge,None,2016-05-01,2.517215,2.8022445834396974,-0.2850295834396972
rolling,4,Ridge,None,2016-06-01,2.514826315789474,3.042381697584452,-0.5275553817949783
rolling,4,Ridge,None,2016-07-01,2.5058625,2.6396997385841283,-0.13383723858412822
rolling,4,Ridge,None,2016-08-01,2.5015650000000003,2.7633913090266944,-0.2618263090266941
rolling,4,Ridge,None,2016-09-01,2.518775,2.759417009752043,-0.24064200975204297
rolling,4,Ridge,None,2016-10-01,2.527788888888889,2.4190859158542186,0.10870297303467025
rolling,4,Ridge,None,2016-11-01,2.51759375,2.4177883106873406,0.0998054393126595
rolling,4,Ridge,None,2016-12-01,2.535536363636364,2.784666706497202,-0.24913034286083802
rolling,4,Ridge,None,2017-01-01,2.5772411764705883,2.9142953071677917,-0.33705413069720347
rolling,4,Ridge,None,2017-02-01,2.57815,2.5554690111772524,0.022680988822747494
rolling,4,Ridge,None,2017-03-01,2.5543,2.469344041569017,0.08495595843098291
rolling,4,Ridge,None,2017-04-01,2.5655,2.4653087459767917,0.10019125402320839
rolling,4,Ridge,None,2017-05-01,2.553335294117648,1.8304631092898638,0.7228721848277844
rolling,4,Ridge,None,2017-06-01,2.5712,2.087416305075127,0.48378369492487305
rolling,4,Ridge,None,2017-07-01,2.65784,1.969268987143289,0.6885710128567113
rolling,4,Ridge,None,2017-08-01,2.69046,1.6842586203087448,1.006201379691255
rolling,4,Ridge,None,2017-09-01,3.0855473684210524,2.241080971583761,0.8444663968372912
rolling,4,Ridge,None,2017-10-01,3.0982380952380955,2.3194564622172162,0.7787816330208792
rolling,4,Ridge,None,2017-11-01,3.075673684210526,2.8379114208033904,0.2377622634071357
rolling,4,Ridge,None,2017-12-01,3.065655,2.9402663392236312,0.1253886607763688
rolling,4,Ridge,None,2018-01-01,3.15159,3.1486578328652657,0.0029321671347344314
rolling,4,Ridge,None,2018-02-01,3.30657619047619,2.941109287961374,0.3654669025148163
rolling,4,Ridge,None,2018-03-01,3.4621947368421053,3.0975762623733294,0.36461847446877593
rolling,4,Ridge,None,2018-04-01,3.6392136363636367,2.9695035384034947,0.669710097960142
rolling,4,Ridge,None,2018-05-01,3.934538095238095,3.3579242593251477,0.5766138359129473
rolling,4,Ridge,None,2018-06-01,4.20315,3.1339090350825427,1.0692409649174572
rolling,4,Ridge,None,2018-07-01,4.641321739130435,3.340417826788269,1.3009039123421657
rolling,4,Ridge,None,2018-08-01,4.782921052631579,3.795861364819155,0.9870596878124243
rolling,4,Ridge,None,2018-09-01,4.948788235294118,3.694002737495272,1.2547854977988457
rolling,4,Ridge,None,2018-10-01,5.096627272727273,4.224684654296772,0.8719426184305004
rolling,4,Ridge,None,2018-11-01,5.116333333333333,4.2210615640643825,0.8952717692689509
rolling,4,Ridge,None,2018-12-01,5.169666666666667,4.083549017480929,1.0861176491857378
rolling,4,Ridge,None,2019-01-01,5.220527777777778,3.98063730293881,1.239890474838968
rolling,4,Ridge,None,2019-02-01,5.035757142857143,3.933640688651594,1.1021164542055493
rolling,4,Ridge,None,2019-03-01,4.934044444444444,3.8090130970855762,1.1250313473588678
rolling,4,Ridge,None,2019-04-01,4.7935,3.7277724854939867,1.0657275145060132
rolling,4,Ridge,None,2019-05-01,4.410036842105264,3.8121677332812562,0.5978691088240073
rolling,4,Ridge,None,2019-06-01,4.32444761904762,4.033468371546639,0.2909792475009816
rolling,4,Ridge,None,2019-07-01,4.088347826086957,3.6870458031651614,0.4013020229217954
rolling,4,Ridge,None,2019-08-01,4.01318,4.358636145518327,-0.3454561455183267
rolling,4,Ridge,None,2019-09-01,3.979216666666667,3.3625644841610427,0.6166521825056241
rolling,4,Ridge,None,2019-10-01,3.831255,2.597640793774236,1.2336142062257642
rolling,4,Ridge,None,2019-11-01,3.672726315789474,2.706067149265477,0.9666591665239972
rolling,4,Ridge,POSNEG,2016-01-01,2.523847619047619,2.1011034166272347,0.42274420242038424
rolling,4,Ridge,POSNEG,2016-02-01,2.525338095238096,2.1575219493676108,0.3678161458704854
rolling,4,Ridge,POSNEG,2016-03-01,2.51565,2.4739540963423825,0.04169590365761744
rolling,4,Ridge,POSNEG,2016-04-01,2.5214052631578947,2.5828340993046615,-0.06142883614676675
rolling,4,Ridge,POSNEG,2016-05-01,2.517215,2.852193465512667,-0.33497846551266663
rolling,4,Ridge,POSNEG,2016-06-01,2.514826315789474,2.996813820875423,-0.48198750508594923
rolling,4,Ridge,POSNEG,2016-07-01,2.5058625,2.62995784283149,-0.12409534283148993
rolling,4,Ridge,POSNEG,2016-08-01,2.5015650000000003,2.854111347463288,-0.3525463474632877
rolling,4,Ridge,POSNEG,2016-09-01,2.518775,2.82318884411766,-0.3044138441176596
rolling,4,Ridge,POSNEG,2016-10-01,2.527788888888889,2.512788039223018,0.015000849665870675
rolling,4,Ridge,POSNEG,2016-11-01,2.51759375,2.4401774391465763,0.07741631085342382
rolling,4,Ridge,POSNEG,2016-12-01,2.535536363636364,2.7043226053106473,-0.16878624167428313
rolling,4,Ridge,POSNEG,2017-01-01,2.5772411764705883,3.00401294394034,-0.42677176746975176
rolling,4,Ridge,POSNEG,2017-02-01,2.57815,2.612426136630873,-0.03427613663087303
rolling,4,Ridge,POSNEG,2017-03-01,2.5543,2.463359578709523,0.09094042129047697
rolling,4,Ridge,POSNEG,2017-04-01,2.5655,2.438723288130627,0.12677671186937323
rolling,4,Ridge,POSNEG,2017-05-01,2.553335294117648,1.8063219945323417,0.7470132995853065
rolling,4,Ridge,POSNEG,2017-06-01,2.5712,2.0763634436103375,0.4948365563896626
rolling,4,Ridge,POSNEG,2017-07-01,2.65784,1.9590516196445082,0.698788380355492
rolling,4,Ridge,POSNEG,2017-08-01,2.69046,1.690580071000001,0.9998799289999989
rolling,4,Ridge,POSNEG,2017-09-01,3.0855473684210524,2.228159990354936,0.8573873780661163
rolling,4,Ridge,POSNEG,2017-10-01,3.0982380952380955,2.331903559844753,0.7663345353933426
rolling,4,Ridge,POSNEG,2017-11-01,3.075673684210526,2.899911938521938,0.17576174568858827
rolling,4,Ridge,POSNEG,2017-12-01,3.065655,2.951487007973991,0.11416799202600902
rolling,4,Ridge,POSNEG,2018-01-01,3.15159,3.1462777122645615,0.00531228773543857
rolling,4,Ridge,POSNEG,2018-02-01,3.30657619047619,2.8925421268989395,0.4140340635772506
rolling,4,Ridge,POSNEG,2018-03-01,3.4621947368421053,3.0977540711952494,0.36444066564685595
rolling,4,Ridge,POSNEG,2018-04-01,3.6392136363636367,2.969015318489067,0.6701983178745698
rolling,4,Ridge,POSNEG,2018-05-01,3.934538095238095,3.3486002064144524,0.5859378888236426
rolling,4,Ridge,POSNEG,2018-06-01,4.20315,3.103961212758,1.0991887872419999
rolling,4,Ridge,POSNEG,2018-07-01,4.641321739130435,3.335737721865235,1.3055840172651996
rolling,4,Ridge,POSNEG,2018-08-01,4.782921052631579,3.8171625984397326,0.9657584541918465
rolling,4,Ridge,POSNEG,2018-09-01,4.948788235294118,3.6889553934283787,1.2598328418657392
rolling,4,Ridge,POSNEG,2018-10-01,5.096627272727273,4.407949893835294,0.6886773788919784
rolling,4,Ridge,POSNEG,2018-11-01,5.116333333333333,4.407379046619097,0.7089542867142367
rolling,4,Ridge,POSNEG,2018-12-01,5.169666666666667,4.217951781630623,0.9517148850360444
rolling,4,Ridge,POSNEG,2019-01-01,5.220527777777778,3.9566490615951757,1.2638787161826022
rolling,4,Ridge,POSNEG,2019-02-01,5.035757142857143,3.292541958556277,1.7432151843008663
rolling,4,Ridge,POSNEG,2019-03-01,4.934044444444444,3.9896620570228345,0.9443823874216095
rolling,4,Ridge,POSNEG,2019-04-01,4.7935,3.947636304163364,0.8458636958366359
rolling,4,Ridge,POSNEG,2019-05-01,4.410036842105264,3.953804266042372,0.4562325760628916
rolling,4,Ridge,POSNEG,2019-06-01,4.32444761904762,4.022151603538005,0.30229601550961505
rolling,4,Ridge,POSNEG,2019-07-01,4.088347826086957,3.648779481268236,0.43956834481872065
rolling,4,Ridge,POSNEG,2019-08-01,4.01318,4.352472338743824,-0.3392923387438236
rolling,4,Ridge,POSNEG,2019-09-01,3.979216666666667,3.5176678542952358,0.4615488123714311
rolling,4,Ridge,POSNEG,2019-10-01,3.831255,2.6494443708078115,1.1818106291921886
rolling,4,Ridge,POSNEG,2019-11-01,3.672726315789474,2.718333084225365,0.9543932315641093
rolling,4,Ridge,ToneMean,2016-01-01,2.523847619047619,1.9991887177885397,0.5246589012590792
rolling,4,Ridge,ToneMean,2016-02-01,2.525338095238096,2.1574061952226415,0.3679319000154546
rolling,4,Ridge,ToneMean,2016-03-01,2.51565,2.4467376532428,0.06891234675719993
rolling,4,Ridge,ToneMean,2016-04-01,2.5214052631578947,2.6086166056972946,-0.08721134253939988
rolling,4,Ridge,ToneMean,2016-05-01,2.517215,2.842705506614737,-0.32549050661473666
rolling,4,Ridge,ToneMean,2016-06-01,2.514826315789474,3.0409954534867247,-0.5261691376972508
rolling,4,Ridge,ToneMean,2016-07-01,2.5058625,2.6346826209913443,-0.1288201209913442
rolling,4,Ridge,ToneMean,2016-08-01,2.5015650000000003,2.766488390145237,-0.2649233901452366
rolling,4,Ridge,ToneMean,2016-09-01,2.518775,2.75620736803265,-0.23743236803264978
rolling,4,Ridge,ToneMean,2016-10-01,2.527788888888889,2.417121495037792,0.11066739385109692
rolling,4,Ridge,ToneMean,2016-11-01,2.51759375,2.4186921087999322,0.09890164120006784
rolling,4,Ridge,ToneMean,2016-12-01,2.535536363636364,2.7842016629996365,-0.2486652993632723
rolling,4,Ridge,ToneMean,2017-01-01,2.5772411764705883,2.9138470797833453,-0.3366059033127571
rolling,4,Ridge,ToneMean,2017-02-01,2.57815,2.5549888312203173,0.02316116877968266
rolling,4,Ridge,ToneMean,2017-03-01,2.5543,2.4620899400157636,0.09221005998423637
rolling,4,Ridge,ToneMean,2017-04-01,2.5655,2.4592960545911198,0.10620394540888034
rolling,4,Ridge,ToneMean,2017-05-01,2.553335294117648,1.8214269312360447,0.7319083628816034
rolling,4,Ridge,ToneMean,2017-06-01,2.5712,2.084970205216785,0.48622979478321504
rolling,4,Ridge,ToneMean,2017-07-01,2.65784,1.965756732529424,0.6920832674705761
rolling,4,Ridge,ToneMean,2017-08-01,2.69046,1.694420364681576,0.9960396353184238
rolling,4,Ridge,ToneMean,2017-09-01,3.0855473684210524,2.2553602270051787,0.8301871414158737
rolling,4,Ridge,ToneMean,2017-10-01,3.0982380952380955,2.3511628353576217,0.7470752598804737
rolling,4,Ridge,ToneMean,2017-11-01,3.075673684210526,2.9082424070801833,0.16743127713034278
rolling,4,Ridge,ToneMean,2017-12-01,3.065655,2.9480746063611383,0.11758039363886175
rolling,4,Ridge,ToneMean,2018-01-01,3.15159,3.1580852113467435,-0.006495211346743357
rolling,4,Ridge,ToneMean,2018-02-01,3.30657619047619,2.9055321969079064,0.4010439935682837
rolling,4,Ridge,ToneMean,2018-03-01,3.4621947368421053,3.096120713839031,0.36607402300307434
rolling,4,Ridge,ToneMean,2018-04-01,3.6392136363636367,2.969453702054306,0.6697599343093308
rolling,4,Ridge,ToneMean,2018-05-01,3.934538095238095,3.353557830437097,0.5809802648009978
rolling,4,Ridge,ToneMean,2018-06-01,4.20315,3.125461814046679,1.077688185953321
rolling,4,Ridge,ToneMean,2018-07-01,4.641321739130435,3.343330200557995,1.2979915385724397
rolling,4,Ridge,ToneMean,2018-08-01,4.782921052631579,3.7929933134511145,0.9899277391804646
rolling,4,Ridge,ToneMean,2018-09-01,4.948788235294118,3.6674701259304365,1.2813181093636814
rolling,4,Ridge,ToneMean,2018-10-01,5.096627272727273,4.344899255603497,0.7517280171237752
rolling,4,Ridge,ToneMean,2018-11-01,5.116333333333333,4.393557489804966,0.7227758435283675
rolling,4,Ridge,ToneMean,2018-12-01,5.169666666666667,4.178182534054448,0.9914841326122188
rolling,4,Ridge,ToneMean,2019-01-01,5.220527777777778,3.853660049915022,1.366867727862756
rolling,4,Ridge,ToneMean,2019-02-01,5.035757142857143,3.7386380814911364,1.2971190613660069
rolling,4,Ridge,ToneMean,2019-03-01,4.934044444444444,3.994064425582472,0.9399800188619718
rolling,4,Ridge,ToneMean,2019-04-01,4.7935,3.9906036264857003,0.8028963735142995
rolling,4,Ridge,ToneMean,2019-05-01,4.410036842105264,3.887711760753465,0.5223250813517986
rolling,4,Ridge,ToneMean,2019-06-01,4.32444761904762,3.985253767483716,0.3391938515639046
rolling,4,Ridge,ToneMean,2019-07-01,4.088347826086957,3.6748893555882214,0.4134584704987354
rolling,4,Ridge,ToneMean,2019-08-01,4.01318,4.26928708721913,-0.2561070872191298
rolling,4,Ridge,ToneMean,2019-09-01,3.979216666666667,3.557944829636955,0.4212718370297117
rolling,4,Ridge,ToneMean,2019-10-01,3.831255,2.6760918516577963,1.1551631483422038
rolling,4,Ridge,ToneMean,2019-11-01,3.672726315789474,2.703803019056601,0.9689232967328731
rolling,4,SVR,NEG,2016-01-01,2.523847619047619,2.46658402152016,0.05726359752745891
rolling,4,SVR,NEG,2016-02-01,2.525338095238096,2.516873792011185,0.008464303226911163
rolling,4,SVR,NEG,2016-03-01,2.51565,2.5716543832588923,-0.05600438325889234
rolling,4,SVR,NEG,2016-04-01,2.5214052631578947,2.5989580299626813,-0.07755276680478662
rolling,4,SVR,NEG,2016-05-01,2.517215,2.9541446733832637,-0.4369296733832635
rolling,4,SVR,NEG,2016-06-01,2.514826315789474,2.774950364252562,-0.260124048463088
rolling,4,SVR,NEG,2016-07-01,2.5058625,2.5821339093595492,-0.07627140935954912
rolling,4,SVR,NEG,2016-08-01,2.5015650000000003,2.699025147531122,-0.19746014753112195
rolling,4,SVR,NEG,2016-09-01,2.518775,2.709668173284769,-0.19089317328476874
rolling,4,SVR,NEG,2016-10-01,2.527788888888889,2.715634397653907,-0.18784550876501793
rolling,4,SVR,NEG,2016-11-01,2.51759375,2.2892189237364207,0.2283748262635794
rolling,4,SVR,NEG,2016-12-01,2.535536363636364,2.7911904496651916,-0.25565408602882744
rolling,4,SVR,NEG,2017-01-01,2.5772411764705883,2.7924366041674165,-0.2151954276968282
rolling,4,SVR,NEG,2017-02-01,2.57815,2.7686756074928542,-0.1905256074928543
rolling,4,SVR,NEG,2017-03-01,2.5543,2.2284473536893334,0.32585264631066657
rolling,4,SVR,NEG,2017-04-01,2.5655,2.8036191230608414,-0.23811912306084126
rolling,4,SVR,NEG,2017-05-01,2.553335294117648,2.2404477234194573,0.31288757069819084
rolling,4,SVR,NEG,2017-06-01,2.5712,2.5638324332586135,0.007367566741386611
rolling,4,SVR,NEG,2017-07-01,2.65784,2.38486801474195,0.27297198525805033
rolling,4,SVR,NEG,2017-08-01,2.69046,2.541607742036942,0.1488522579630578
rolling,4,SVR,NEG,2017-09-01,3.0855473684210524,2.7221624014774597,0.3633849669435927
rolling,4,SVR,NEG,2017-10-01,3.0982380952380955,2.6752819858665005,0.422956109371595
rolling,4,SVR,NEG,2017-11-01,3.075673684210526,2.9576885070872154,0.11798517712331069
rolling,4,SVR,NEG,2017-12-01,3.065655,3.024325708078927,0.04132929192107282
rolling,4,SVR,NEG,2018-01-01,3.15159,3.2309144638944223,-0.07932446389442216
rolling,4,SVR,NEG,2018-02-01,3.30657619047619,3.00829531827029,0.29828087220590005
rolling,4,SVR,NEG,2018-03-01,3.4621947368421053,3.2590729414307935,0.2031217954113118
rolling,4,SVR,NEG,2018-04-01,3.6392136363636367,3.278309227227873,0.3609044091357636
rolling,4,SVR,NEG,2018-05-01,3.934538095238095,3.0112030676635233,0.9233350275745718
rolling,4,SVR,NEG,2018-06-01,4.20315,3.4005402286318627,0.8026097713681373
rolling,4,SVR,NEG,2018-07-01,4.641321739130435,3.508262206570639,1.1330595325597956
rolling,4,SVR,NEG,2018-08-01,4.782921052631579,3.5923256081232777,1.1905954445083013
rolling,4,SVR,NEG,2018-09-01,4.948788235294118,3.5771247191637396,1.3716635161303783
rolling,4,SVR,NEG,2018-10-01,5.096627272727273,4.400722528837907,0.6959047438893657
rolling,4,SVR,NEG,2018-11-01,5.116333333333333,4.742078863536681,0.3742544697966528
rolling,4,SVR,NEG,2018-12-01,5.169666666666667,4.19376094713922,0.9759057195274474
rolling,4,SVR,NEG,2019-01-01,5.220527777777778,3.053393158038655,2.167134619739123
rolling,4,SVR,NEG,2019-02-01,5.035757142857143,3.2856049550537625,1.7501521878033808
rolling,4,SVR,NEG,2019-03-01,4.934044444444444,3.441395306580172,1.4926491378642721
rolling,4,SVR,NEG,2019-04-01,4.7935,3.7958707721107148,0.9976292278892851
rolling,4,SVR,NEG,2019-05-01,4.410036842105264,4.019513118040104,0.3905237240651598
rolling,4,SVR,NEG,2019-06-01,4.32444761904762,4.038036399791683,0.28641121925593716
rolling,4,SVR,NEG,2019-07-01,4.088347826086957,3.6865605413139,0.4017872847730568
rolling,4,SVR,NEG,2019-08-01,4.01318,3.161185948007979,0.8519940519920213
rolling,4,SVR,NEG,2019-09-01,3.979216666666667,3.8174129208967926,0.16180374576987422
rolling,4,SVR,NEG,2019-10-01,3.831255,3.123759961373472,0.707495038626528
rolling,4,SVR,NEG,2019-11-01,3.672726315789474,3.3539053005249784,0.3188210152644957
rolling,4,SVR,None,2016-01-01,2.523847619047619,2.421981469502964,0.10186614954465512
rolling,4,SVR,None,2016-02-01,2.525338095238096,2.537709680591197,-0.012371585353101011
rolling,4,SVR,None,2016-03-01,2.51565,2.577763396656704,-0.06211339665670401
rolling,4,SVR,None,2016-04-01,2.5214052631578947,2.6163377959163814,-0.09493253275848668
rolling,4,SVR,None,2016-05-01,2.517215,2.906506955778292,-0.3892919557782917
rolling,4,SVR,None,2016-06-01,2.514826315789474,2.7783982866160972,-0.2635719708266233
rolling,4,SVR,None,2016-07-01,2.5058625,2.5794329954115165,-0.07357049541151639
rolling,4,SVR,None,2016-08-01,2.5015650000000003,2.7786817434691207,-0.2771167434691204
rolling,4,SVR,None,2016-09-01,2.518775,2.575195483611556,-0.05642048361155583
rolling,4,SVR,None,2016-10-01,2.527788888888889,2.289282602039,0.23850628684988884
rolling,4,SVR,None,2016-11-01,2.51759375,2.3015157060985296,0.21607804390147045
rolling,4,SVR,None,2016-12-01,2.535536363636364,2.5001336660898916,0.03540269754647252
rolling,4,SVR,None,2017-01-01,2.5772411764705883,2.8630450486585612,-0.285803872187973
rolling,4,SVR,None,2017-02-01,2.57815,2.603356738895828,-0.025206738895827918
rolling,4,SVR,None,2017-03-01,2.5543,2.3477702618639853,0.20652973813601472
rolling,4,SVR,None,2017-04-01,2.5655,2.725933717789708,-0.16043371778970794
rolling,4,SVR,None,2017-05-01,2.553335294117648,2.241144501609629,0.31219079250801895
rolling,4,SVR,None,2017-06-01,2.5712,2.599761301992292,-0.0285613019922919
rolling,4,SVR,None,2017-07-01,2.65784,2.423544895433042,0.23429510456695812
rolling,4,SVR,None,2017-08-01,2.69046,2.5553300763502285,0.1351299236497714
rolling,4,SVR,None,2017-09-01,3.0855473684210524,2.721712842992192,0.3638345254288602
rolling,4,SVR,None,2017-10-01,3.0982380952380955,2.7171398566029374,0.381098238635158
rolling,4,SVR,None,2017-11-01,3.075673684210526,2.982979349405489,0.0926943348050373
rolling,4,SVR,None,2017-12-01,3.065655,3.1055351578906545,-0.039880157890654466
rolling,4,SVR,None,2018-01-01,3.15159,3.10330780556994,0.04828219443005999
rolling,4,SVR,None,2018-02-01,3.30657619047619,2.9906779662572567,0.31589822421893343
rolling,4,SVR,None,2018-03-01,3.4621947368421053,3.242773333610178,0.2194214032319275
rolling,4,SVR,None,2018-04-01,3.6392136363636367,3.3094933939921374,0.32972024237149933
rolling,4,SVR,None,2018-05-01,3.934538095238095,2.918270427173797,1.0162676680642981
rolling,4,SVR,None,2018-06-01,4.20315,3.288137318011422,0.915012681988578
rolling,4,SVR,None,2018-07-01,4.641321739130435,3.427032609939285,1.2142891291911497
rolling,4,SVR,None,2018-08-01,4.782921052631579,3.8115314930528212,0.9713895595787578
rolling,4,SVR,None,2018-09-01,4.948788235294118,3.8389759652974553,1.1098122699966626
rolling,4,SVR,None,2018-10-01,5.096627272727273,4.424587649888521,0.672039622838752
rolling,4,SVR,None,2018-11-01,5.116333333333333,4.854390450490609,0.2619428828427246
rolling,4,SVR,None,2018-12-01,5.169666666666667,4.377879478922462,0.7917871877442053
rolling,4,SVR,None,2019-01-01,5.220527777777778,3.0370004451503094,2.1835273326274685
rolling,4,SVR,None,2019-02-01,5.035757142857143,3.4664028765712014,1.5693542662859419
rolling,4,SVR,None,2019-03-01,4.934044444444444,3.5034964765966716,1.4305479678477724
rolling,4,SVR,None,2019-04-01,4.7935,3.9675809526912476,0.8259190473087523
rolling,4,SVR,None,2019-05-01,4.410036842105264,4.15156087681376,0.2584759652915034
rolling,4,SVR,None,2019-06-01,4.32444761904762,4.060158636673206,0.26428898237441434
rolling,4,SVR,None,2019-07-01,4.088347826086957,3.5619660226142646,0.5263818034726921
rolling,4,SVR,None,2019-08-01,4.01318,3.1560607530020333,0.8571192469979669
rolling,4,SVR,None,2019-09-01,3.979216666666667,3.871395485882103,0.10782118078456371
rolling,4,SVR,None,2019-10-01,3.831255,3.1514061090486587,0.6798488909513414
rolling,4,SVR,None,2019-11-01,3.672726315789474,3.44358585274881,0.22914046304066416
rolling,4,SVR,POSNEG,2016-01-01,2.523847619047619,2.4890905315800134,0.03475708746760553
rolling,4,SVR,POSNEG,2016-02-01,2.525338095238096,2.448789418906225,0.07654867633187123
rolling,4,SVR,POSNEG,2016-03-01,2.51565,2.4822155662085543,0.03343443379144562
rolling,4,SVR,POSNEG,2016-04-01,2.5214052631578947,2.576896637977831,-0.05549137481993638
rolling,4,SVR,POSNEG,2016-05-01,2.517215,2.938639789894578,-0.42142478989457777
rolling,4,SVR,POSNEG,2016-06-01,2.514826315789474,2.830193191074509,-0.31536687528503515
rolling,4,SVR,POSNEG,2016-07-01,2.5058625,2.5732960158853104,-0.06743351588531032
rolling,4,SVR,POSNEG,2016-08-01,2.5015650000000003,2.6756790478887584,-0.17411404788875817
rolling,4,SVR,POSNEG,2016-09-01,2.518775,2.664363968071474,-0.1455889680714737
rolling,4,SVR,POSNEG,2016-10-01,2.527788888888889,2.593030433177126,-0.06524154428823703
rolling,4,SVR,POSNEG,2016-11-01,2.51759375,2.2953325315969506,0.22226121840304947
rolling,4,SVR,POSNEG,2016-12-01,2.535536363636364,2.7846417531423584,-0.24910538950599426
rolling,4,SVR,POSNEG,2017-01-01,2.5772411764705883,2.779212708412311,-0.20197153194172257
rolling,4,SVR,POSNEG,2017-02-01,2.57815,2.7200359205140137,-0.14188592051401372
rolling,4,SVR,POSNEG,2017-03-01,2.5543,2.1755954204963603,0.37870457950363967
rolling,4,SVR,POSNEG,2017-04-01,2.5655,2.788975204436241,-0.22347520443624092
rolling,4,SVR,POSNEG,2017-05-01,2.553335294117648,2.3060256763456897,0.24730961777195848
rolling,4,SVR,POSNEG,2017-06-01,2.5712,2.5125351064303474,0.058664893569652765
rolling,4,SVR,POSNEG,2017-07-01,2.65784,2.4684093126752726,0.18943068732472756
rolling,4,SVR,POSNEG,2017-08-01,2.69046,2.507762877413758,0.1826971225862417
rolling,4,SVR,POSNEG,2017-09-01,3.0855473684210524,2.6607563421719203,0.4247910262491321
rolling,4,SVR,POSNEG,2017-10-01,3.0982380952380955,2.6238729270631778,0.4743651681749177
rolling,4,SVR,POSNEG,2017-11-01,3.075673684210526,3.014661633685802,0.06101205052472425
rolling,4,SVR,POSNEG,2017-12-01,3.065655,2.9981804214555288,0.06747457854447125
rolling,4,SVR,POSNEG,2018-01-01,3.15159,3.1827075208361504,-0.03111752083615027
rolling,4,SVR,POSNEG,2018-02-01,3.30657619047619,3.058023113901379,0.24855307657481118
rolling,4,SVR,POSNEG,2018-03-01,3.4621947368421053,3.1140595262356214,0.3481352106064839
rolling,4,SVR,POSNEG,2018-04-01,3.6392136363636367,3.2330086404562115,0.4062049959074252
rolling,4,SVR,POSNEG,2018-05-01,3.934538095238095,3.123057310109905,0.81148078512819
rolling,4,SVR,POSNEG,2018-06-01,4.20315,3.3421924628325526,0.8609575371674474
rolling,4,SVR,POSNEG,2018-07-01,4.641321739130435,3.603768182758734,1.0375535563717007
rolling,4,SVR,POSNEG,2018-08-01,4.782921052631579,3.656476764538063,1.126444288093516
rolling,4,SVR,POSNEG,2018-09-01,4.948788235294118,3.5208252618452454,1.4279629734488726
rolling,4,SVR,POSNEG,2018-10-01,5.096627272727273,3.965294631903494,1.1313326408237785
rolling,4,SVR,POSNEG,2018-11-01,5.116333333333333,4.5854623187537005,0.5308710145796329
rolling,4,SVR,POSNEG,2018-12-01,5.169666666666667,4.219233924448975,0.9504327422176919
rolling,4,SVR,POSNEG,2019-01-01,5.220527777777778,3.1215462537051044,2.0989815240726735
rolling,4,SVR,POSNEG,2019-02-01,5.035757142857143,2.6021013290741433,2.433655813783
rolling,4,SVR,POSNEG,2019-03-01,4.934044444444444,3.3696081592360523,1.5644362852083917
rolling,4,SVR,POSNEG,2019-04-01,4.7935,3.7174517439520267,1.0760482560479732
rolling,4,SVR,POSNEG,2019-05-01,4.410036842105264,3.999510594650716,0.41052624745454747
rolling,4,SVR,POSNEG,2019-06-01,4.32444761904762,3.8124807370872484,0.511966881960372
rolling,4,SVR,POSNEG,2019-07-01,4.088347826086957,3.629253439532551,0.4590943865544057
rolling,4,SVR,POSNEG,2019-08-01,4.01318,3.231580467841552,0.7815995321584484
rolling,4,SVR,POSNEG,2019-09-01,3.979216666666667,3.8177045154058202,0.16151215126084661
rolling,4,SVR,POSNEG,2019-10-01,3.831255,3.1986265774868037,0.6326284225131964
rolling,4,SVR,POSNEG,2019-11-01,3.672726315789474,3.3447000873010824,0.3280262284883917
rolling,4,SVR,ToneMean,2016-01-01,2.523847619047619,2.437004833443681,0.08684278560393777
rolling,4,SVR,ToneMean,2016-02-01,2.525338095238096,2.4752409135264677,0.05009718171162847
rolling,4,SVR,ToneMean,2016-03-01,2.51565,2.516976336723825,-0.0013263367238249835
rolling,4,SVR,ToneMean,2016-04-01,2.5214052631578947,2.6009886510036466,-0.07958338784575192
rolling,4,SVR,ToneMean,2016-05-01,2.517215,2.9690116934787683,-0.45179669347876805
rolling,4,SVR,ToneMean,2016-06-01,2.514826315789474,2.7995082442574324,-0.2846819284679585
rolling,4,SVR,ToneMean,2016-07-01,2.5058625,2.607082993080322,-0.101220493080322
rolling,4,SVR,ToneMean,2016-08-01,2.5015650000000003,2.7732958995139465,-0.27173089951394624
rolling,4,SVR,ToneMean,2016-09-01,2.518775,2.6136007250222835,-0.09482572502228326
rolling,4,SVR,ToneMean,2016-10-01,2.527788888888889,2.3544996016120203,0.17328928727686854
rolling,4,SVR,ToneMean,2016-11-01,2.51759375,2.290427488731864,0.227166261268136
rolling,4,SVR,ToneMean,2016-12-01,2.535536363636364,2.6730365153389894,-0.1375001517026253
rolling,4,SVR,ToneMean,2017-01-01,2.5772411764705883,2.8229651579614043,-0.2457239814908161
rolling,4,SVR,ToneMean,2017-02-01,2.57815,2.6002574813884727,-0.02210748138847274
rolling,4,SVR,ToneMean,2017-03-01,2.5543,2.212064883903498,0.3422351160965018
rolling,4,SVR,ToneMean,2017-04-01,2.5655,2.737172045794991,-0.17167204579499096
rolling,4,SVR,ToneMean,2017-05-01,2.553335294117648,2.322310990216411,0.23102430390123718
rolling,4,SVR,ToneMean,2017-06-01,2.5712,2.549411649102076,0.02178835089792397
rolling,4,SVR,ToneMean,2017-07-01,2.65784,2.458901192366696,0.1989388076333043
rolling,4,SVR,ToneMean,2017-08-01,2.69046,2.491522911674197,0.19893708832580304
rolling,4,SVR,ToneMean,2017-09-01,3.0855473684210524,2.750056101363485,0.3354912670575674
rolling,4,SVR,ToneMean,2017-10-01,3.0982380952380955,2.664829890314477,0.43340820492361853
rolling,4,SVR,ToneMean,2017-11-01,3.075673684210526,3.0787791699276186,-0.00310548571709246
rolling,4,SVR,ToneMean,2017-12-01,3.065655,3.0175690137716944,0.04808598622830562
rolling,4,SVR,ToneMean,2018-01-01,3.15159,3.1909177110514166,-0.039327711051416525
rolling,4,SVR,ToneMean,2018-02-01,3.30657619047619,3.0112606799380948,0.29531551053809535
rolling,4,SVR,ToneMean,2018-03-01,3.4621947368421053,3.1109668620970905,0.3512278747450148
rolling,4,SVR,ToneMean,2018-04-01,3.6392136363636367,3.2714542745713673,0.3677593617922694
rolling,4,SVR,ToneMean,2018-05-01,3.934538095238095,3.063160650711155,0.87137744452694
rolling,4,SVR,ToneMean,2018-06-01,4.20315,3.436449342739082,0.7667006572609179
rolling,4,SVR,ToneMean,2018-07-01,4.641321739130435,3.62333447079595,1.0179872683344846
rolling,4,SVR,ToneMean,2018-08-01,4.782921052631579,3.8427690272646817,0.9401520253668973
rolling,4,SVR,ToneMean,2018-09-01,4.948788235294118,3.6372934689354794,1.3114947663586385
rolling,4,SVR,ToneMean,2018-10-01,5.096627272727273,4.0185345282002665,1.078092744527006
rolling,4,SVR,ToneMean,2018-11-01,5.116333333333333,4.460439831076137,0.6558935022571966
rolling,4,SVR,ToneMean,2018-12-01,5.169666666666667,4.339904728561947,0.8297619381047197
rolling,4,SVR,ToneMean,2019-01-01,5.220527777777778,2.986771376692855,2.2337564010849227
rolling,4,SVR,ToneMean,2019-02-01,5.035757142857143,3.2632136608864157,1.7725434819707275
rolling,4,SVR,ToneMean,2019-03-01,4.934044444444444,3.4290943482130385,1.5049500962314055
rolling,4,SVR,ToneMean,2019-04-01,4.7935,3.8033222271293607,0.9901777728706391
rolling,4,SVR,ToneMean,2019-05-01,4.410036842105264,4.024870791289436,0.3851660508158279
rolling,4,SVR,ToneMean,2019-06-01,4.32444761904762,3.935554255715651,0.38889336333196933
rolling,4,SVR,ToneMean,2019-07-01,4.088347826086957,3.7201950011029927,0.36815282498396407
rolling,4,SVR,ToneMean,2019-08-01,4.01318,3.274671547085473,0.7385084529145272
rolling,4,SVR,ToneMean,2019-09-01,3.979216666666667,3.8531843325538455,0.12603233411282133
rolling,4,SVR,ToneMean,2019-10-01,3.831255,3.221367989779087,0.6098870102209131
rolling,4,SVR,ToneMean,2019-11-01,3.672726315789474,3.4375788028405916,0.23514751294888248
rolling,5,ElasticNet,NEG,2016-01-01,2.525338095238096,1.9768224862412394,0.5485156089968568
rolling,5,ElasticNet,NEG,2016-02-01,2.51565,2.139831742230637,0.37581825776936295
rolling,5,ElasticNet,NEG,2016-03-01,2.5214052631578947,2.4461574650145437,0.07524779814335103
rolling,5,ElasticNet,NEG,2016-04-01,2.517215,2.5457248324901274,-0.028509832490127174
rolling,5,ElasticNet,NEG,2016-05-01,2.514826315789474,2.772092482646579,-0.257266166857105
rolling,5,ElasticNet,NEG,2016-06-01,2.5058625,2.9966581117685243,-0.49079561176852415
rolling,5,ElasticNet,NEG,2016-07-01,2.5015650000000003,2.5896940646462303,-0.08812906464623005
rolling,5,ElasticNet,NEG,2016-08-01,2.518775,2.7088587680462504,-0.19008376804625016
rolling,5,ElasticNet,NEG,2016-09-01,2.527788888888889,2.745911318241492,-0.21812242935260295
rolling,5,ElasticNet,NEG,2016-10-01,2.51759375,2.4589989277547777,0.05859482224522239
rolling,5,ElasticNet,NEG,2016-11-01,2.535536363636364,2.47094169495094,0.06459466868542396
rolling,5,ElasticNet,NEG,2016-12-01,2.5772411764705883,2.73170052353395,-0.15445934706336173
rolling,5,ElasticNet,NEG,2017-01-01,2.57815,2.94113757462299,-0.36298757462299003
rolling,5,ElasticNet,NEG,2017-02-01,2.5543,2.600984820141522,-0.0466848201415222
rolling,5,ElasticNet,NEG,2017-03-01,2.5655,2.4919636816240676,0.07353631837593255
rolling,5,ElasticNet,NEG,2017-04-01,2.553335294117648,2.4907033917962433,0.06263190232140481
rolling,5,ElasticNet,NEG,2017-05-01,2.5712,1.8892770686558542,0.6819229313441459
rolling,5,ElasticNet,NEG,2017-06-01,2.65784,2.1223255320509136,0.5355144679490866
rolling,5,ElasticNet,NEG,2017-07-01,2.69046,2.073609022119183,0.6168509778808167
rolling,5,ElasticNet,NEG,2017-08-01,3.0855473684210524,1.8412012591764193,1.244346109244633
rolling,5,ElasticNet,NEG,2017-09-01,3.0982380952380955,2.3029529312779338,0.7952851639601617
rolling,5,ElasticNet,NEG,2017-10-01,3.075673684210526,2.4018504818091486,0.6738232024013775
rolling,5,ElasticNet,NEG,2017-11-01,3.065655,2.7632195084659696,0.3024354915340304
rolling,5,ElasticNet,NEG,2017-12-01,3.15159,2.823553675334273,0.3280363246657272
rolling,5,ElasticNet,NEG,2018-01-01,3.30657619047619,3.0460661351064386,0.26051005536975147
rolling,5,ElasticNet,NEG,2018-02-01,3.4621947368421053,2.915845768401142,0.5463489684409635
rolling,5,ElasticNet,NEG,2018-03-01,3.6392136363636367,3.071180550201219,0.5680330861624179
rolling,5,ElasticNet,NEG,2018-04-01,3.934538095238095,2.994838725438727,0.9396993697993681
rolling,5,ElasticNet,NEG,2018-05-01,4.20315,3.39142161217341,0.81172838782659
rolling,5,ElasticNet,NEG,2018-06-01,4.641321739130435,3.2602827725655574,1.3810389665648772
rolling,5,ElasticNet,NEG,2018-07-01,4.782921052631579,3.408510623915582,1.374410428715997
rolling,5,ElasticNet,NEG,2018-08-01,4.948788235294118,3.857858439162703,1.090929796131415
rolling,5,ElasticNet,NEG,2018-09-01,5.096627272727273,3.8044150078024908,1.2922122649247818
rolling,5,ElasticNet,NEG,2018-10-01,5.116333333333333,4.376369546494711,0.7399637868386222
rolling,5,ElasticNet,NEG,2018-11-01,5.169666666666667,4.296276667781673,0.8733899988849938
rolling,5,ElasticNet,NEG,2018-12-01,5.220527777777778,4.272151095153366,0.9483766826244118
rolling,5,ElasticNet,NEG,2019-01-01,5.035757142857143,3.9838500817435807,1.0519070611135626
rolling,5,ElasticNet,NEG,2019-02-01,4.934044444444444,3.9895893550287047,0.9444550894157393
rolling,5,ElasticNet,NEG,2019-03-01,4.7935,3.761470231944821,1.0320297680551787
rolling,5,ElasticNet,NEG,2019-04-01,4.410036842105264,3.701186044932463,0.7088507971728006
rolling,5,ElasticNet,NEG,2019-05-01,4.32444761904762,3.6463273089119426,0.6781203101356779
rolling,5,ElasticNet,NEG,2019-06-01,4.088347826086957,3.846367407038151,0.24198041904880574
rolling,5,ElasticNet,NEG,2019-07-01,4.01318,3.458968067587434,0.5542119324125663
rolling,5,ElasticNet,NEG,2019-08-01,3.979216666666667,3.8545382317680796,0.12467843489858721
rolling,5,ElasticNet,NEG,2019-09-01,3.831255,3.2435409639482744,0.5877140360517257
rolling,5,ElasticNet,NEG,2019-10-01,3.672726315789474,2.506457179245581,1.1662691365438929
rolling,5,ElasticNet,None,2016-01-01,2.525338095238096,1.9768223507123177,0.5485157445257784
rolling,5,ElasticNet,None,2016-02-01,2.51565,2.139515965547197,0.3761340344528028
rolling,5,ElasticNet,None,2016-03-01,2.5214052631578947,2.447571265602205,0.07383399755568965
rolling,5,ElasticNet,None,2016-04-01,2.517215,2.544572985478517,-0.027357985478516866
rolling,5,ElasticNet,None,2016-05-01,2.514826315789474,2.772088676455711,-0.2572623606662372
rolling,5,ElasticNet,None,2016-06-01,2.5058625,2.999578007074225,-0.49371550707422474
rolling,5,ElasticNet,None,2016-07-01,2.5015650000000003,2.587916756953793,-0.0863517569537926
rolling,5,ElasticNet,None,2016-08-01,2.518775,2.698670683414665,-0.179895683414665
rolling,5,ElasticNet,None,2016-09-01,2.527788888888889,2.7258331324606604,-0.19804424357177153
rolling,5,ElasticNet,None,2016-10-01,2.51759375,2.4324232754241786,0.0851704745758215
rolling,5,ElasticNet,None,2016-11-01,2.535536363636364,2.457807810298013,0.07772855333835116
rolling,5,ElasticNet,None,2016-12-01,2.5772411764705883,2.7757995427981235,-0.1985583663275352
rolling,5,ElasticNet,None,2017-01-01,2.57815,2.9276136374364983,-0.34946363743649833
rolling,5,ElasticNet,None,2017-02-01,2.5543,2.596553910248289,-0.04225391024828884
rolling,5,ElasticNet,None,2017-03-01,2.5655,2.492668970131177,0.07283102986882328
rolling,5,ElasticNet,None,2017-04-01,2.553335294117648,2.4956067781694986,0.05772851594814954
rolling,5,ElasticNet,None,2017-05-01,2.5712,1.8915982108685057,0.6796017891314945
rolling,5,ElasticNet,None,2017-06-01,2.65784,2.1223245729191764,0.5355154270808238
rolling,5,ElasticNet,None,2017-07-01,2.69046,2.073607408908946,0.6168525910910541
rolling,5,ElasticNet,None,2017-08-01,3.0855473684210524,1.837267079407341,1.2482802890137115
rolling,5,ElasticNet,None,2017-09-01,3.0982380952380955,2.2829625058079444,0.8152755894301511
rolling,5,ElasticNet,None,2017-10-01,3.075673684210526,2.3946635956987947,0.6810100885117314
rolling,5,ElasticNet,None,2017-11-01,3.065655,2.7465910860312697,0.31906391396873035
rolling,5,ElasticNet,None,2017-12-01,3.15159,2.8118429729141017,0.33974702708589843
rolling,5,ElasticNet,None,2018-01-01,3.30657619047619,3.043304118353732,0.26327207212245796
rolling,5,ElasticNet,None,2018-02-01,3.4621947368421053,2.9156922669770955,0.5465024698650098
rolling,5,ElasticNet,None,2018-03-01,3.6392136363636367,3.0698499042170306,0.5693637321466061
rolling,5,ElasticNet,None,2018-04-01,3.934538095238095,2.9914638860050515,0.9430742092330435
rolling,5,ElasticNet,None,2018-05-01,4.20315,3.3913999185247765,0.8117500814752234
rolling,5,ElasticNet,None,2018-06-01,4.641321739130435,3.2602927648817492,1.3810289742486854
rolling,5,ElasticNet,None,2018-07-01,4.782921052631579,3.4234866908951385,1.3594343617364406
rolling,5,ElasticNet,None,2018-08-01,4.948788235294118,3.883855975811689,1.064932259482429
rolling,5,ElasticNet,None,2018-09-01,5.096627272727273,3.8746816396574912,1.2219456330697813
rolling,5,ElasticNet,None,2018-10-01,5.116333333333333,4.376707809580179,0.7396255237531548
rolling,5,ElasticNet,None,2018-11-01,5.169666666666667,4.306670430983821,0.8629962356828464
rolling,5,ElasticNet,None,2018-12-01,5.220527777777778,4.220862395460989,0.9996653823167891
rolling,5,ElasticNet,None,2019-01-01,5.035757142857143,4.087310000628061,0.9484471422290826
rolling,5,ElasticNet,None,2019-02-01,4.934044444444444,3.942801229214025,0.9912432152304191
rolling,5,ElasticNet,None,2019-03-01,4.7935,3.7546522723853233,1.0388477276146766
rolling,5,ElasticNet,None,2019-04-01,4.410036842105264,3.664174507205331,0.7458623348999325
rolling,5,ElasticNet,None,2019-05-01,4.32444761904762,3.642306475672746,0.6821411433748743
rolling,5,ElasticNet,None,2019-06-01,4.088347826086957,3.86381540478144,0.22453242130551665
rolling,5,ElasticNet,None,2019-07-01,4.01318,3.4533281322637173,0.5598518677362829
rolling,5,ElasticNet,None,2019-08-01,3.979216666666667,3.8900153323704516,0.08920133429621524
rolling,5,ElasticNet,None,2019-09-01,3.831255,3.1947679023165674,0.6364870976834327
rolling,5,ElasticNet,None,2019-10-01,3.672726315789474,2.494784120799935,1.177942194989539
rolling,5,ElasticNet,POSNEG,2016-01-01,2.525338095238096,2.1292931177654912,0.3960449774726049
rolling,5,ElasticNet,POSNEG,2016-02-01,2.51565,2.1680606034800385,0.34758939651996146
rolling,5,ElasticNet,POSNEG,2016-03-01,2.5214052631578947,2.46523521269808,0.056170050459814824
rolling,5,ElasticNet,POSNEG,2016-04-01,2.517215,2.5354595905981245,-0.018244590598124333
rolling,5,ElasticNet,POSNEG,2016-05-01,2.514826315789474,2.8348524730947458,-0.32002615730527184
rolling,5,ElasticNet,POSNEG,2016-06-01,2.5058625,2.9539877350825106,-0.44812523508251045
rolling,5,ElasticNet,POSNEG,2016-07-01,2.5015650000000003,2.5758512144322285,-0.07428621443222827
rolling,5,ElasticNet,POSNEG,2016-08-01,2.518775,2.7893059334168804,-0.27053093341688017
rolling,5,ElasticNet,POSNEG,2016-09-01,2.527788888888889,2.783914066948339,-0.25612517805945023
rolling,5,ElasticNet,POSNEG,2016-10-01,2.51759375,2.521645900787708,-0.00405215078770782
rolling,5,ElasticNet,POSNEG,2016-11-01,2.535536363636364,2.476684473344196,0.058851890292168196
rolling,5,ElasticNet,POSNEG,2016-12-01,2.5772411764705883,2.71711355928852,-0.13987238281793157
rolling,5,ElasticNet,POSNEG,2017-01-01,2.57815,2.9884578787321874,-0.41030787873218744
rolling,5,ElasticNet,POSNEG,2017-02-01,2.5543,2.6220059974530314,-0.06770599745303141
rolling,5,ElasticNet,POSNEG,2017-03-01,2.5655,2.4940552391813195,0.07144476081868056
rolling,5,ElasticNet,POSNEG,2017-04-01,2.553335294117648,2.490852812009995,0.06248248210765306
rolling,5,ElasticNet,POSNEG,2017-05-01,2.5712,1.8892771076303452,0.681922892369655
rolling,5,ElasticNet,POSNEG,2017-06-01,2.65784,2.122326312477045,0.5355136875229554
rolling,5,ElasticNet,POSNEG,2017-07-01,2.69046,2.073603482334343,0.6168565176656569
rolling,5,ElasticNet,POSNEG,2017-08-01,3.0855473684210524,1.844163115758032,1.2413842526630203
rolling,5,ElasticNet,POSNEG,2017-09-01,3.0982380952380955,2.281796513231407,0.8164415820066884
rolling,5,ElasticNet,POSNEG,2017-10-01,3.075673684210526,2.410449508685696,0.66522417552483
rolling,5,ElasticNet,POSNEG,2017-11-01,3.065655,2.8041759168167584,0.26147908318324165
rolling,5,ElasticNet,POSNEG,2017-12-01,3.15159,2.824008224550411,0.32758177544958933
rolling,5,ElasticNet,POSNEG,2018-01-01,3.30657619047619,3.0526813130902943,0.2538948773858958
rolling,5,ElasticNet,POSNEG,2018-02-01,3.4621947368421053,2.9099942233859997,0.5522005134561057
rolling,5,ElasticNet,POSNEG,2018-03-01,3.6392136363636367,3.0656299921671795,0.5735836441964572
rolling,5,ElasticNet,POSNEG,2018-04-01,3.934538095238095,3.020851485942175,0.9136866092959202
rolling,5,ElasticNet,POSNEG,2018-05-01,4.20315,3.373642137110707,0.8295078628892929
rolling,5,ElasticNet,POSNEG,2018-06-01,4.641321739130435,3.2608949531714853,1.3804267859589494
rolling,5,ElasticNet,POSNEG,2018-07-01,4.782921052631579,3.422334395695438,1.3605866569361411
rolling,5,ElasticNet,POSNEG,2018-08-01,4.948788235294118,3.879987451486941,1.068800783807177
rolling,5,ElasticNet,POSNEG,2018-09-01,5.096627272727273,3.838509522712204,1.2581177500150686
rolling,5,ElasticNet,POSNEG,2018-10-01,5.116333333333333,4.610279838227526,0.5060534951058075
rolling,5,ElasticNet,POSNEG,2018-11-01,5.169666666666667,4.5095718274100145,0.6600948392566526
rolling,5,ElasticNet,POSNEG,2018-12-01,5.220527777777778,4.373762174399857,0.8467656033779205
rolling,5,ElasticNet,POSNEG,2019-01-01,5.035757142857143,4.032295136095448,1.003462006761695
rolling,5,ElasticNet,POSNEG,2019-02-01,4.934044444444444,3.354545811302995,1.5794986331414491
rolling,5,ElasticNet,POSNEG,2019-03-01,4.7935,3.9475430439634613,0.8459569560365385
rolling,5,ElasticNet,POSNEG,2019-04-01,4.410036842105264,3.8928527059662663,0.5171841361389973
rolling,5,ElasticNet,POSNEG,2019-05-01,4.32444761904762,3.764757345621905,0.5596902734257156
rolling,5,ElasticNet,POSNEG,2019-06-01,4.088347826086957,3.8459670762638782,0.24238074982307856
rolling,5,ElasticNet,POSNEG,2019-07-01,4.01318,3.4191863091925634,0.5939936908074368
rolling,5,ElasticNet,POSNEG,2019-08-01,3.979216666666667,3.90178848681507,0.077428179851597
rolling,5,ElasticNet,POSNEG,2019-09-01,3.831255,3.3557078100058657,0.47554718999413437
rolling,5,ElasticNet,POSNEG,2019-10-01,3.672726315789474,2.54539122072827,1.1273350950612042
rolling,5,ElasticNet,ToneMean,2016-01-01,2.525338095238096,2.0173934557079587,0.5079446395301375
rolling,5,ElasticNet,ToneMean,2016-02-01,2.51565,2.165905132191953,0.34974486780804703
rolling,5,ElasticNet,ToneMean,2016-03-01,2.5214052631578947,2.438397898005995,0.08300736515189966
rolling,5,ElasticNet,ToneMean,2016-04-01,2.517215,2.5591389023877293,-0.04192390238772914
rolling,5,ElasticNet,ToneMean,2016-05-01,2.514826315789474,2.8159479898181887,-0.3011216740287148
rolling,5,ElasticNet,ToneMean,2016-06-01,2.5058625,2.9977487218655745,-0.4918862218655744
rolling,5,ElasticNet,ToneMean,2016-07-01,2.5015650000000003,2.581905583533368,-0.08034058353336793
rolling,5,ElasticNet,ToneMean,2016-08-01,2.518775,2.702316764014596,-0.183541764014596
rolling,5,ElasticNet,ToneMean,2016-09-01,2.527788888888889,2.7213085006266655,-0.19351961173777665
rolling,5,ElasticNet,ToneMean,2016-10-01,2.51759375,2.429697163392595,0.08789658660740507
rolling,5,ElasticNet,ToneMean,2016-11-01,2.535536363636364,2.4577479131906554,0.0777884504457087
rolling,5,ElasticNet,ToneMean,2016-12-01,2.5772411764705883,2.782117742413278,-0.20487656594268966
rolling,5,ElasticNet,ToneMean,2017-01-01,2.57815,2.9238049178643095,-0.3456549178643096
rolling,5,ElasticNet,ToneMean,2017-02-01,2.5543,2.5965595979962104,-0.042259597996210374
rolling,5,ElasticNet,ToneMean,2017-03-01,2.5655,2.4926762225748567,0.07282377742514345
rolling,5,ElasticNet,ToneMean,2017-04-01,2.553335294117648,2.495610421918734,0.05772487219891431
rolling,5,ElasticNet,ToneMean,2017-05-01,2.5712,1.8915981176803702,0.6796018823196299
rolling,5,ElasticNet,ToneMean,2017-06-01,2.65784,2.1223287327527203,0.5355112672472799
rolling,5,ElasticNet,ToneMean,2017-07-01,2.69046,2.0748543049671815,0.6156056950328184
rolling,5,ElasticNet,ToneMean,2017-08-01,3.0855473684210524,1.8493118177509016,1.2362355506701508
rolling,5,ElasticNet,ToneMean,2017-09-01,3.0982380952380955,2.3026936673687466,0.7955444278693489
rolling,5,ElasticNet,ToneMean,2017-10-01,3.075673684210526,2.4273639801106914,0.6483097040998347
rolling,5,ElasticNet,ToneMean,2017-11-01,3.065655,2.8124730878269064,0.2531819121730936
rolling,5,ElasticNet,ToneMean,2017-12-01,3.15159,2.81997596200522,0.3316140379947803
rolling,5,ElasticNet,ToneMean,2018-01-01,3.30657619047619,3.0600111490325173,0.24656504144367286
rolling,5,ElasticNet,ToneMean,2018-02-01,3.4621947368421053,2.9156920912500497,0.5465026455920556
rolling,5,ElasticNet,ToneMean,2018-03-01,3.6392136363636367,3.0661396188298693,0.5730740175337674
rolling,5,ElasticNet,ToneMean,2018-04-01,3.934538095238095,3.0134643023853505,0.9210737928527446
rolling,5,ElasticNet,ToneMean,2018-05-01,4.20315,3.3818682298820413,0.8212817701179587
rolling,5,ElasticNet,ToneMean,2018-06-01,4.641321739130435,3.2695302289751225,1.3717915101553122
rolling,5,ElasticNet,ToneMean,2018-07-01,4.782921052631579,3.4327789840531535,1.3501420685784256
rolling,5,ElasticNet,ToneMean,2018-08-01,4.948788235294118,3.868541014489087,1.080247220805031
rolling,5,ElasticNet,ToneMean,2018-09-01,5.096627272727273,3.82880561118299,1.2678216615442826
rolling,5,ElasticNet,ToneMean,2018-10-01,5.116333333333333,4.554412929437395,0.5619204038959387
rolling,5,ElasticNet,ToneMean,2018-11-01,5.169666666666667,4.520893959398049,0.648772707268618
rolling,5,ElasticNet,ToneMean,2018-12-01,5.220527777777778,4.321197156659962,0.8993306211178158
rolling,5,ElasticNet,ToneMean,2019-01-01,5.035757142857143,3.9500331321538478,1.0857240107032955
rolling,5,ElasticNet,ToneMean,2019-02-01,4.934044444444444,3.741139742807884,1.19290470163656
rolling,5,ElasticNet,ToneMean,2019-03-01,4.7935,3.9568636186272084,0.8366363813727915
rolling,5,ElasticNet,ToneMean,2019-04-01,4.410036842105264,3.9394804690853436,0.47055637301992004
rolling,5,ElasticNet,ToneMean,2019-05-01,4.32444761904762,3.719162235832628,0.6052853832149925
rolling,5,ElasticNet,ToneMean,2019-06-01,4.088347826086957,3.817428328722731,0.27091949736422594
rolling,5,ElasticNet,ToneMean,2019-07-01,4.01318,3.4399112053246483,0.5732687946753519
rolling,5,ElasticNet,ToneMean,2019-08-01,3.979216666666667,3.8477292084009336,0.13148745826573327
rolling,5,ElasticNet,ToneMean,2019-09-01,3.831255,3.3984855997105807,0.43276940028941935
rolling,5,ElasticNet,ToneMean,2019-10-01,3.672726315789474,2.5733485458877343,1.0993777699017397
rolling,5,Lasso,NEG,2016-01-01,2.525338095238096,1.977006753404551,0.5483313418335451
rolling,5,Lasso,NEG,2016-02-01,2.51565,2.1304745791831268,0.38517542081687317
rolling,5,Lasso,NEG,2016-03-01,2.5214052631578947,2.445558701633681,0.07584656152421365
rolling,5,Lasso,NEG,2016-04-01,2.517215,2.529784472730788,-0.0125694727307879
rolling,5,Lasso,NEG,2016-05-01,2.514826315789474,2.7497038397107136,-0.23487752392123973
rolling,5,Lasso,NEG,2016-06-01,2.5058625,2.977181497134392,-0.47131899713439207
rolling,5,Lasso,NEG,2016-07-01,2.5015650000000003,2.572626403947999,-0.07106140394799887
rolling,5,Lasso,NEG,2016-08-01,2.518775,2.7007274390113674,-0.18195243901136715
rolling,5,Lasso,NEG,2016-09-01,2.527788888888889,2.735075201663714,-0.207286312774825
rolling,5,Lasso,NEG,2016-10-01,2.51759375,2.4465936093240113,0.07100014067598881
rolling,5,Lasso,NEG,2016-11-01,2.535536363636364,2.472377408824681,0.0631589548116831
rolling,5,Lasso,NEG,2016-12-01,2.5772411764705883,2.732303201710527,-0.15506202523993862
rolling,5,Lasso,NEG,2017-01-01,2.57815,2.9198947899089855,-0.3417447899089856
rolling,5,Lasso,NEG,2017-02-01,2.5543,2.6044795735951793,-0.05017957359517933
rolling,5,Lasso,NEG,2017-03-01,2.5655,2.4877472448022675,0.07775275519773261
rolling,5,Lasso,NEG,2017-04-01,2.553335294117648,2.4918332377279127,0.06150205638973549
rolling,5,Lasso,NEG,2017-05-01,2.5712,1.9048404825627239,0.6663595174372763
rolling,5,Lasso,NEG,2017-06-01,2.65784,2.1214070761127424,0.5364329238872578
rolling,5,Lasso,NEG,2017-07-01,2.69046,2.0990917832110023,0.5913682167889975
rolling,5,Lasso,NEG,2017-08-01,3.0855473684210524,1.8743793797803812,1.2111679886406712
rolling,5,Lasso,NEG,2017-09-01,3.0982380952380955,2.2898519389922227,0.8083861562458727
rolling,5,Lasso,NEG,2017-10-01,3.075673684210526,2.4104995218563197,0.6651741623542065
rolling,5,Lasso,NEG,2017-11-01,3.065655,2.744454816401304,0.32120018359869595
rolling,5,Lasso,NEG,2017-12-01,3.15159,2.80699779606593,0.3445922039340701
rolling,5,Lasso,NEG,2018-01-01,3.30657619047619,3.0206928405274307,0.2858833499487594
rolling,5,Lasso,NEG,2018-02-01,3.4621947368421053,2.885180538460166,0.5770141983819395
rolling,5,Lasso,NEG,2018-03-01,3.6392136363636367,3.037766958262539,0.6014466781010976
rolling,5,Lasso,NEG,2018-04-01,3.934538095238095,2.958046893943005,0.9764912012950901
rolling,5,Lasso,NEG,2018-05-01,4.20315,3.3500993502679144,0.8530506497320856
rolling,5,Lasso,NEG,2018-06-01,4.641321739130435,3.220440186761222,1.4208815523692127
rolling,5,Lasso,NEG,2018-07-01,4.782921052631579,3.3522562095648585,1.4306648430667206
rolling,5,Lasso,NEG,2018-08-01,4.948788235294118,3.8180538046667896,1.1307344306273284
rolling,5,Lasso,NEG,2018-09-01,5.096627272727273,3.7663336485399603,1.3302936241873122
rolling,5,Lasso,NEG,2018-10-01,5.116333333333333,4.353721251457944,0.762612081875389
rolling,5,Lasso,NEG,2018-11-01,5.169666666666667,4.291402871543161,0.8782637951235062
rolling,5,Lasso,NEG,2018-12-01,5.220527777777778,4.240922815392771,0.9796049623850065
rolling,5,Lasso,NEG,2019-01-01,5.035757142857143,3.977729979248365,1.0580271636087781
rolling,5,Lasso,NEG,2019-02-01,4.934044444444444,3.9617576127807035,0.9722868316637405
rolling,5,Lasso,NEG,2019-03-01,4.7935,3.7584733917753375,1.0350266082246624
rolling,5,Lasso,NEG,2019-04-01,4.410036842105264,3.6970441609459055,0.7129926811593581
rolling,5,Lasso,NEG,2019-05-01,4.32444761904762,3.6417826744357638,0.6826649446118567
rolling,5,Lasso,NEG,2019-06-01,4.088347826086957,3.8252732725513363,0.2630745535356205
rolling,5,Lasso,NEG,2019-07-01,4.01318,3.4362015486149637,0.5769784513850365
rolling,5,Lasso,NEG,2019-08-01,3.979216666666667,3.824963637206869,0.1542530294597979
rolling,5,Lasso,NEG,2019-09-01,3.831255,3.225064490435646,0.606190509564354
rolling,5,Lasso,NEG,2019-10-01,3.672726315789474,2.4991611373345286,1.1735651784549455
rolling,5,Lasso,None,2016-01-01,2.525338095238096,1.9770066544734948,0.5483314407646014
rolling,5,Lasso,None,2016-02-01,2.51565,2.130474002754611,0.38517599724538876
rolling,5,Lasso,None,2016-03-01,2.5214052631578947,2.445555902141273,0.07584936101662176
rolling,5,Lasso,None,2016-04-01,2.517215,2.5297853890765474,-0.012570389076547173
rolling,5,Lasso,None,2016-05-01,2.514826315789474,2.7497068333013996,-0.23488051751192573
rolling,5,Lasso,None,2016-06-01,2.5058625,2.9771655258053924,-0.4713030258053923
rolling,5,Lasso,None,2016-07-01,2.5015650000000003,2.571893485667191,-0.07032848566719085
rolling,5,Lasso,None,2016-08-01,2.518775,2.6941838099910513,-0.17540880999105113
rolling,5,Lasso,None,2016-09-01,2.527788888888889,2.722539078711853,-0.194750189822964
rolling,5,Lasso,None,2016-10-01,2.51759375,2.4305272765254973,0.0870664734745028
rolling,5,Lasso,None,2016-11-01,2.535536363636364,2.462414095702634,0.07312226793373
rolling,5,Lasso,None,2016-12-01,2.5772411764705883,2.76131430841147,-0.18407313194088193
rolling,5,Lasso,None,2017-01-01,2.57815,2.918795217729294,-0.340645217729294
rolling,5,Lasso,None,2017-02-01,2.5543,2.604478811943429,-0.05017881194342877
rolling,5,Lasso,None,2017-03-01,2.5655,2.487748544169297,0.07775145583070309
rolling,5,Lasso,None,2017-04-01,2.553335294117648,2.491834038670362,0.06150125544728624
rolling,5,Lasso,None,2017-05-01,2.5712,1.9048405631052039,0.6663594368947963
rolling,5,Lasso,None,2017-06-01,2.65784,2.121407763084772,0.5364322369152283
rolling,5,Lasso,None,2017-07-01,2.69046,2.099091201919564,0.5913687980804356
rolling,5,Lasso,None,2017-08-01,3.0855473684210524,1.8720678893106784,1.213479479110374
rolling,5,Lasso,None,2017-09-01,3.0982380952380955,2.275992416855475,0.8222456783826204
rolling,5,Lasso,None,2017-10-01,3.075673684210526,2.404998750269905,0.6706749339406213
rolling,5,Lasso,None,2017-11-01,3.065655,2.73220915677464,0.33344584322536
rolling,5,Lasso,None,2017-12-01,3.15159,2.7985441011274013,0.35304589887259885
rolling,5,Lasso,None,2018-01-01,3.30657619047619,3.020692778424401,0.28588341205178924
rolling,5,Lasso,None,2018-02-01,3.4621947368421053,2.885180002151055,0.5770147346910504
rolling,5,Lasso,None,2018-03-01,3.6392136363636367,3.0368006252974724,0.6024130110661643
rolling,5,Lasso,None,2018-04-01,3.934538095238095,2.958046893943005,0.9764912012950901
rolling,5,Lasso,None,2018-05-01,4.20315,3.3500993502679144,0.8530506497320856
rolling,5,Lasso,None,2018-06-01,4.641321739130435,3.220444209282647,1.4208775298477878
rolling,5,Lasso,None,2018-07-01,4.782921052631579,3.365683150417172,1.4172379022144073
rolling,5,Lasso,None,2018-08-01,4.948788235294118,3.8357522488450133,1.1130359864491046
rolling,5,Lasso,None,2018-09-01,5.096627272727273,3.826683221734534,1.2699440509927387
rolling,5,Lasso,None,2018-10-01,5.116333333333333,4.354469218228178,0.7618641151051557
rolling,5,Lasso,None,2018-11-01,5.169666666666667,4.300525073172939,0.8691415934937279
rolling,5,Lasso,None,2018-12-01,5.220527777777778,4.19869714642036,1.0218306313574175
rolling,5,Lasso,None,2019-01-01,5.035757142857143,4.067061837156157,0.9686953057009866
rolling,5,Lasso,None,2019-02-01,4.934044444444444,3.930528750197272,1.003515694247172
rolling,5,Lasso,None,2019-03-01,4.7935,3.753011362037921,1.040488637962079
rolling,5,Lasso,None,2019-04-01,4.410036842105264,3.669391769336743,0.7406450727685208
rolling,5,Lasso,None,2019-05-01,4.32444761904762,3.63853191917261,0.6859156998750104
rolling,5,Lasso,None,2019-06-01,4.088347826086957,3.8404228776529163,0.24792494843404045
rolling,5,Lasso,None,2019-07-01,4.01318,3.4317079912988566,0.5814720087011436
rolling,5,Lasso,None,2019-08-01,3.979216666666667,3.8445236517349075,0.13469301493175934
rolling,5,Lasso,None,2019-09-01,3.831255,3.172512678781908,0.6587423212180923
rolling,5,Lasso,None,2019-10-01,3.672726315789474,2.489800045979292,1.182926269810182
rolling,5,Lasso,POSNEG,2016-01-01,2.525338095238096,2.1083085137780655,0.41702958146003066
rolling,5,Lasso,POSNEG,2016-02-01,2.51565,2.158169617639378,0.3574803823606221
rolling,5,Lasso,POSNEG,2016-03-01,2.5214052631578947,2.4534562681973835,0.06794899496051121
rolling,5,Lasso,POSNEG,2016-04-01,2.517215,2.5256305525968274,-0.008415552596827247
rolling,5,Lasso,POSNEG,2016-05-01,2.514826315789474,2.8118713903105914,-0.2970450745211175
rolling,5,Lasso,POSNEG,2016-06-01,2.5058625,2.9428653853566846,-0.4370028853566845
rolling,5,Lasso,POSNEG,2016-07-01,2.5015650000000003,2.5603588987787234,-0.0587938987787231
rolling,5,Lasso,POSNEG,2016-08-01,2.518775,2.77251984107005,-0.2537448410700498
rolling,5,Lasso,POSNEG,2016-09-01,2.527788888888889,2.7686190518329683,-0.24083016294407944
rolling,5,Lasso,POSNEG,2016-10-01,2.51759375,2.501630584117669,0.015963165882331154
rolling,5,Lasso,POSNEG,2016-11-01,2.535536363636364,2.4771068089753,0.05842955466106403
rolling,5,Lasso,POSNEG,2016-12-01,2.5772411764705883,2.7192250126891566,-0.14198383621856836
rolling,5,Lasso,POSNEG,2017-01-01,2.57815,2.960323934081294,-0.38217393408129396
rolling,5,Lasso,POSNEG,2017-02-01,2.5543,2.6108444908076764,-0.05654449080767643
rolling,5,Lasso,POSNEG,2017-03-01,2.5655,2.4890204194338734,0.07647958056612669
rolling,5,Lasso,POSNEG,2017-04-01,2.553335294117648,2.4918319394892485,0.06150335462839962
rolling,5,Lasso,POSNEG,2017-05-01,2.5712,1.9048405179896175,0.6663594820103826
rolling,5,Lasso,POSNEG,2017-06-01,2.65784,2.121407303923536,0.536432696076464
rolling,5,Lasso,POSNEG,2017-07-01,2.69046,2.0990911122635665,0.5913688877364334
rolling,5,Lasso,POSNEG,2017-08-01,3.0855473684210524,1.8774402986551446,1.2081070697659078
rolling,5,Lasso,POSNEG,2017-09-01,3.0982380952380955,2.2690386066130497,0.8291994886250458
rolling,5,Lasso,POSNEG,2017-10-01,3.075673684210526,2.419320524046233,0.6563531601642931
rolling,5,Lasso,POSNEG,2017-11-01,3.065655,2.77354346444285,0.29211153555714997
rolling,5,Lasso,POSNEG,2017-12-01,3.15159,2.807407689838801,0.34418231016119893
rolling,5,Lasso,POSNEG,2018-01-01,3.30657619047619,3.022813871877365,0.28376231859882495
rolling,5,Lasso,POSNEG,2018-02-01,3.4621947368421053,2.8851804755864947,0.5770142612556106
rolling,5,Lasso,POSNEG,2018-03-01,3.6392136363636367,3.0322758859282746,0.6069377504353621
rolling,5,Lasso,POSNEG,2018-04-01,3.934538095238095,2.981587210778847,0.952950884459248
rolling,5,Lasso,POSNEG,2018-05-01,4.20315,3.334304642898977,0.8688453571010228
rolling,5,Lasso,POSNEG,2018-06-01,4.641321739130435,3.2252653381657406,1.416056400964694
rolling,5,Lasso,POSNEG,2018-07-01,4.782921052631579,3.365816312822873,1.417104739808706
rolling,5,Lasso,POSNEG,2018-08-01,4.948788235294118,3.834942350142436,1.1138458851516821
rolling,5,Lasso,POSNEG,2018-09-01,5.096627272727273,3.801162081441002,1.2954651912862705
rolling,5,Lasso,POSNEG,2018-10-01,5.116333333333333,4.584456449651562,0.5318768836817718
rolling,5,Lasso,POSNEG,2018-11-01,5.169666666666667,4.501868819841424,0.667797846825243
rolling,5,Lasso,POSNEG,2018-12-01,5.220527777777778,4.342493283176085,0.8780344946016925
rolling,5,Lasso,POSNEG,2019-01-01,5.035757142857143,4.025243192152064,1.0105139507050795
rolling,5,Lasso,POSNEG,2019-02-01,4.934044444444444,3.357618399913058,1.5764260445313858
rolling,5,Lasso,POSNEG,2019-03-01,4.7935,3.9399417597630606,0.8535582402369393
rolling,5,Lasso,POSNEG,2019-04-01,4.410036842105264,3.883438148673922,0.5265986934313416
rolling,5,Lasso,POSNEG,2019-05-01,4.32444761904762,3.7497191476373297,0.5747284714102907
rolling,5,Lasso,POSNEG,2019-06-01,4.088347826086957,3.8249323838174023,0.2634154422695545
rolling,5,Lasso,POSNEG,2019-07-01,4.01318,3.3983094228064332,0.614870577193567
rolling,5,Lasso,POSNEG,2019-08-01,3.979216666666667,3.890004976103249,0.08921169056341771
rolling,5,Lasso,POSNEG,2019-09-01,3.831255,3.3317929323977795,0.49946206760222056
rolling,5,Lasso,POSNEG,2019-10-01,3.672726315789474,2.5359048025088042,1.1368215132806698
rolling,5,Lasso,ToneMean,2016-01-01,2.525338095238096,2.0148444729907204,0.5104936222473757
rolling,5,Lasso,ToneMean,2016-02-01,2.51565,2.1553609834293708,0.3602890165706292
rolling,5,Lasso,ToneMean,2016-03-01,2.5214052631578947,2.4348932548956514,0.08651200826224326
rolling,5,Lasso,ToneMean,2016-04-01,2.517215,2.5428777968753344,-0.025662796875334237
rolling,5,Lasso,ToneMean,2016-05-01,2.514826315789474,2.7895305612412664,-0.2747042454517925
rolling,5,Lasso,ToneMean,2016-06-01,2.5058625,2.9756181620474518,-0.46975566204745167
rolling,5,Lasso,ToneMean,2016-07-01,2.5015650000000003,2.5664920472416455,-0.06492704724164522
rolling,5,Lasso,ToneMean,2016-08-01,2.518775,2.697295236295725,-0.178520236295725
rolling,5,Lasso,ToneMean,2016-09-01,2.527788888888889,2.7187522896908916,-0.1909634008020027
rolling,5,Lasso,ToneMean,2016-10-01,2.51759375,2.4282543751670893,0.08933937483291077
rolling,5,Lasso,ToneMean,2016-11-01,2.535536363636364,2.462422741251235,0.07311362238512897
rolling,5,Lasso,ToneMean,2016-12-01,2.5772411764705883,2.764592624101381,-0.18735144763079292
rolling,5,Lasso,ToneMean,2017-01-01,2.57815,2.9152899163438284,-0.33713991634382845
rolling,5,Lasso,ToneMean,2017-02-01,2.5543,2.6044717964146122,-0.050171796414612224
rolling,5,Lasso,ToneMean,2017-03-01,2.5655,2.487742866866159,0.07775713313384092
rolling,5,Lasso,ToneMean,2017-04-01,2.553335294117648,2.49183186726683,0.06150342685081833
rolling,5,Lasso,ToneMean,2017-05-01,2.5712,1.9048403344001628,0.6663596655998374
rolling,5,Lasso,ToneMean,2017-06-01,2.65784,2.1214069376103994,0.5364330623896008
rolling,5,Lasso,ToneMean,2017-07-01,2.69046,2.0990918739970317,0.5913681260029682
rolling,5,Lasso,ToneMean,2017-08-01,3.0855473684210524,1.883867090293218,1.2016802781278344
rolling,5,Lasso,ToneMean,2017-09-01,3.0982380952380955,2.2962926972213507,0.8019453980167448
rolling,5,Lasso,ToneMean,2017-10-01,3.075673684210526,2.4342261463336747,0.6414475378768514
rolling,5,Lasso,ToneMean,2017-11-01,3.065655,2.781011477383526,0.2846435226164741
rolling,5,Lasso,ToneMean,2017-12-01,3.15159,2.8055741778523955,0.3460158221476046
rolling,5,Lasso,ToneMean,2018-01-01,3.30657619047619,3.0295649703083978,0.27701122016779234
rolling,5,Lasso,ToneMean,2018-02-01,3.4621947368421053,2.885179998450731,0.5770147383913744
rolling,5,Lasso,ToneMean,2018-03-01,3.6392136363636367,3.0332856578338356,0.6059279785298011
rolling,5,Lasso,ToneMean,2018-04-01,3.934538095238095,2.9743783638737993,0.9601597313642958
rolling,5,Lasso,ToneMean,2018-05-01,4.20315,3.341713953067105,0.8614360469328948
rolling,5,Lasso,ToneMean,2018-06-01,4.641321739130435,3.2252792913879773,1.4160424477424574
rolling,5,Lasso,ToneMean,2018-07-01,4.782921052631579,3.3740107842343265,1.4089102683972525
rolling,5,Lasso,ToneMean,2018-08-01,4.948788235294118,3.8217616087635418,1.1270266265305762
rolling,5,Lasso,ToneMean,2018-09-01,5.096627272727273,3.782279652334374,1.3143476203928985
rolling,5,Lasso,ToneMean,2018-10-01,5.116333333333333,4.523933854084758,0.5923994792485754
rolling,5,Lasso,ToneMean,2018-11-01,5.169666666666667,4.506398859839345,0.6632678068273217
rolling,5,Lasso,ToneMean,2018-12-01,5.220527777777778,4.2951505753720145,0.9253772024057634
rolling,5,Lasso,ToneMean,2019-01-01,5.035757142857143,3.9320721988567744,1.1036849440003689
rolling,5,Lasso,ToneMean,2019-02-01,4.934044444444444,3.735995763347758,1.1980486810966862
rolling,5,Lasso,ToneMean,2019-03-01,4.7935,3.946043774545467,0.847456225454533
rolling,5,Lasso,ToneMean,2019-04-01,4.410036842105264,3.930448094360279,0.4795887477449847
rolling,5,Lasso,ToneMean,2019-05-01,4.32444761904762,3.7115032658158027,0.6129443532318177
rolling,5,Lasso,ToneMean,2019-06-01,4.088347826086957,3.8076989735130553,0.2806488525739015
rolling,5,Lasso,ToneMean,2019-07-01,4.01318,3.4183413463626975,0.5948386536373027
rolling,5,Lasso,ToneMean,2019-08-01,3.979216666666667,3.8371002907499423,0.14211637591672455
rolling,5,Lasso,ToneMean,2019-09-01,3.831255,3.376529977018658,0.454725022981342
rolling,5,Lasso,ToneMean,2019-10-01,3.672726315789474,2.5627302365305566,1.1099960792589174
rolling,5,OLS,NEG,2016-01-01,2.525338095238096,1.972625758395226,0.5527123368428701
rolling,5,OLS,NEG,2016-02-01,2.51565,2.1518537454769926,0.36379625452300735
rolling,5,OLS,NEG,2016-03-01,2.5214052631578947,2.4538332005004087,0.06757206265748605
rolling,5,OLS,NEG,2016-04-01,2.517215,2.570044028064893,-0.05282902806489265
rolling,5,OLS,NEG,2016-05-01,2.514826315789474,2.795724656150102,-0.2808983403606282
rolling,5,OLS,NEG,2016-06-01,2.5058625,3.0218601246617287,-0.5159976246617286
rolling,5,OLS,NEG,2016-07-01,2.5015650000000003,2.6015487279795417,-0.09998372797954147
rolling,5,OLS,NEG,2016-08-01,2.518775,2.7097822131598974,-0.19100721315989722
rolling,5,OLS,NEG,2016-09-01,2.527788888888889,2.7513541712167013,-0.22356528232781248
rolling,5,OLS,NEG,2016-10-01,2.51759375,2.4615827958986634,0.05601095410133672
rolling,5,OLS,NEG,2016-11-01,2.535536363636364,2.460582233083926,0.07495413055243816
rolling,5,OLS,NEG,2016-12-01,2.5772411764705883,2.722085196601813,-0.14484402013122466
rolling,5,OLS,NEG,2017-01-01,2.57815,2.9623085676347958,-0.38415856763479583
rolling,5,OLS,NEG,2017-02-01,2.5543,2.613204202268401,-0.05890420226840121
rolling,5,OLS,NEG,2017-03-01,2.5655,2.4942797655994844,0.07122023440051573
rolling,5,OLS,NEG,2017-04-01,2.553335294117648,2.4923804017836897,0.060954892333958455
rolling,5,OLS,NEG,2017-05-01,2.5712,1.842121342625255,0.7290786573747452
rolling,5,OLS,NEG,2017-06-01,2.65784,2.0993011278968265,0.5585388721031737
rolling,5,OLS,NEG,2017-07-01,2.69046,2.0224178526343404,0.6680421473656595
rolling,5,OLS,NEG,2017-08-01,3.0855473684210524,1.7659133129127533,1.319634055508299
rolling,5,OLS,NEG,2017-09-01,3.0982380952380955,2.30116769604724,0.7970703991908556
rolling,5,OLS,NEG,2017-10-01,3.075673684210526,2.3925828290176345,0.6830908551928916
rolling,5,OLS,NEG,2017-11-01,3.065655,2.8092362010268284,0.25641879897317166
rolling,5,OLS,NEG,2017-12-01,3.15159,2.854092623556889,0.29749737644311125
rolling,5,OLS,NEG,2018-01-01,3.30657619047619,3.082775038022201,0.2238011524539889
rolling,5,OLS,NEG,2018-02-01,3.4621947368421053,2.9572636168200237,0.5049311200220816
rolling,5,OLS,NEG,2018-03-01,3.6392136363636367,3.112659980243641,0.5265536561199955
rolling,5,OLS,NEG,2018-04-01,3.934538095238095,3.044162346770305,0.8903757484677901
rolling,5,OLS,NEG,2018-05-01,4.20315,3.458902474175586,0.7442475258244139
rolling,5,OLS,NEG,2018-06-01,4.641321739130435,3.311556233524613,1.3297655056058217
rolling,5,OLS,NEG,2018-07-01,4.782921052631579,3.4775770642050943,1.3053439884264848
rolling,5,OLS,NEG,2018-08-01,4.948788235294118,3.9182315086641353,1.0305567266299827
rolling,5,OLS,NEG,2018-09-01,5.096627272727273,3.8727674409364115,1.223859831790861
rolling,5,OLS,NEG,2018-10-01,5.116333333333333,4.427160603292082,0.6891727300412516
rolling,5,OLS,NEG,2018-11-01,5.169666666666667,4.321756788171782,0.8479098784948853
rolling,5,OLS,NEG,2018-12-01,5.220527777777778,4.338157181113877,0.8823705966639013
rolling,5,OLS,NEG,2019-01-01,5.035757142857143,4.0308832763559055,1.0048738665012378
rolling,5,OLS,NEG,2019-02-01,4.934044444444444,4.039749845601756,0.8942945988426878
rolling,5,OLS,NEG,2019-03-01,4.7935,3.7871404647740303,1.0063595352259695
rolling,5,OLS,NEG,2019-04-01,4.410036842105264,3.716100109973431,0.6939367321318324
rolling,5,OLS,NEG,2019-05-01,4.32444761904762,3.6417031992952626,0.6827444197523578
rolling,5,OLS,NEG,2019-06-01,4.088347826086957,3.882742568935517,0.20560525715143996
rolling,5,OLS,NEG,2019-07-01,4.01318,3.4850209012649294,0.5281590987350708
rolling,5,OLS,NEG,2019-08-01,3.979216666666667,3.9307726090267376,0.048444057639929206
rolling,5,OLS,NEG,2019-09-01,3.831255,3.26207377132142,0.56918122867858
rolling,5,OLS,NEG,2019-10-01,3.672726315789474,2.493776224838779,1.178950090950695
rolling,5,OLS,None,2016-01-01,2.525338095238096,1.9722949427137308,0.5530431525243653
rolling,5,OLS,None,2016-02-01,2.51565,2.149492477919442,0.36615752208055774
rolling,5,OLS,None,2016-03-01,2.5214052631578947,2.4573490747540836,0.06405618840381111
rolling,5,OLS,None,2016-04-01,2.517215,2.564970527494258,-0.0477555274942576
rolling,5,OLS,None,2016-05-01,2.514826315789474,2.8030215993360534,-0.28819528354657953
rolling,5,OLS,None,2016-06-01,2.5058625,3.030465780268602,-0.524603280268602
rolling,5,OLS,None,2016-07-01,2.5015650000000003,2.598661556435343,-0.09709655643534276
rolling,5,OLS,None,2016-08-01,2.518775,2.6958835554614673,-0.1771085554614671
rolling,5,OLS,None,2016-09-01,2.527788888888889,2.7238299846572773,-0.19604109576838846
rolling,5,OLS,None,2016-10-01,2.51759375,2.424713984824798,0.09287976517520224
rolling,5,OLS,None,2016-11-01,2.535536363636364,2.4442144000438666,0.09132196359249756
rolling,5,OLS,None,2016-12-01,2.5772411764705883,2.782589521407615,-0.2053483449370268
rolling,5,OLS,None,2017-01-01,2.57815,2.935639870957115,-0.35748987095711504
rolling,5,OLS,None,2017-02-01,2.5543,2.598709032584477,-0.044409032584476815
rolling,5,OLS,None,2017-03-01,2.5655,2.4985771471135,0.06692285288650002
rolling,5,OLS,None,2017-04-01,2.553335294117648,2.5057219373375843,0.04761335678006384
rolling,5,OLS,None,2017-05-01,2.5712,1.8505990564855945,0.7206009435144056
rolling,5,OLS,None,2017-06-01,2.65784,2.1001041084886065,0.5577358915113937
rolling,5,OLS,None,2017-07-01,2.69046,2.0178933060051687,0.6725666939948312
rolling,5,OLS,None,2017-08-01,3.0855473684210524,1.7589748466923982,1.3265725217286541
rolling,5,OLS,None,2017-09-01,3.0982380952380955,2.2731347707813176,0.8251033244567778
rolling,5,OLS,None,2017-10-01,3.075673684210526,2.3829043089183033,0.6927693752922228
rolling,5,OLS,None,2017-11-01,3.065655,2.788667374709605,0.2769876252903951
rolling,5,OLS,None,2017-12-01,3.15159,2.8401627142695776,0.31142728573042255
rolling,5,OLS,None,2018-01-01,3.30657619047619,3.072951183174633,0.2336250073015571
rolling,5,OLS,None,2018-02-01,3.4621947368421053,2.9514169879788716,0.5107777488632337
rolling,5,OLS,None,2018-03-01,3.6392136363636367,3.1111101528571448,0.5281034835064919
rolling,5,OLS,None,2018-04-01,3.934538095238095,3.0367377121983075,0.8978003830397876
rolling,5,OLS,None,2018-05-01,4.20315,3.4611133816409403,0.7420366183590597
rolling,5,OLS,None,2018-06-01,4.641321739130435,3.3150847684828295,1.3262369706476052
rolling,5,OLS,None,2018-07-01,4.782921052631579,3.495723144642445,1.287197907989134
rolling,5,OLS,None,2018-08-01,4.948788235294118,3.953118928249417,0.9956693070447011
rolling,5,OLS,None,2018-09-01,5.096627272727273,3.954730115102903,1.1418971576243697
rolling,5,OLS,None,2018-10-01,5.116333333333333,4.428319627752304,0.6880137055810298
rolling,5,OLS,None,2018-11-01,5.169666666666667,4.334902579461167,0.8347640872055004
rolling,5,OLS,None,2018-12-01,5.220527777777778,4.277228805518639,0.9432989722591385
rolling,5,OLS,None,2019-01-01,5.035757142857143,4.149169771951676,0.8865873709054677
rolling,5,OLS,None,2019-02-01,4.934044444444444,3.976472149269608,0.957572295174836
rolling,5,OLS,None,2019-03-01,4.7935,3.7788092886058067,1.0146907113941932
rolling,5,OLS,None,2019-04-01,4.410036842105264,3.6703770294543574,0.7396598126509062
rolling,5,OLS,None,2019-05-01,4.32444761904762,3.6622279117860224,0.6622197072615981
rolling,5,OLS,None,2019-06-01,4.088347826086957,3.9014257526776888,0.18692207340926803
rolling,5,OLS,None,2019-07-01,4.01318,3.479241467655147,0.5339385323448531
rolling,5,OLS,None,2019-08-01,3.979216666666667,3.9992383147731516,-0.02002164810648477
rolling,5,OLS,None,2019-09-01,3.831255,3.2175173066500875,0.6137376933499126
rolling,5,OLS,None,2019-10-01,3.672726315789474,2.4825075462994475,1.1902187694900266
rolling,5,OLS,POSNEG,2016-01-01,2.525338095238096,2.1444344191443845,0.3809036760937117
rolling,5,OLS,POSNEG,2016-02-01,2.51565,2.177969236329588,0.337680763670412
rolling,5,OLS,POSNEG,2016-03-01,2.5214052631578947,2.478809406943443,0.04259585621445172
rolling,5,OLS,POSNEG,2016-04-01,2.517215,2.550612742591901,-0.03339774259190076
rolling,5,OLS,POSNEG,2016-05-01,2.514826315789474,2.8638202861098723,-0.34899397032039836
rolling,5,OLS,POSNEG,2016-06-01,2.5058625,2.975492127968496,-0.4696296279684957
rolling,5,OLS,POSNEG,2016-07-01,2.5015650000000003,2.5862062430776023,-0.08464124307760201
rolling,5,OLS,POSNEG,2016-08-01,2.518775,2.797723218091751,-0.27894821809175063
rolling,5,OLS,POSNEG,2016-09-01,2.527788888888889,2.7931741599907953,-0.26538527110190646
rolling,5,OLS,POSNEG,2016-10-01,2.51759375,2.5314391801245693,-0.01384543012456918
rolling,5,OLS,POSNEG,2016-11-01,2.535536363636364,2.4666726793799523,0.06886368425641187
rolling,5,OLS,POSNEG,2016-12-01,2.5772411764705883,2.7047513502558145,-0.12751017378522622
rolling,5,OLS,POSNEG,2017-01-01,2.57815,3.016020799942044,-0.4378707999420439
rolling,5,OLS,POSNEG,2017-02-01,2.5543,2.644983723270075,-0.09068372327007479
rolling,5,OLS,POSNEG,2017-03-01,2.5655,2.4985417391095988,0.06695826089040136
rolling,5,OLS,POSNEG,2017-04-01,2.553335294117648,2.4927681796614376,0.06056711445621055
rolling,5,OLS,POSNEG,2017-05-01,2.5712,1.8395895952602763,0.7316104047397238
rolling,5,OLS,POSNEG,2017-06-01,2.65784,2.0991071495865965,0.5587328504134037
rolling,5,OLS,POSNEG,2017-07-01,2.69046,2.0239566431471565,0.6665033568528433
rolling,5,OLS,POSNEG,2017-08-01,3.0855473684210524,1.7707802460415962,1.3147671223794561
rolling,5,OLS,POSNEG,2017-09-01,3.0982380952380955,2.2723846127723704,0.8258534824657251
rolling,5,OLS,POSNEG,2017-10-01,3.075673684210526,2.4055359485676036,0.6701377356429226
rolling,5,OLS,POSNEG,2017-11-01,3.065655,2.8559466444704005,0.20970835552959954
rolling,5,OLS,POSNEG,2017-12-01,3.15159,2.8569087192713445,0.2946812807286556
rolling,5,OLS,POSNEG,2018-01-01,3.30657619047619,3.0912159858010515,0.2153602046751386
rolling,5,OLS,POSNEG,2018-02-01,3.4621947368421053,2.9335612211204345,0.5286335157216708
rolling,5,OLS,POSNEG,2018-03-01,3.6392136363636367,3.1070679794038223,0.5321456569598144
rolling,5,OLS,POSNEG,2018-04-01,3.934538095238095,3.070004799139025,0.8645332960990699
rolling,5,OLS,POSNEG,2018-05-01,4.20315,3.435161775340044,0.7679882246599559
rolling,5,OLS,POSNEG,2018-06-01,4.641321739130435,3.3060582005848365,1.3352635385455982
rolling,5,OLS,POSNEG,2018-07-01,4.782921052631579,3.49049892752927,1.2924221251023091
rolling,5,OLS,POSNEG,2018-08-01,4.948788235294118,3.9397963772670055,1.0089918580271124
rolling,5,OLS,POSNEG,2018-09-01,5.096627272727273,3.9064977944604276,1.190129478266845
rolling,5,OLS,POSNEG,2018-10-01,5.116333333333333,4.659475235644736,0.4568580976885972
rolling,5,OLS,POSNEG,2018-11-01,5.169666666666667,4.53284467537115,0.6368219912955171
rolling,5,OLS,POSNEG,2018-12-01,5.220527777777778,4.438749425109514,0.7817783526682636
rolling,5,OLS,POSNEG,2019-01-01,5.035757142857143,4.078181664438165,0.9575754784189785
rolling,5,OLS,POSNEG,2019-02-01,4.934044444444444,3.3770071792558545,1.5570372651885895
rolling,5,OLS,POSNEG,2019-03-01,4.7935,3.9766418327033684,0.8168581672966315
rolling,5,OLS,POSNEG,2019-04-01,4.410036842105264,3.9102369753144046,0.49979986679085897
rolling,5,OLS,POSNEG,2019-05-01,4.32444761904762,3.7929039950337047,0.5315436240139157
rolling,5,OLS,POSNEG,2019-06-01,4.088347826086957,3.882338829762361,0.2060089963245959
rolling,5,OLS,POSNEG,2019-07-01,4.01318,3.444795017735757,0.5683849822642433
rolling,5,OLS,POSNEG,2019-08-01,3.979216666666667,3.955067929282557,0.024148737384110053
rolling,5,OLS,POSNEG,2019-09-01,3.831255,3.3691544329761536,0.4621005670238465
rolling,5,OLS,POSNEG,2019-10-01,3.672726315789474,2.532754917466467,1.139971398323007
rolling,5,OLS,ToneMean,2016-01-01,2.525338095238096,2.0142483764025165,0.5110897188355796
rolling,5,OLS,ToneMean,2016-02-01,2.51565,2.176646346043838,0.33900365395616205
rolling,5,OLS,ToneMean,2016-03-01,2.5214052631578947,2.4480782510927748,0.07332701206511993
rolling,5,OLS,ToneMean,2016-04-01,2.517215,2.5800526529161383,-0.06283765291613808
rolling,5,OLS,ToneMean,2016-05-01,2.514826315789474,2.849007708886299,-0.33418139309682493
rolling,5,OLS,ToneMean,2016-06-01,2.5058625,3.029298123413662,-0.5234356234136617
rolling,5,OLS,ToneMean,2016-07-01,2.5015650000000003,2.5924950887858538,-0.09093008878585351
rolling,5,OLS,ToneMean,2016-08-01,2.518775,2.699633658869226,-0.18085865886922559
rolling,5,OLS,ToneMean,2016-09-01,2.527788888888889,2.71893963595683,-0.19115074706794122
rolling,5,OLS,ToneMean,2016-10-01,2.51759375,2.421697579341381,0.095896170658619
rolling,5,OLS,ToneMean,2016-11-01,2.535536363636364,2.4438313364325817,0.09170502720378249
rolling,5,OLS,ToneMean,2016-12-01,2.5772411764705883,2.7897125534714236,-0.2124713770008353
rolling,5,OLS,ToneMean,2017-01-01,2.57815,2.931885048718508,-0.35373504871850825
rolling,5,OLS,ToneMean,2017-02-01,2.5543,2.598612781181483,-0.044312781181483185
rolling,5,OLS,ToneMean,2017-03-01,2.5655,2.495755822396146,0.06974417760385432
rolling,5,OLS,ToneMean,2017-04-01,2.553335294117648,2.5033087559638085,0.05002653815383962
rolling,5,OLS,ToneMean,2017-05-01,2.5712,1.8474717024961762,0.723728297503824
rolling,5,OLS,ToneMean,2017-06-01,2.65784,2.101291455600996,0.5565485443990044
rolling,5,OLS,ToneMean,2017-07-01,2.69046,2.0261603127382672,0.6642996872617326
rolling,5,OLS,ToneMean,2017-08-01,3.0855473684210524,1.7759727626226174,1.309574605798435
rolling,5,OLS,ToneMean,2017-09-01,3.0982380952380955,2.293819277221471,0.8044188180166243
rolling,5,OLS,ToneMean,2017-10-01,3.075673684210526,2.4244280897200925,0.6512455944904336
rolling,5,OLS,ToneMean,2017-11-01,3.065655,2.8644098472243398,0.20124515277566024
rolling,5,OLS,ToneMean,2017-12-01,3.15159,2.850423532026096,0.3011664679739039
rolling,5,OLS,ToneMean,2018-01-01,3.30657619047619,3.0981872651345626,0.20838892534162756
rolling,5,OLS,ToneMean,2018-02-01,3.4621947368421053,2.9433194240007325,0.5188753128413728
rolling,5,OLS,ToneMean,2018-03-01,3.6392136363636367,3.1067120572441,0.5325015791195367
rolling,5,OLS,ToneMean,2018-04-01,3.934538095238095,3.0635890513873876,0.8709490438507075
rolling,5,OLS,ToneMean,2018-05-01,4.20315,3.4412392637886593,0.7619107362113406
rolling,5,OLS,ToneMean,2018-06-01,4.641321739130435,3.3264034574814048,1.31491828164903
rolling,5,OLS,ToneMean,2018-07-01,4.782921052631579,3.5053941353609197,1.2775269172706594
rolling,5,OLS,ToneMean,2018-08-01,4.948788235294118,3.936584049627317,1.0122041856668011
rolling,5,OLS,ToneMean,2018-09-01,5.096627272727273,3.9063762073004273,1.1902510654268452
rolling,5,OLS,ToneMean,2018-10-01,5.116333333333333,4.613315526097145,0.5030178072361888
rolling,5,OLS,ToneMean,2018-11-01,5.169666666666667,4.55529603733682,0.614370629329847
rolling,5,OLS,ToneMean,2018-12-01,5.220527777777778,4.379447649297166,0.8410801284806118
rolling,5,OLS,ToneMean,2019-01-01,5.035757142857143,4.007028230176485,1.0287289126806582
rolling,5,OLS,ToneMean,2019-02-01,4.934044444444444,3.7687855116295204,1.1652589328149237
rolling,5,OLS,ToneMean,2019-03-01,4.7935,3.990819355838126,0.8026806441618737
rolling,5,OLS,ToneMean,2019-04-01,4.410036842105264,3.9568406380609993,0.4531962040442643
rolling,5,OLS,ToneMean,2019-05-01,4.32444761904762,3.7392030958888456,0.5852445231587748
rolling,5,OLS,ToneMean,2019-06-01,4.088347826086957,3.8512553504205123,0.23709247566644454
rolling,5,OLS,ToneMean,2019-07-01,4.01318,3.4652008663015583,0.5479791336984419
rolling,5,OLS,ToneMean,2019-08-01,3.979216666666667,3.9000524937304197,0.07916417293624711
rolling,5,OLS,ToneMean,2019-09-01,3.831255,3.4088762976522506,0.42237870234774944
rolling,5,OLS,ToneMean,2019-10-01,3.672726315789474,2.5607110940451303,1.1120152217443438
rolling,5,Ridge,NEG,2016-01-01,2.525338095238096,1.978246606495484,0.5470914887426122
rolling,5,Ridge,NEG,2016-02-01,2.51565,2.149489943074488,0.3661600569255121
rolling,5,Ridge,NEG,2016-03-01,2.5214052631578947,2.443489579413621,0.0779156837442736
rolling,5,Ridge,NEG,2016-04-01,2.517215,2.5592138587909785,-0.04199885879097831
rolling,5,Ridge,NEG,2016-05-01,2.514826315789474,2.782902164758167,-0.2680758489686932
rolling,5,Ridge,NEG,2016-06-01,2.5058625,3.004947400055866,-0.4990849000558657
rolling,5,Ridge,NEG,2016-07-01,2.5015650000000003,2.6085421060824894,-0.10697710608248912
rolling,5,Ridge,NEG,2016-08-01,2.518775,2.7193054919902035,-0.20053049199020334
rolling,5,Ridge,NEG,2016-09-01,2.527788888888889,2.758313145641699,-0.23052425675281007
rolling,5,Ridge,NEG,2016-10-01,2.51759375,2.4744889242764123,0.04310482572358776
rolling,5,Ridge,NEG,2016-11-01,2.535536363636364,2.4726663256950707,0.06287003794129342
rolling,5,Ridge,NEG,2016-12-01,2.5772411764705883,2.734328243335732,-0.15708706686514384
rolling,5,Ridge,NEG,2017-01-01,2.57815,2.9620918489580363,-0.3839418489580364
rolling,5,Ridge,NEG,2017-02-01,2.5543,2.5994995765117883,-0.0451995765117883
rolling,5,Ridge,NEG,2017-03-01,2.5655,2.493104371380415,0.07239562861958504
rolling,5,Ridge,NEG,2017-04-01,2.553335294117648,2.4841986023917646,0.06913669172588355
rolling,5,Ridge,NEG,2017-05-01,2.5712,1.864646442043849,0.706553557956151
rolling,5,Ridge,NEG,2017-06-01,2.65784,2.1134322361842726,0.5444077638157276
rolling,5,Ridge,NEG,2017-07-01,2.69046,2.048075356204196,0.6423846437958041
rolling,5,Ridge,NEG,2017-08-01,3.0855473684210524,1.7992346071857868,1.2863127612352656
rolling,5,Ridge,NEG,2017-09-01,3.0982380952380955,2.3083417920148426,0.7898963032232529
rolling,5,Ridge,NEG,2017-10-01,3.075673684210526,2.3984768586451746,0.6771968255653515
rolling,5,Ridge,NEG,2017-11-01,3.065655,2.7983302211277197,0.26732477887228034
rolling,5,Ridge,NEG,2017-12-01,3.15159,2.846235679057121,0.3053543209428793
rolling,5,Ridge,NEG,2018-01-01,3.30657619047619,3.0696678180000143,0.2369083724761758
rolling,5,Ridge,NEG,2018-02-01,3.4621947368421053,2.9478726342763912,0.5143221025657141
rolling,5,Ridge,NEG,2018-03-01,3.6392136363636367,3.0998749042102816,0.5393387321533551
rolling,5,Ridge,NEG,2018-04-01,3.934538095238095,3.027777207818402,0.9067608874196931
rolling,5,Ridge,NEG,2018-05-01,4.20315,3.4345930539724248,0.7685569460275752
rolling,5,Ridge,NEG,2018-06-01,4.641321739130435,3.2876714073694275,1.3536503317610071
rolling,5,Ridge,NEG,2018-07-01,4.782921052631579,3.4575297123300857,1.3253913403014934
rolling,5,Ridge,NEG,2018-08-01,4.948788235294118,3.8889072015336144,1.0598810337605036
rolling,5,Ridge,NEG,2018-09-01,5.096627272727273,3.8292678348584452,1.2673594378688273
rolling,5,Ridge,NEG,2018-10-01,5.116333333333333,4.388376294396401,0.7279570389369328
rolling,5,Ridge,NEG,2018-11-01,5.169666666666667,4.2938492422893315,0.8758174243773356
rolling,5,Ridge,NEG,2018-12-01,5.220527777777778,4.288983433670552,0.931544344107226
rolling,5,Ridge,NEG,2019-01-01,5.035757142857143,3.9741919703998247,1.0615651724573185
rolling,5,Ridge,NEG,2019-02-01,4.934044444444444,4.008115219832981,0.9259292246114628
rolling,5,Ridge,NEG,2019-03-01,4.7935,3.7559525472937247,1.0375474527062751
rolling,5,Ridge,NEG,2019-04-01,4.410036842105264,3.7013495067460704,0.7086873353591931
rolling,5,Ridge,NEG,2019-05-01,4.32444761904762,3.62101944962118,0.7034281694264406
rolling,5,Ridge,NEG,2019-06-01,4.088347826086957,3.8611183792561183,0.22722944683083846
rolling,5,Ridge,NEG,2019-07-01,4.01318,3.479953528920989,0.5332264710790113
rolling,5,Ridge,NEG,2019-08-01,3.979216666666667,3.888915644824329,0.0903010218423379
rolling,5,Ridge,NEG,2019-09-01,3.831255,3.2658265222850607,0.5654284777149394
rolling,5,Ridge,NEG,2019-10-01,3.672726315789474,2.5170640027303275,1.1556623130591466
rolling,5,Ridge,None,2016-01-01,2.525338095238096,1.9780949202231464,0.5472431750149498
rolling,5,Ridge,None,2016-02-01,2.51565,2.147588900037053,0.3680610999629468
rolling,5,Ridge,None,2016-03-01,2.5214052631578947,2.4468373867728355,0.07456787638505924
rolling,5,Ridge,None,2016-04-01,2.517215,2.554988464326605,-0.03777346432660478
rolling,5,Ridge,None,2016-05-01,2.514826315789474,2.7905491546339585,-0.27572283884448456
rolling,5,Ridge,None,2016-06-01,2.5058625,3.0129846643035614,-0.5071221643035613
rolling,5,Ridge,None,2016-07-01,2.5015650000000003,2.6057692390344416,-0.10420423903444131
rolling,5,Ridge,None,2016-08-01,2.518775,2.7056074339740563,-0.18683243397405613
rolling,5,Ridge,None,2016-09-01,2.527788888888889,2.730899295504304,-0.20311040661541524
rolling,5,Ridge,None,2016-10-01,2.51759375,2.437630864041041,0.07996288595895917
rolling,5,Ridge,None,2016-11-01,2.535536363636364,2.4564730108177426,0.07906335281862154
rolling,5,Ridge,None,2016-12-01,2.5772411764705883,2.792598246941271,-0.21535707047068264
rolling,5,Ridge,None,2017-01-01,2.57815,2.9366452564624916,-0.3584952564624917
rolling,5,Ridge,None,2017-02-01,2.5543,2.585463548936297,-0.031163548936297136
rolling,5,Ridge,None,2017-03-01,2.5655,2.4972053564402414,0.06829464355975867
rolling,5,Ridge,None,2017-04-01,2.553335294117648,2.4971773771212002,0.0561579169964479
rolling,5,Ridge,None,2017-05-01,2.5712,1.8732088729778882,0.697991127022112
rolling,5,Ridge,None,2017-06-01,2.65784,2.114620542870444,0.5432194571295561
rolling,5,Ridge,None,2017-07-01,2.69046,2.044260531426244,0.646199468573756
rolling,5,Ridge,None,2017-08-01,3.0855473684210524,1.792780112389753,1.2927672560312993
rolling,5,Ridge,None,2017-09-01,3.0982380952380955,2.281893412891381,0.8163446823467146
rolling,5,Ridge,None,2017-10-01,3.075673684210526,2.389063475027301,0.6866102091832249
rolling,5,Ridge,None,2017-11-01,3.065655,2.7786478673266584,0.28700713267334166
rolling,5,Ridge,None,2017-12-01,3.15159,2.832855552099723,0.31873444790027694
rolling,5,Ridge,None,2018-01-01,3.30657619047619,3.060801077194622,0.2457751132815682
rolling,5,Ridge,None,2018-02-01,3.4621947368421053,2.9425633749297604,0.5196313619123449
rolling,5,Ridge,None,2018-03-01,3.6392136363636367,3.098111200907602,0.5411024354560348
rolling,5,Ridge,None,2018-04-01,3.934538095238095,3.020475039411999,0.9140630558260963
rolling,5,Ridge,None,2018-05-01,4.20315,3.4365716600109013,0.7665783399890986
rolling,5,Ridge,None,2018-06-01,4.641321739130435,3.291949196642098,1.3493725424883367
rolling,5,Ridge,None,2018-07-01,4.782921052631579,3.473248588492689,1.30967246413889
rolling,5,Ridge,None,2018-08-01,4.948788235294118,3.922517026192327,1.026271209101791
rolling,5,Ridge,None,2018-09-01,5.096627272727273,3.9082854903053628,1.1883417824219098
rolling,5,Ridge,None,2018-10-01,5.116333333333333,4.387576975898888,0.7287563574344453
rolling,5,Ridge,None,2018-11-01,5.169666666666667,4.304652349822225,0.8650143168444417
rolling,5,Ridge,None,2018-12-01,5.220527777777778,4.229177671346308,0.9913501064314696
rolling,5,Ridge,None,2019-01-01,5.035757142857143,4.090966832354557,0.9447903105025866
rolling,5,Ridge,None,2019-02-01,4.934044444444444,3.9467348173619983,0.9873096270824457
rolling,5,Ridge,None,2019-03-01,4.7935,3.7478542799516283,1.0456457200483715
rolling,5,Ridge,None,2019-04-01,4.410036842105264,3.6550225591151264,0.7550142829901372
rolling,5,Ridge,None,2019-05-01,4.32444761904762,3.6412709433761368,0.6831766756714837
rolling,5,Ridge,None,2019-06-01,4.088347826086957,3.881145025583516,0.20720280050344098
rolling,5,Ridge,None,2019-07-01,4.01318,3.472641196939541,0.5405388030604592
rolling,5,Ridge,None,2019-08-01,3.979216666666667,3.964554044138114,0.01466262252855266
rolling,5,Ridge,None,2019-09-01,3.831255,3.216819073157063,0.6144359268429369
rolling,5,Ridge,None,2019-10-01,3.672726315789474,2.5047202204812358,1.1680060953082383
rolling,5,Ridge,POSNEG,2016-01-01,2.525338095238096,2.151506895569735,0.373831199668361
rolling,5,Ridge,POSNEG,2016-02-01,2.51565,2.1773712098983466,0.3382787901016533
rolling,5,Ridge,POSNEG,2016-03-01,2.5214052631578947,2.4695791948775403,0.05182606828035441
rolling,5,Ridge,POSNEG,2016-04-01,2.517215,2.54018983285121,-0.022974832851209825
rolling,5,Ridge,POSNEG,2016-05-01,2.514826315789474,2.854822708812405,-0.3399963930229313
rolling,5,Ridge,POSNEG,2016-06-01,2.5058625,2.9563112874411575,-0.45044878744115735
rolling,5,Ridge,POSNEG,2016-07-01,2.5015650000000003,2.593035017767543,-0.09147001776754271
rolling,5,Ridge,POSNEG,2016-08-01,2.518775,2.8084222802956287,-0.2896472802956285
rolling,5,Ridge,POSNEG,2016-09-01,2.527788888888889,2.8008568919279724,-0.2730680030390835
rolling,5,Ridge,POSNEG,2016-10-01,2.51759375,2.5444945804770374,-0.026900830477037285
rolling,5,Ridge,POSNEG,2016-11-01,2.535536363636364,2.479659598186909,0.05587676544945497
rolling,5,Ridge,POSNEG,2016-12-01,2.5772411764705883,2.7189726599686095,-0.14173148349802123
rolling,5,Ridge,POSNEG,2017-01-01,2.57815,3.016204113247868,-0.43805411324786814
rolling,5,Ridge,POSNEG,2017-02-01,2.5543,2.6330082449846506,-0.07870824498465057
rolling,5,Ridge,POSNEG,2017-03-01,2.5655,2.4978897951065173,0.0676102048934828
rolling,5,Ridge,POSNEG,2017-04-01,2.553335294117648,2.4846819204950727,0.0686533736225754
rolling,5,Ridge,POSNEG,2017-05-01,2.5712,1.86170766373368,0.7094923362663201
rolling,5,Ridge,POSNEG,2017-06-01,2.65784,2.1130238471019984,0.5448161528980018
rolling,5,Ridge,POSNEG,2017-07-01,2.69046,2.0504491172241077,0.6400108827758921
rolling,5,Ridge,POSNEG,2017-08-01,3.0855473684210524,1.8049288047157046,1.2806185637053478
rolling,5,Ridge,POSNEG,2017-09-01,3.0982380952380955,2.278963608237966,0.8192744870001296
rolling,5,Ridge,POSNEG,2017-10-01,3.075673684210526,2.413778981661986,0.66189470254854
rolling,5,Ridge,POSNEG,2017-11-01,3.065655,2.84581866132802,0.21983633867198016
rolling,5,Ridge,POSNEG,2017-12-01,3.15159,2.848917325132658,0.3026726748673423
rolling,5,Ridge,POSNEG,2018-01-01,3.30657619047619,3.0797168740957646,0.22685931638042556
rolling,5,Ridge,POSNEG,2018-02-01,3.4621947368421053,2.9263430681190012,0.5358516687231041
rolling,5,Ridge,POSNEG,2018-03-01,3.6392136363636367,3.0942495644420083,0.5449640719216284
rolling,5,Ridge,POSNEG,2018-04-01,3.934538095238095,3.055483772021486,0.879054323216609
rolling,5,Ridge,POSNEG,2018-05-01,4.20315,3.4111998462560096,0.7919501537439904
rolling,5,Ridge,POSNEG,2018-06-01,4.641321739130435,3.282743903831382,1.3585778352990525
rolling,5,Ridge,POSNEG,2018-07-01,4.782921052631579,3.4720391605967857,1.3108818920347933
rolling,5,Ridge,POSNEG,2018-08-01,4.948788235294118,3.91006309931791,1.038725135976208
rolling,5,Ridge,POSNEG,2018-09-01,5.096627272727273,3.8625412571078854,1.2340860156193871
rolling,5,Ridge,POSNEG,2018-10-01,5.116333333333333,4.6204842736313,0.4958490597020333
rolling,5,Ridge,POSNEG,2018-11-01,5.169666666666667,4.506599307299393,0.6630673593672745
rolling,5,Ridge,POSNEG,2018-12-01,5.220527777777778,4.392657282864461,0.8278704949133164
rolling,5,Ridge,POSNEG,2019-01-01,5.035757142857143,4.024240331124329,1.0115168117328146
rolling,5,Ridge,POSNEG,2019-02-01,4.934044444444444,3.3418040041931514,1.5922404402512926
rolling,5,Ridge,POSNEG,2019-03-01,4.7935,3.9468978775311854,0.8466021224688145
rolling,5,Ridge,POSNEG,2019-04-01,4.410036842105264,3.8992335034326358,0.5108033386726278
rolling,5,Ridge,POSNEG,2019-05-01,4.32444761904762,3.774755638708589,0.5496919803390314
rolling,5,Ridge,POSNEG,2019-06-01,4.088347826086957,3.8607105864682514,0.2276372396187054
rolling,5,Ridge,POSNEG,2019-07-01,4.01318,3.437780248606243,0.575399751393757
rolling,5,Ridge,POSNEG,2019-08-01,3.979216666666667,3.9171195641197696,0.062097102546897265
rolling,5,Ridge,POSNEG,2019-09-01,3.831255,3.3832714547047726,0.44798354529522744
rolling,5,Ridge,POSNEG,2019-10-01,3.672726315789474,2.5597446849280234,1.1129816308614506
rolling,5,Ridge,ToneMean,2016-01-01,2.525338095238096,2.021859403616486,0.5034786916216101
rolling,5,Ridge,ToneMean,2016-02-01,2.51565,2.175729177176968,0.33992082282303215
rolling,5,Ridge,ToneMean,2016-03-01,2.5214052631578947,2.436730718292347,0.08467454486554749
rolling,5,Ridge,ToneMean,2016-04-01,2.517215,2.5703382877257797,-0.053123287725779456
rolling,5,Ridge,ToneMean,2016-05-01,2.514826315789474,2.8390667016013063,-0.32424038581183234
rolling,5,Ridge,ToneMean,2016-06-01,2.5058625,3.0111215226401993,-0.5052590226401992
rolling,5,Ridge,ToneMean,2016-07-01,2.5015650000000003,2.5989699988342445,-0.09740499883424425
rolling,5,Ridge,ToneMean,2016-08-01,2.518775,2.709997105156155,-0.19122210515615468
rolling,5,Ridge,ToneMean,2016-09-01,2.527788888888889,2.7255067097031693,-0.19771782081428046
rolling,5,Ridge,ToneMean,2016-10-01,2.51759375,2.434363645666174,0.08323010433382594
rolling,5,Ridge,ToneMean,2016-11-01,2.535536363636364,2.4556040546505247,0.07993230898583947
rolling,5,Ridge,ToneMean,2016-12-01,2.5772411764705883,2.8028215595155683,-0.22558038304498007
rolling,5,Ridge,ToneMean,2017-01-01,2.57815,2.9324076565272543,-0.3542576565272544
rolling,5,Ridge,ToneMean,2017-02-01,2.5543,2.585486684903607,-0.031186684903607098
rolling,5,Ridge,ToneMean,2017-03-01,2.5655,2.4955394635130075,0.06996053648699263
rolling,5,Ridge,ToneMean,2017-04-01,2.553335294117648,2.495659579495029,0.057675714622619
rolling,5,Ridge,ToneMean,2017-05-01,2.5712,1.8712131140165122,0.6999868859834879
rolling,5,Ridge,ToneMean,2017-06-01,2.65784,2.116259940156342,0.5415800598436582
rolling,5,Ridge,ToneMean,2017-07-01,2.69046,2.0536705759031264,0.6367894240968734
rolling,5,Ridge,ToneMean,2017-08-01,3.0855473684210524,1.8100733866139835,1.2754739818070688
rolling,5,Ridge,ToneMean,2017-09-01,3.0982380952380955,2.302710010370792,0.7955280848673034
rolling,5,Ridge,ToneMean,2017-10-01,3.075673684210526,2.430266730554412,0.645406953656114
rolling,5,Ridge,ToneMean,2017-11-01,3.065655,2.8526097679143083,0.2130452320856917
rolling,5,Ridge,ToneMean,2017-12-01,3.15159,2.8425485454158728,0.30904145458412735
rolling,5,Ridge,ToneMean,2018-01-01,3.30657619047619,3.085943524701274,0.22063266577491625
rolling,5,Ridge,ToneMean,2018-02-01,3.4621947368421053,2.9350720427552215,0.5271226940868838
rolling,5,Ridge,ToneMean,2018-03-01,3.6392136363636367,3.0944413362638272,0.5447723000998095
rolling,5,Ridge,ToneMean,2018-04-01,3.934538095238095,3.0484253831710006,0.8861127120670944
rolling,5,Ridge,ToneMean,2018-05-01,4.20315,3.4173267264025338,0.7858232735974662
rolling,5,Ridge,ToneMean,2018-06-01,4.641321739130435,3.303653913811342,1.3376678253190928
rolling,5,Ridge,ToneMean,2018-07-01,4.782921052631579,3.483734075180951,1.2991869774506282
rolling,5,Ridge,ToneMean,2018-08-01,4.948788235294118,3.905884510019734,1.042903725274384
rolling,5,Ridge,ToneMean,2018-09-01,5.096627272727273,3.861335606914615,1.2352916658126576
rolling,5,Ridge,ToneMean,2018-10-01,5.116333333333333,4.573755089180108,0.5425782441532254
rolling,5,Ridge,ToneMean,2018-11-01,5.169666666666667,4.5278957212628015,0.6417709454038656
rolling,5,Ridge,ToneMean,2018-12-01,5.220527777777778,4.33406069104609,0.8864670867316882
rolling,5,Ridge,ToneMean,2019-01-01,5.035757142857143,3.9525445436702205,1.0832125991869228
rolling,5,Ridge,ToneMean,2019-02-01,4.934044444444444,3.737834898774474,1.1962095456699702
rolling,5,Ridge,ToneMean,2019-03-01,4.7935,3.9585576056474263,0.8349423943525736
rolling,5,Ridge,ToneMean,2019-04-01,4.410036842105264,3.9450163206699296,0.465020521435334
rolling,5,Ridge,ToneMean,2019-05-01,4.32444761904762,3.720111025836623,0.6043365932109976
rolling,5,Ridge,ToneMean,2019-06-01,4.088347826086957,3.829919877878194,0.2584279482087628
rolling,5,Ridge,ToneMean,2019-07-01,4.01318,3.4594567550012565,0.5537232449987437
rolling,5,Ridge,ToneMean,2019-08-01,3.979216666666667,3.8662388393761375,0.1129778272905293
rolling,5,Ridge,ToneMean,2019-09-01,3.831255,3.423803086733892,0.4074519132661081
rolling,5,Ridge,ToneMean,2019-10-01,3.672726315789474,2.5882754856153922,1.0844508301740818
rolling,5,SVR,NEG,2016-01-01,2.525338095238096,2.4737104858275734,0.0516276094105228
rolling,5,SVR,NEG,2016-02-01,2.51565,2.5193402371046973,-0.0036902371046974025
rolling,5,SVR,NEG,2016-03-01,2.5214052631578947,2.561765574942307,-0.04036031178441224
rolling,5,SVR,NEG,2016-04-01,2.517215,2.613238141887292,-0.09602314188729189
rolling,5,SVR,NEG,2016-05-01,2.514826315789474,2.95587999095677,-0.441053675167296
rolling,5,SVR,NEG,2016-06-01,2.5058625,2.7676061166102874,-0.26174361661028733
rolling,5,SVR,NEG,2016-07-01,2.5015650000000003,2.588616073180426,-0.08705107318042593
rolling,5,SVR,NEG,2016-08-01,2.518775,2.6376493230147373,-0.1188743230147371
rolling,5,SVR,NEG,2016-09-01,2.527788888888889,2.7355057594269874,-0.2077168705380985
rolling,5,SVR,NEG,2016-10-01,2.51759375,2.7514865419322447,-0.23389279193224466
rolling,5,SVR,NEG,2016-11-01,2.535536363636364,2.292334906724525,0.24320145691183903
rolling,5,SVR,NEG,2016-12-01,2.5772411764705883,2.740749812992801,-0.16350863652221292
rolling,5,SVR,NEG,2017-01-01,2.57815,2.777362678317317,-0.19921267831731715
rolling,5,SVR,NEG,2017-02-01,2.5543,2.764612497321912,-0.21031249732191215
rolling,5,SVR,NEG,2017-03-01,2.5655,2.327990325362427,0.2375096746375731
rolling,5,SVR,NEG,2017-04-01,2.553335294117648,2.7627423938593885,-0.20940709974174032
rolling,5,SVR,NEG,2017-05-01,2.5712,2.279055581225054,0.29214441877494624
rolling,5,SVR,NEG,2017-06-01,2.65784,2.5649381687360546,0.09290183126394558
rolling,5,SVR,NEG,2017-07-01,2.69046,2.430876470245906,0.25958352975409404
rolling,5,SVR,NEG,2017-08-01,3.0855473684210524,2.5880884488573956,0.49745891956365673
rolling,5,SVR,NEG,2017-09-01,3.0982380952380955,2.719650820622986,0.3785872746151093
rolling,5,SVR,NEG,2017-10-01,3.075673684210526,2.7634963118867515,0.3121773723237746
rolling,5,SVR,NEG,2017-11-01,3.065655,2.8560827949443013,0.20957220505569873
rolling,5,SVR,NEG,2017-12-01,3.15159,2.913901587816397,0.23768841218360315
rolling,5,SVR,NEG,2018-01-01,3.30657619047619,3.194694596547186,0.1118815939290041
rolling,5,SVR,NEG,2018-02-01,3.4621947368421053,2.9484427910127007,0.5137519458294046
rolling,5,SVR,NEG,2018-03-01,3.6392136363636367,3.2023755898292032,0.4368380465344335
rolling,5,SVR,NEG,2018-04-01,3.934538095238095,3.361931625314524,0.5726064699235711
rolling,5,SVR,NEG,2018-05-01,4.20315,3.2177497008071607,0.9854002991928392
rolling,5,SVR,NEG,2018-06-01,4.641321739130435,3.5634371110552463,1.0778846280751884
rolling,5,SVR,NEG,2018-07-01,4.782921052631579,3.653906395166656,1.1290146574649231
rolling,5,SVR,NEG,2018-08-01,4.948788235294118,3.7682942346400154,1.1804940006541025
rolling,5,SVR,NEG,2018-09-01,5.096627272727273,3.597104381368195,1.4995228913590775
rolling,5,SVR,NEG,2018-10-01,5.116333333333333,4.504112811812613,0.6122205215207206
rolling,5,SVR,NEG,2018-11-01,5.169666666666667,4.818158619657613,0.35150804700905436
rolling,5,SVR,NEG,2018-12-01,5.220527777777778,4.2298203427946675,0.9907074349831104
rolling,5,SVR,NEG,2019-01-01,5.035757142857143,3.089679967529667,1.9460771753274764
rolling,5,SVR,NEG,2019-02-01,4.934044444444444,3.4121687793950044,1.5218756650494396
rolling,5,SVR,NEG,2019-03-01,4.7935,3.4748292573639707,1.3186707426360291
rolling,5,SVR,NEG,2019-04-01,4.410036842105264,3.826419776784749,0.5836170653205146
rolling,5,SVR,NEG,2019-05-01,4.32444761904762,3.9755141222309667,0.34893349681665375
rolling,5,SVR,NEG,2019-06-01,4.088347826086957,3.95999125689557,0.1283565691913866
rolling,5,SVR,NEG,2019-07-01,4.01318,3.4809530707403242,0.532226929259676
rolling,5,SVR,NEG,2019-08-01,3.979216666666667,3.200822413185568,0.7783942534810988
rolling,5,SVR,NEG,2019-09-01,3.831255,3.7382691282178993,0.09298587178210083
rolling,5,SVR,NEG,2019-10-01,3.672726315789474,3.087301115656289,0.585425200133185
rolling,5,SVR,None,2016-01-01,2.525338095238096,2.4099615870302213,0.11537650820787482
rolling,5,SVR,None,2016-02-01,2.51565,2.5494026590903176,-0.03375265909031766
rolling,5,SVR,None,2016-03-01,2.5214052631578947,2.565074327517312,-0.04366906435941731
rolling,5,SVR,None,2016-04-01,2.517215,2.6214436629074833,-0.10422866290748312
rolling,5,SVR,None,2016-05-01,2.514826315789474,2.9175328448314466,-0.4027065290419727
rolling,5,SVR,None,2016-06-01,2.5058625,2.767611280447005,-0.2617487804470051
rolling,5,SVR,None,2016-07-01,2.5015650000000003,2.5851294885360216,-0.08356448853602139
rolling,5,SVR,None,2016-08-01,2.518775,2.758822329763029,-0.240047329763029
rolling,5,SVR,None,2016-09-01,2.527788888888889,2.6012861313010767,-0.0734972424121878
rolling,5,SVR,None,2016-10-01,2.51759375,2.3398813305197415,0.17771241948025862
rolling,5,SVR,None,2016-11-01,2.535536363636364,2.2946515581665095,0.2408848054698547
rolling,5,SVR,None,2016-12-01,2.5772411764705883,2.599554960106981,-0.022313783636392692
rolling,5,SVR,None,2017-01-01,2.57815,2.875146223820246,-0.29699622382024593
rolling,5,SVR,None,2017-02-01,2.5543,2.6469449249375794,-0.09264492493757936
rolling,5,SVR,None,2017-03-01,2.5655,2.407630264981269,0.15786973501873103
rolling,5,SVR,None,2017-04-01,2.553335294117648,2.696144591949897,-0.14280929783224883
rolling,5,SVR,None,2017-05-01,2.5712,2.294268572852033,0.27693142714796704
rolling,5,SVR,None,2017-06-01,2.65784,2.5761414050048184,0.08169859499518184
rolling,5,SVR,None,2017-07-01,2.69046,2.4819299708027747,0.2085300291972252
rolling,5,SVR,None,2017-08-01,3.0855473684210524,2.5853573453211562,0.5001900230998961
rolling,5,SVR,None,2017-09-01,3.0982380952380955,2.706277785789789,0.3919603094483066
rolling,5,SVR,None,2017-10-01,3.075673684210526,2.829902261033218,0.24577142317730827
rolling,5,SVR,None,2017-11-01,3.065655,2.8503437545533847,0.21531124544661528
rolling,5,SVR,None,2017-12-01,3.15159,2.984500213414674,0.16708978658532603
rolling,5,SVR,None,2018-01-01,3.30657619047619,3.0436375858125886,0.2629386046636015
rolling,5,SVR,None,2018-02-01,3.4621947368421053,2.986397538744594,0.4757971980975113
rolling,5,SVR,None,2018-03-01,3.6392136363636367,3.24142972256682,0.3977839137968169
rolling,5,SVR,None,2018-04-01,3.934538095238095,3.415575995738542,0.5189620994995532
rolling,5,SVR,None,2018-05-01,4.20315,3.0932918176855235,1.1098581823144764
rolling,5,SVR,None,2018-06-01,4.641321739130435,3.446091889863318,1.1952298492671165
rolling,5,SVR,None,2018-07-01,4.782921052631579,3.5851503847642583,1.1977706678673208
rolling,5,SVR,None,2018-08-01,4.948788235294118,3.996203683855135,0.9525845514389828
rolling,5,SVR,None,2018-09-01,5.096627272727273,3.9022714066163866,1.194355866110886
rolling,5,SVR,None,2018-10-01,5.116333333333333,4.534695063677177,0.5816382696561568
rolling,5,SVR,None,2018-11-01,5.169666666666667,4.961138219145203,0.2085284475214637
rolling,5,SVR,None,2018-12-01,5.220527777777778,4.444110453954325,0.7764173238234529
rolling,5,SVR,None,2019-01-01,5.035757142857143,3.1269663854757415,1.9087907573814018
rolling,5,SVR,None,2019-02-01,4.934044444444444,3.592397477871901,1.3416469665725432
rolling,5,SVR,None,2019-03-01,4.7935,3.5497150670105593,1.2437849329894406
rolling,5,SVR,None,2019-04-01,4.410036842105264,3.999711025655797,0.41032581644946653
rolling,5,SVR,None,2019-05-01,4.32444761904762,4.000325112755635,0.32412250629198525
rolling,5,SVR,None,2019-06-01,4.088347826086957,3.9694530294408903,0.1188947966460665
rolling,5,SVR,None,2019-07-01,4.01318,3.428152337669113,0.5850276623308872
rolling,5,SVR,None,2019-08-01,3.979216666666667,3.2269319178422413,0.7522847488244255
rolling,5,SVR,None,2019-09-01,3.831255,3.7952343355714633,0.0360206644285368
rolling,5,SVR,None,2019-10-01,3.672726315789474,3.1268605513212653,0.5458657644682088
rolling,5,SVR,POSNEG,2016-01-01,2.525338095238096,2.505120609911145,0.020217485326951223
rolling,5,SVR,POSNEG,2016-02-01,2.51565,2.484662704222741,0.030987295777258783
rolling,5,SVR,POSNEG,2016-03-01,2.5214052631578947,2.5370652079943214,-0.015659944836426742
rolling,5,SVR,POSNEG,2016-04-01,2.517215,2.6048208471612844,-0.08760584716128417
rolling,5,SVR,POSNEG,2016-05-01,2.514826315789474,2.9448425572493164,-0.4300162414598425
rolling,5,SVR,POSNEG,2016-06-01,2.5058625,2.8127494987179116,-0.3068869987179115
rolling,5,SVR,POSNEG,2016-07-01,2.5015650000000003,2.597825380032254,-0.09626038003225368
rolling,5,SVR,POSNEG,2016-08-01,2.518775,2.6416586552842753,-0.12288365528427514
rolling,5,SVR,POSNEG,2016-09-01,2.527788888888889,2.701968073732833,-0.17417918484394423
rolling,5,SVR,POSNEG,2016-10-01,2.51759375,2.66395197719989,-0.14635822719988978
rolling,5,SVR,POSNEG,2016-11-01,2.535536363636364,2.305755939907061,0.22978042372930307
rolling,5,SVR,POSNEG,2016-12-01,2.5772411764705883,2.758806100232241,-0.18156492376165279
rolling,5,SVR,POSNEG,2017-01-01,2.57815,2.803760154107682,-0.22561015410768226
rolling,5,SVR,POSNEG,2017-02-01,2.5543,2.6818074350540675,-0.12750743505406748
rolling,5,SVR,POSNEG,2017-03-01,2.5655,2.263837144601378,0.30166285539862203
rolling,5,SVR,POSNEG,2017-04-01,2.553335294117648,2.773172424202966,-0.2198371300853177
rolling,5,SVR,POSNEG,2017-05-01,2.5712,2.29096055921318,0.2802394407868203
rolling,5,SVR,POSNEG,2017-06-01,2.65784,2.5231694376878675,0.1346705623121327
rolling,5,SVR,POSNEG,2017-07-01,2.69046,2.527396527941863,0.16306347205813676
rolling,5,SVR,POSNEG,2017-08-01,3.0855473684210524,2.557777945079293,0.5277694233417596
rolling,5,SVR,POSNEG,2017-09-01,3.0982380952380955,2.679311452542642,0.41892664269545365
rolling,5,SVR,POSNEG,2017-10-01,3.075673684210526,2.8130139574843955,0.2626597267261306
rolling,5,SVR,POSNEG,2017-11-01,3.065655,2.936721518939276,0.1289334810607241
rolling,5,SVR,POSNEG,2017-12-01,3.15159,2.8399653065456394,0.3116246934543607
rolling,5,SVR,POSNEG,2018-01-01,3.30657619047619,3.159182790765584,0.14739339971060605
rolling,5,SVR,POSNEG,2018-02-01,3.4621947368421053,3.012779831134337,0.4494149057077683
rolling,5,SVR,POSNEG,2018-03-01,3.6392136363636367,3.1100283824803303,0.5291852538833064
rolling,5,SVR,POSNEG,2018-04-01,3.934538095238095,3.364334465966853,0.570203629271242
rolling,5,SVR,POSNEG,2018-05-01,4.20315,3.1820210578696067,1.0211289421303933
rolling,5,SVR,POSNEG,2018-06-01,4.641321739130435,3.4938677470101984,1.1474539921202362
rolling,5,SVR,POSNEG,2018-07-01,4.782921052631579,3.657986386803507,1.124934665828072
rolling,5,SVR,POSNEG,2018-08-01,4.948788235294118,3.8449376206134707,1.1038506146806473
rolling,5,SVR,POSNEG,2018-09-01,5.096627272727273,3.566807557057757,1.5298197156695155
rolling,5,SVR,POSNEG,2018-10-01,5.116333333333333,4.065568684022534,1.0507646493107998
rolling,5,SVR,POSNEG,2018-11-01,5.169666666666667,4.7077172653595944,0.4619494013070726
rolling,5,SVR,POSNEG,2018-12-01,5.220527777777778,4.394737551437642,0.8257902263401355
rolling,5,SVR,POSNEG,2019-01-01,5.035757142857143,3.1190355671899033,1.91672157566724
rolling,5,SVR,POSNEG,2019-02-01,4.934044444444444,2.6320638092957496,2.3019806351486944
rolling,5,SVR,POSNEG,2019-03-01,4.7935,3.410764141516972,1.382735858483028
rolling,5,SVR,POSNEG,2019-04-01,4.410036842105264,3.801314905619752,0.6087219364855114
rolling,5,SVR,POSNEG,2019-05-01,4.32444761904762,3.9610594239979986,0.36338819504962183
rolling,5,SVR,POSNEG,2019-06-01,4.088347826086957,3.769432491019974,0.31891533506698266
rolling,5,SVR,POSNEG,2019-07-01,4.01318,3.486143428683276,0.527036571316724
rolling,5,SVR,POSNEG,2019-08-01,3.979216666666667,3.2627129870248344,0.7165036796418325
rolling,5,SVR,POSNEG,2019-09-01,3.831255,3.721433302053394,0.10982169794660601
rolling,5,SVR,POSNEG,2019-10-01,3.672726315789474,3.1398461092320784,0.5328802065573957
rolling,5,SVR,ToneMean,2016-01-01,2.525338095238096,2.4241235252640876,0.10121456997400857
rolling,5,SVR,ToneMean,2016-02-01,2.51565,2.4670309705060514,0.048619029493948585
rolling,5,SVR,ToneMean,2016-03-01,2.5214052631578947,2.5230500771437456,-0.0016448139858509236
rolling,5,SVR,ToneMean,2016-04-01,2.517215,2.6178441391433767,-0.10062913914337646
rolling,5,SVR,ToneMean,2016-05-01,2.514826315789474,2.9634683759100904,-0.44864206012061647
rolling,5,SVR,ToneMean,2016-06-01,2.5058625,2.8072377625978735,-0.3013752625978734
rolling,5,SVR,ToneMean,2016-07-01,2.5015650000000003,2.6248289240515406,-0.1232639240515403
rolling,5,SVR,ToneMean,2016-08-01,2.518775,2.728049631083515,-0.20927463108351496
rolling,5,SVR,ToneMean,2016-09-01,2.527788888888889,2.6108652216275905,-0.08307633273870163
rolling,5,SVR,ToneMean,2016-10-01,2.51759375,2.3431593302047826,0.17443441979521745
rolling,5,SVR,ToneMean,2016-11-01,2.535536363636364,2.2795165582856733,0.2560198053506908
rolling,5,SVR,ToneMean,2016-12-01,2.5772411764705883,2.674184898344289,-0.09694372187370082
rolling,5,SVR,ToneMean,2017-01-01,2.57815,2.9065941729089158,-0.3284441729089158
rolling,5,SVR,ToneMean,2017-02-01,2.5543,2.5736309793987973,-0.019330979398797243
rolling,5,SVR,ToneMean,2017-03-01,2.5655,2.2667002816687676,0.29879971833123253
rolling,5,SVR,ToneMean,2017-04-01,2.553335294117648,2.7290977068710744,-0.1757624127534263
rolling,5,SVR,ToneMean,2017-05-01,2.5712,2.3433902216279106,0.2278097783720896
rolling,5,SVR,ToneMean,2017-06-01,2.65784,2.554257384796171,0.10358261520382905
rolling,5,SVR,ToneMean,2017-07-01,2.69046,2.5321607201464955,0.15829927985350434
rolling,5,SVR,ToneMean,2017-08-01,3.0855473684210524,2.5421264365901655,0.5434209318308869
rolling,5,SVR,ToneMean,2017-09-01,3.0982380952380955,2.753526588692974,0.3447115065451216
rolling,5,SVR,ToneMean,2017-10-01,3.075673684210526,2.8137994425095223,0.2618742417010038
rolling,5,SVR,ToneMean,2017-11-01,3.065655,2.976041223793548,0.08961377620645194
rolling,5,SVR,ToneMean,2017-12-01,3.15159,2.864530189144842,0.2870598108551583
rolling,5,SVR,ToneMean,2018-01-01,3.30657619047619,3.1907741609491382,0.11580202952705188
rolling,5,SVR,ToneMean,2018-02-01,3.4621947368421053,2.978110081286236,0.4840846555558693
rolling,5,SVR,ToneMean,2018-03-01,3.6392136363636367,3.122055776826759,0.5171578595368778
rolling,5,SVR,ToneMean,2018-04-01,3.934538095238095,3.413311059577273,0.521227035660822
rolling,5,SVR,ToneMean,2018-05-01,4.20315,3.132170550282096,1.0709794497179042
rolling,5,SVR,ToneMean,2018-06-01,4.641321739130435,3.6336012464505973,1.0077204926798373
rolling,5,SVR,ToneMean,2018-07-01,4.782921052631579,3.7163523589960983,1.0665686936354808
rolling,5,SVR,ToneMean,2018-08-01,4.948788235294118,4.042058242958345,0.906729992335773
rolling,5,SVR,ToneMean,2018-09-01,5.096627272727273,3.706375114738834,1.3902521579884386
rolling,5,SVR,ToneMean,2018-10-01,5.116333333333333,4.096369016051525,1.0199643172818087
rolling,5,SVR,ToneMean,2018-11-01,5.169666666666667,4.606539029398856,0.5631276372678107
rolling,5,SVR,ToneMean,2018-12-01,5.220527777777778,4.510404197554813,0.7101235802229651
rolling,5,SVR,ToneMean,2019-01-01,5.035757142857143,3.0009181075226383,2.034839035334505
rolling,5,SVR,ToneMean,2019-02-01,4.934044444444444,3.325945634653016,1.6080988097914282
rolling,5,SVR,ToneMean,2019-03-01,4.7935,3.4810504545582113,1.3124495454417886
rolling,5,SVR,ToneMean,2019-04-01,4.410036842105264,3.8486268623839113,0.5614099797213523
rolling,5,SVR,ToneMean,2019-05-01,4.32444761904762,3.9225057748065284,0.40194184424109203
rolling,5,SVR,ToneMean,2019-06-01,4.088347826086957,3.900131390954027,0.18821643513292985
rolling,5,SVR,ToneMean,2019-07-01,4.01318,3.5080583640370024,0.5051216359629978
rolling,5,SVR,ToneMean,2019-08-01,3.979216666666667,3.3049278945872334,0.6742887720794335
rolling,5,SVR,ToneMean,2019-09-01,3.831255,3.746503543530107,0.08475145646989324
rolling,5,SVR,ToneMean,2019-10-01,3.672726315789474,3.1686961206022937,0.5040301951871804
rolling,6,ElasticNet,NEG,2016-01-01,2.51565,2.0141738530374615,0.5014761469625384
rolling,6,ElasticNet,NEG,2016-02-01,2.5214052631578947,2.18197859368342,0.33942666947447453
rolling,6,ElasticNet,NEG,2016-03-01,2.517215,2.4192933763956157,0.0979216236043845
rolling,6,ElasticNet,NEG,2016-04-01,2.514826315789474,2.522229991457161,-0.007403675667687182
rolling,6,ElasticNet,NEG,2016-05-01,2.5058625,2.7937083500267113,-0.28784585002671115
rolling,6,ElasticNet,NEG,2016-06-01,2.5015650000000003,3.054706408564787,-0.5531414085647866
rolling,6,ElasticNet,NEG,2016-07-01,2.518775,2.567072709613796,-0.04829770961379598
rolling,6,ElasticNet,NEG,2016-08-01,2.527788888888889,2.6458142099673654,-0.11802532107847652
rolling,6,ElasticNet,NEG,2016-09-01,2.51759375,2.721834729552252,-0.20424097955225173
rolling,6,ElasticNet,NEG,2016-10-01,2.535536363636364,2.4876413100987627,0.047895053537601484
rolling,6,ElasticNet,NEG,2016-11-01,2.5772411764705883,2.498298885587667,0.07894229088292137
rolling,6,ElasticNet,NEG,2016-12-01,2.57815,2.7357979447364653,-0.15764794473646537
rolling,6,ElasticNet,NEG,2017-01-01,2.5543,2.9459025446434923,-0.3916025446434923
rolling,6,ElasticNet,NEG,2017-02-01,2.5655,2.619019038823686,-0.053519038823685694
rolling,6,ElasticNet,NEG,2017-03-01,2.553335294117648,2.52822298242374,0.02511231169390804
rolling,6,ElasticNet,NEG,2017-04-01,2.5712,2.52567978864793,0.045520211352070294
rolling,6,ElasticNet,NEG,2017-05-01,2.65784,1.9147065642433927,0.7431334357566075
rolling,6,ElasticNet,NEG,2017-06-01,2.69046,2.155006133165103,0.5354538668348967
rolling,6,ElasticNet,NEG,2017-07-01,3.0855473684210524,2.121282618175041,0.9642647502460115
rolling,6,ElasticNet,NEG,2017-08-01,3.0982380952380955,1.9685603367595943,1.1296777584785012
rolling,6,ElasticNet,NEG,2017-09-01,3.075673684210526,2.363627079114477,0.7120466050960492
rolling,6,ElasticNet,NEG,2017-10-01,3.065655,2.444075386743254,0.6215796132567459
rolling,6,ElasticNet,NEG,2017-11-01,3.15159,2.743673785567086,0.40791621443291426
rolling,6,ElasticNet,NEG,2017-12-01,3.30657619047619,2.77880937583171,0.52776681464448
rolling,6,ElasticNet,NEG,2018-01-01,3.4621947368421053,3.0210904299351617,0.4411043069069436
rolling,6,ElasticNet,NEG,2018-02-01,3.6392136363636367,2.9398402456328623,0.6993733907307744
rolling,6,ElasticNet,NEG,2018-03-01,3.934538095238095,3.0974643192422633,0.8370737759958318
rolling,6,ElasticNet,NEG,2018-04-01,4.20315,3.05047266393545,1.1526773360645501
rolling,6,ElasticNet,NEG,2018-05-01,4.641321739130435,3.509694474207491,1.1316272649229435
rolling,6,ElasticNet,NEG,2018-06-01,4.782921052631579,3.450418153772201,1.332502898859378
rolling,6,ElasticNet,NEG,2018-07-01,4.948788235294118,3.5931243503027708,1.3556638849913472
rolling,6,ElasticNet,NEG,2018-08-01,5.096627272727273,4.037070651991576,1.0595566207356963
rolling,6,ElasticNet,NEG,2018-09-01,5.116333333333333,3.9810399062374393,1.135293427095894
rolling,6,ElasticNet,NEG,2018-10-01,5.169666666666667,4.558052452850031,0.6116142138166358
rolling,6,ElasticNet,NEG,2018-11-01,5.220527777777778,4.407095294391583,0.8134324833861948
rolling,6,ElasticNet,NEG,2018-12-01,5.035757142857143,4.396756028395325,0.6390011144618182
rolling,6,ElasticNet,NEG,2019-01-01,4.934044444444444,4.008801132384718,0.9252433120597257
rolling,6,ElasticNet,NEG,2019-02-01,4.7935,4.031100705337847,0.7623992946621527
rolling,6,ElasticNet,NEG,2019-03-01,4.410036842105264,3.7229000544132056,0.687136787692058
rolling,6,ElasticNet,NEG,2019-04-01,4.32444761904762,3.628615876564166,0.6958317424834544
rolling,6,ElasticNet,NEG,2019-05-01,4.088347826086957,3.4931214634842966,0.5952263626026602
rolling,6,ElasticNet,NEG,2019-06-01,4.01318,3.704039213473524,0.30914078652647614
rolling,6,ElasticNet,NEG,2019-07-01,3.979216666666667,3.287464567485687,0.69175209918098
rolling,6,ElasticNet,NEG,2019-08-01,3.831255,3.426610687589362,0.40464431241063803
rolling,6,ElasticNet,NEG,2019-09-01,3.672726315789474,3.0917628615493675,0.5809634542401065
rolling,6,ElasticNet,None,2016-01-01,2.51565,2.012900727579652,0.5027492724203477
rolling,6,ElasticNet,None,2016-02-01,2.5214052631578947,2.181977181661871,0.33942808149602355
rolling,6,ElasticNet,None,2016-03-01,2.517215,2.419286268119828,0.09792873188017204
rolling,6,ElasticNet,None,2016-04-01,2.514826315789474,2.5222344672485972,-0.007408151459123324
rolling,6,ElasticNet,None,2016-05-01,2.5058625,2.80413449013801,-0.29827199013801
rolling,6,ElasticNet,None,2016-06-01,2.5015650000000003,3.0650944146067665,-0.5635294146067662
rolling,6,ElasticNet,None,2016-07-01,2.518775,2.5636836330282,-0.044908633028199585
rolling,6,ElasticNet,None,2016-08-01,2.527788888888889,2.6299212385249553,-0.10213234963606643
rolling,6,ElasticNet,None,2016-09-01,2.51759375,2.6896276665745815,-0.17203391657458145
rolling,6,ElasticNet,None,2016-10-01,2.535536363636364,2.443238328580163,0.09229803505620104
rolling,6,ElasticNet,None,2016-11-01,2.5772411764705883,2.4793664279214425,0.0978747485491458
rolling,6,ElasticNet,None,2016-12-01,2.57815,2.793575979437788,-0.21542597943778796
rolling,6,ElasticNet,None,2017-01-01,2.5543,2.9361669692706274,-0.38186696927062735
rolling,6,ElasticNet,None,2017-02-01,2.5655,2.6183621374764874,-0.05286213747648727
rolling,6,ElasticNet,None,2017-03-01,2.553335294117648,2.528226051002278,0.025109243115370106
rolling,6,ElasticNet,None,2017-04-01,2.5712,2.5283073150150814,0.042892684984918716
rolling,6,ElasticNet,None,2017-05-01,2.65784,1.91470670678742,0.7431332932125803
rolling,6,ElasticNet,None,2017-06-01,2.69046,2.1550066845268736,0.5354533154731262
rolling,6,ElasticNet,None,2017-07-01,3.0855473684210524,2.120241913700555,0.9653054547204976
rolling,6,ElasticNet,None,2017-08-01,3.0982380952380955,1.9584085516519927,1.1398295435861028
rolling,6,ElasticNet,None,2017-09-01,3.075673684210526,2.3327535371190202,0.7429201470915059
rolling,6,ElasticNet,None,2017-10-01,3.065655,2.433967736388318,0.6316872636116821
rolling,6,ElasticNet,None,2017-11-01,3.15159,2.7259260751599537,0.42566392484004645
rolling,6,ElasticNet,None,2017-12-01,3.30657619047619,2.763378801266706,0.5431973892094839
rolling,6,ElasticNet,None,2018-01-01,3.4621947368421053,3.0068809455282492,0.4553137913138561
rolling,6,ElasticNet,None,2018-02-01,3.6392136363636367,2.9276074409508785,0.7116061954127582
rolling,6,ElasticNet,None,2018-03-01,3.934538095238095,3.0952410933754795,0.8392970018626156
rolling,6,ElasticNet,None,2018-04-01,4.20315,3.0344231548134357,1.1687268451865642
rolling,6,ElasticNet,None,2018-05-01,4.641321739130435,3.513091946099939,1.1282297930304956
rolling,6,ElasticNet,None,2018-06-01,4.782921052631579,3.438541537185072,1.3443795154465072
rolling,6,ElasticNet,None,2018-07-01,4.948788235294118,3.615248000403266,1.3335402348908518
rolling,6,ElasticNet,None,2018-08-01,5.096627272727273,4.087367158617467,1.0092601141098054
rolling,6,ElasticNet,None,2018-09-01,5.116333333333333,4.077960400392357,1.0383729329409768
rolling,6,ElasticNet,None,2018-10-01,5.169666666666667,4.55853161015472,0.6111350565119471
rolling,6,ElasticNet,None,2018-11-01,5.220527777777778,4.420449814169706,0.8000779636080715
rolling,6,ElasticNet,None,2018-12-01,5.035757142857143,4.335780720099653,0.6999764227574898
rolling,6,ElasticNet,None,2019-01-01,4.934044444444444,4.122449278794605,0.8115951656498392
rolling,6,ElasticNet,None,2019-02-01,4.7935,3.965422703606943,0.8280772963930567
rolling,6,ElasticNet,None,2019-03-01,4.410036842105264,3.7147717445563346,0.695265097548929
rolling,6,ElasticNet,None,2019-04-01,4.32444761904762,3.583701114651376,0.7407465043962445
rolling,6,ElasticNet,None,2019-05-01,4.088347826086957,3.5134873588697477,0.5748604672172091
rolling,6,ElasticNet,None,2019-06-01,4.01318,3.7167305381656615,0.29644946183433873
rolling,6,ElasticNet,None,2019-07-01,3.979216666666667,3.2678690580426872,0.7113476086239796
rolling,6,ElasticNet,None,2019-08-01,3.831255,3.512703085846891,0.318551914153109
rolling,6,ElasticNet,None,2019-09-01,3.672726315789474,3.0332395297405332,0.6394867860489408
rolling,6,ElasticNet,POSNEG,2016-01-01,2.51565,2.2822383618405766,0.23341163815942334
rolling,6,ElasticNet,POSNEG,2016-02-01,2.5214052631578947,2.228604306151553,0.2928009570063419
rolling,6,ElasticNet,POSNEG,2016-03-01,2.517215,2.4454531114058957,0.07176188859410448
rolling,6,ElasticNet,POSNEG,2016-04-01,2.514826315789474,2.4949108254930317,0.01991549029644224
rolling,6,ElasticNet,POSNEG,2016-05-01,2.5058625,2.899984998477984,-0.3941224984779841
rolling,6,ElasticNet,POSNEG,2016-06-01,2.5015650000000003,2.981142380039139,-0.47957738003913875
rolling,6,ElasticNet,POSNEG,2016-07-01,2.518775,2.557629277057046,-0.038854277057045916
rolling,6,ElasticNet,POSNEG,2016-08-01,2.527788888888889,2.7736842846914147,-0.24589539580252584
rolling,6,ElasticNet,POSNEG,2016-09-01,2.51759375,2.7839688436250465,-0.2663750936250464
rolling,6,ElasticNet,POSNEG,2016-10-01,2.535536363636364,2.5932070123549447,-0.05767064871858052
rolling,6,ElasticNet,POSNEG,2016-11-01,2.5772411764705883,2.508205438816489,0.0690357376540991
rolling,6,ElasticNet,POSNEG,2016-12-01,2.57815,2.710703292074937,-0.13255329207493727
rolling,6,ElasticNet,POSNEG,2017-01-01,2.5543,3.026857289063369,-0.4725572890633689
rolling,6,ElasticNet,POSNEG,2017-02-01,2.5655,2.698927590760711,-0.13342759076071076
rolling,6,ElasticNet,POSNEG,2017-03-01,2.553335294117648,2.542865236605611,0.010470057512037112
rolling,6,ElasticNet,POSNEG,2017-04-01,2.5712,2.5271366258237045,0.04406337417629569
rolling,6,ElasticNet,POSNEG,2017-05-01,2.65784,1.9083576727775506,0.7494823272224496
rolling,6,ElasticNet,POSNEG,2017-06-01,2.69046,2.160391512430436,0.5300684875695638
rolling,6,ElasticNet,POSNEG,2017-07-01,3.0855473684210524,2.150427808766643,0.9351195596544093
rolling,6,ElasticNet,POSNEG,2017-08-01,3.0982380952380955,1.9908863067509937,1.1073517884871018
rolling,6,ElasticNet,POSNEG,2017-09-01,3.075673684210526,2.3089655499062243,0.7667081343043018
rolling,6,ElasticNet,POSNEG,2017-10-01,3.065655,2.496664055205587,0.5689909447944128
rolling,6,ElasticNet,POSNEG,2017-11-01,3.15159,2.8227930651386415,0.32879693486135864
rolling,6,ElasticNet,POSNEG,2017-12-01,3.30657619047619,2.7800766429971975,0.5264995474789926
rolling,6,ElasticNet,POSNEG,2018-01-01,3.4621947368421053,3.06975738352613,0.3924373533159753
rolling,6,ElasticNet,POSNEG,2018-02-01,3.6392136363636367,2.965398035430781,0.6738156009328558
rolling,6,ElasticNet,POSNEG,2018-03-01,3.934538095238095,3.080392482555231,0.8541456126828639
rolling,6,ElasticNet,POSNEG,2018-04-01,4.20315,3.131529384170222,1.071620615829778
rolling,6,ElasticNet,POSNEG,2018-05-01,4.641321739130435,3.4567873731867915,1.1845343659436431
rolling,6,ElasticNet,POSNEG,2018-06-01,4.782921052631579,3.4505386635882207,1.3323823890433584
rolling,6,ElasticNet,POSNEG,2018-07-01,4.948788235294118,3.6403613786896223,1.3084268566044956
rolling,6,ElasticNet,POSNEG,2018-08-01,5.096627272727273,4.083411685673448,1.0132155870538249
rolling,6,ElasticNet,POSNEG,2018-09-01,5.116333333333333,4.035345321609175,1.0809880117241581
rolling,6,ElasticNet,POSNEG,2018-10-01,5.169666666666667,4.861644266091809,0.30802240057485797
rolling,6,ElasticNet,POSNEG,2018-11-01,5.220527777777778,4.657054188495641,0.563473589282137
rolling,6,ElasticNet,POSNEG,2018-12-01,5.035757142857143,4.507080484623921,0.5286766582332225
rolling,6,ElasticNet,POSNEG,2019-01-01,4.934044444444444,4.057787384895033,0.8762570595494106
rolling,6,ElasticNet,POSNEG,2019-02-01,4.7935,3.3667564265216576,1.4267435734783422
rolling,6,ElasticNet,POSNEG,2019-03-01,4.410036842105264,3.9222593696776147,0.4877774724276489
rolling,6,ElasticNet,POSNEG,2019-04-01,4.32444761904762,3.819884775487231,0.5045628435603895
rolling,6,ElasticNet,POSNEG,2019-05-01,4.088347826086957,3.642624953396979,0.445722872689978
rolling,6,ElasticNet,POSNEG,2019-06-01,4.01318,3.7113847615552022,0.30179523844479794
rolling,6,ElasticNet,POSNEG,2019-07-01,3.979216666666667,3.2477513902148667,0.7314652764518002
rolling,6,ElasticNet,POSNEG,2019-08-01,3.831255,3.451961373102715,0.3792936268972853
rolling,6,ElasticNet,POSNEG,2019-09-01,3.672726315789474,3.203815968246893,0.4689103475425811
rolling,6,ElasticNet,ToneMean,2016-01-01,2.51565,2.070889291412202,0.4447607085877978
rolling,6,ElasticNet,ToneMean,2016-02-01,2.5214052631578947,2.2200187474017596,0.30138651575613506
rolling,6,ElasticNet,ToneMean,2016-03-01,2.517215,2.403252380313965,0.11396261968603527
rolling,6,ElasticNet,ToneMean,2016-04-01,2.514826315789474,2.538761174103082,-0.02393485831360831
rolling,6,ElasticNet,ToneMean,2016-05-01,2.5058625,2.8661624780782575,-0.3602999780782574
rolling,6,ElasticNet,ToneMean,2016-06-01,2.5015650000000003,3.062641787474143,-0.5610767874741427
rolling,6,ElasticNet,ToneMean,2016-07-01,2.518775,2.557284473523759,-0.038509473523758775
rolling,6,ElasticNet,ToneMean,2016-08-01,2.527788888888889,2.636020381267542,-0.10823149237865293
rolling,6,ElasticNet,ToneMean,2016-09-01,2.51759375,2.681687029220265,-0.16409327922026495
rolling,6,ElasticNet,ToneMean,2016-10-01,2.535536363636364,2.4384207659324515,0.09711559770391265
rolling,6,ElasticNet,ToneMean,2016-11-01,2.5772411764705883,2.476791158603591,0.10045001786699714
rolling,6,ElasticNet,ToneMean,2016-12-01,2.57815,2.8160851012656156,-0.23793510126561568
rolling,6,ElasticNet,ToneMean,2017-01-01,2.5543,2.9274932824152216,-0.37319328241522154
rolling,6,ElasticNet,ToneMean,2017-02-01,2.5655,2.6192914645250758,-0.05379146452507566
rolling,6,ElasticNet,ToneMean,2017-03-01,2.553335294117648,2.535364255312569,0.01797103880507933
rolling,6,ElasticNet,ToneMean,2017-04-01,2.5712,2.5338192884093442,0.037380711590655924
rolling,6,ElasticNet,ToneMean,2017-05-01,2.65784,1.9246117386384278,0.7332282613615724
rolling,6,ElasticNet,ToneMean,2017-06-01,2.69046,2.164156277800764,0.5263037221992359
rolling,6,ElasticNet,ToneMean,2017-07-01,3.0855473684210524,2.1487363291166286,0.9368110393044238
rolling,6,ElasticNet,ToneMean,2017-08-01,3.0982380952380955,1.9959110730014804,1.102327022236615
rolling,6,ElasticNet,ToneMean,2017-09-01,3.075673684210526,2.369977783842161,0.7056959003683652
rolling,6,ElasticNet,ToneMean,2017-10-01,3.065655,2.498211578296615,0.567443421703385
rolling,6,ElasticNet,ToneMean,2017-11-01,3.15159,2.819499293016789,0.3320907069832111
rolling,6,ElasticNet,ToneMean,2017-12-01,3.30657619047619,2.7776466205373844,0.5289295699388057
rolling,6,ElasticNet,ToneMean,2018-01-01,3.4621947368421053,3.070742963674888,0.39145177316721735
rolling,6,ElasticNet,ToneMean,2018-02-01,3.6392136363636367,2.9682204171848965,0.6709932191787402
rolling,6,ElasticNet,ToneMean,2018-03-01,3.934538095238095,3.087228640991183,0.8473094542469122
rolling,6,ElasticNet,ToneMean,2018-04-01,4.20315,3.1118333752717082,1.0913166247282917
rolling,6,ElasticNet,ToneMean,2018-05-01,4.641321739130435,3.4680241044567808,1.1732976346736539
rolling,6,ElasticNet,ToneMean,2018-06-01,4.782921052631579,3.4783827358681334,1.3045383167634457
rolling,6,ElasticNet,ToneMean,2018-07-01,4.948788235294118,3.6338037408805883,1.3149844944135296
rolling,6,ElasticNet,ToneMean,2018-08-01,5.096627272727273,4.055167785144361,1.0414594875829115
rolling,6,ElasticNet,ToneMean,2018-09-01,5.116333333333333,4.00882462331957,1.1075087100137635
rolling,6,ElasticNet,ToneMean,2018-10-01,5.169666666666667,4.7922616614629305,0.37740500520373654
rolling,6,ElasticNet,ToneMean,2018-11-01,5.220527777777778,4.677031413430534,0.5434963643472441
rolling,6,ElasticNet,ToneMean,2018-12-01,5.035757142857143,4.446043126709289,0.5897140161478545
rolling,6,ElasticNet,ToneMean,2019-01-01,4.934044444444444,3.979590472457745,0.9544539719866991
rolling,6,ElasticNet,ToneMean,2019-02-01,4.7935,3.7505425660298233,1.0429574339701766
rolling,6,ElasticNet,ToneMean,2019-03-01,4.410036842105264,3.932835689766402,0.4772011523388615
rolling,6,ElasticNet,ToneMean,2019-04-01,4.32444761904762,3.8669515771646,0.4574960418830205
rolling,6,ElasticNet,ToneMean,2019-05-01,4.088347826086957,3.590830370025175,0.4975174560617819
rolling,6,ElasticNet,ToneMean,2019-06-01,4.01318,3.695141669560613,0.318038330439387
rolling,6,ElasticNet,ToneMean,2019-07-01,3.979216666666667,3.2825873729943362,0.6966292936723306
rolling,6,ElasticNet,ToneMean,2019-08-01,3.831255,3.418221258191834,0.413033741808166
rolling,6,ElasticNet,ToneMean,2019-09-01,3.672726315789474,3.2481175477756032,0.4246087680138708
rolling,6,Lasso,NEG,2016-01-01,2.51565,2.0133040850326247,0.5023459149673752
rolling,6,Lasso,NEG,2016-02-01,2.5214052631578947,2.1784318967898795,0.34297336636801523
rolling,6,Lasso,NEG,2016-03-01,2.517215,2.4105371242879556,0.10667787571204457
rolling,6,Lasso,NEG,2016-04-01,2.514826315789474,2.505715353851911,0.009110961937563111
rolling,6,Lasso,NEG,2016-05-01,2.5058625,2.7787588126298064,-0.2728963126298063
rolling,6,Lasso,NEG,2016-06-01,2.5015650000000003,3.0376339916044643,-0.5360689916044641
rolling,6,Lasso,NEG,2016-07-01,2.518775,2.5547955872188117,-0.03602058721881152
rolling,6,Lasso,NEG,2016-08-01,2.527788888888889,2.6312650368458534,-0.10347614795696458
rolling,6,Lasso,NEG,2016-09-01,2.51759375,2.71153038107043,-0.19393663107043002
rolling,6,Lasso,NEG,2016-10-01,2.535536363636364,2.4760322877919485,0.05950407584441564
rolling,6,Lasso,NEG,2016-11-01,2.5772411764705883,2.500658972684357,0.07658220378623115
rolling,6,Lasso,NEG,2016-12-01,2.57815,2.736739833857885,-0.15858983385788505
rolling,6,Lasso,NEG,2017-01-01,2.5543,2.926186310013126,-0.3718863100131258
rolling,6,Lasso,NEG,2017-02-01,2.5655,2.62614063340569,-0.060640633405689925
rolling,6,Lasso,NEG,2017-03-01,2.553335294117648,2.5229906360950656,0.03034465802258257
rolling,6,Lasso,NEG,2017-04-01,2.5712,2.5241782813081017,0.04702171869189842
rolling,6,Lasso,NEG,2017-05-01,2.65784,1.9280424941689325,0.7297975058310677
rolling,6,Lasso,NEG,2017-06-01,2.69046,2.150599001794947,0.5398609982050528
rolling,6,Lasso,NEG,2017-07-01,3.0855473684210524,2.1378523449111446,0.9476950235099078
rolling,6,Lasso,NEG,2017-08-01,3.0982380952380955,1.991923887134152,1.1063142081039434
rolling,6,Lasso,NEG,2017-09-01,3.075673684210526,2.358912354718222,0.7167613294923041
rolling,6,Lasso,NEG,2017-10-01,3.065655,2.445664665148097,0.6199903348519031
rolling,6,Lasso,NEG,2017-11-01,3.15159,2.739689694798238,0.41190030520176224
rolling,6,Lasso,NEG,2017-12-01,3.30657619047619,2.761998414463616,0.5445777760125741
rolling,6,Lasso,NEG,2018-01-01,3.4621947368421053,2.9919974375056206,0.4701972993364847
rolling,6,Lasso,NEG,2018-02-01,3.6392136363636367,2.9050172373110565,0.7341963990525802
rolling,6,Lasso,NEG,2018-03-01,3.934538095238095,3.064946283122691,0.869591812115404
rolling,6,Lasso,NEG,2018-04-01,4.20315,2.997020192903701,1.206129807096299
rolling,6,Lasso,NEG,2018-05-01,4.641321739130435,3.441376847505649,1.1999448916247855
rolling,6,Lasso,NEG,2018-06-01,4.782921052631579,3.3828708187073286,1.4000502339242504
rolling,6,Lasso,NEG,2018-07-01,4.948788235294118,3.5385049914229345,1.4102832438711834
rolling,6,Lasso,NEG,2018-08-01,5.096627272727273,3.9980314046181986,1.098595868109074
rolling,6,Lasso,NEG,2018-09-01,5.116333333333333,3.945395301502851,1.1709380318304823
rolling,6,Lasso,NEG,2018-10-01,5.169666666666667,4.536002957039317,0.6336637096273501
rolling,6,Lasso,NEG,2018-11-01,5.220527777777778,4.402040667543705,0.8184871102340727
rolling,6,Lasso,NEG,2018-12-01,5.035757142857143,4.36681666537865,0.6689404774784933
rolling,6,Lasso,NEG,2019-01-01,4.934044444444444,4.003122873000397,0.9309215714440473
rolling,6,Lasso,NEG,2019-02-01,4.7935,4.003652128468236,0.7898478715317641
rolling,6,Lasso,NEG,2019-03-01,4.410036842105264,3.7194794813574994,0.6905573607477642
rolling,6,Lasso,NEG,2019-04-01,4.32444761904762,3.623628542097755,0.7008190769498652
rolling,6,Lasso,NEG,2019-05-01,4.088347826086957,3.512163025342583,0.576184800744374
rolling,6,Lasso,NEG,2019-06-01,4.01318,3.6983709812034813,0.3148090187965189
rolling,6,Lasso,NEG,2019-07-01,3.979216666666667,3.271382592007395,0.7078340746592717
rolling,6,Lasso,NEG,2019-08-01,3.831255,3.411579160188206,0.4196758398117941
rolling,6,Lasso,NEG,2019-09-01,3.672726315789474,3.0724097103410077,0.6003166054484663
rolling,6,Lasso,None,2016-01-01,2.51565,2.0133038250547086,0.5023461749452913
rolling,6,Lasso,None,2016-02-01,2.5214052631578947,2.1784180471894103,0.34298721596848436
rolling,6,Lasso,None,2016-03-01,2.517215,2.410535263915967,0.10667973608403303
rolling,6,Lasso,None,2016-04-01,2.514826315789474,2.505717225489424,0.009109090300049694
rolling,6,Lasso,None,2016-05-01,2.5058625,2.7814974413330447,-0.27563494133304456
rolling,6,Lasso,None,2016-06-01,2.5015650000000003,3.0427119483612226,-0.5411469483612223
rolling,6,Lasso,None,2016-07-01,2.518775,2.5541385668842147,-0.03536356688421449
rolling,6,Lasso,None,2016-08-01,2.527788888888889,2.618981969442164,-0.09119308055327524
rolling,6,Lasso,None,2016-09-01,2.51759375,2.6866496892225316,-0.16905593922253148
rolling,6,Lasso,None,2016-10-01,2.535536363636364,2.4418905825445902,0.0936457810917739
rolling,6,Lasso,None,2016-11-01,2.5772411764705883,2.484790558527897,0.09245061794269116
rolling,6,Lasso,None,2016-12-01,2.57815,2.7796140738040958,-0.2014640738040958
rolling,6,Lasso,None,2017-01-01,2.5543,2.9261859158074857,-0.37188591580748565
rolling,6,Lasso,None,2017-02-01,2.5655,2.6261398641033624,-0.060639864103362306
rolling,6,Lasso,None,2017-03-01,2.553335294117648,2.5229924552405776,0.030342838877070566
rolling,6,Lasso,None,2017-04-01,2.5712,2.5241793648323507,0.04702063516764943
rolling,6,Lasso,None,2017-05-01,2.65784,1.928042604438693,0.7297973955613073
rolling,6,Lasso,None,2017-06-01,2.69046,2.1505994595341904,0.5398605404658094
rolling,6,Lasso,None,2017-07-01,3.0855473684210524,2.137852152935423,0.9476952154856293
rolling,6,Lasso,None,2017-08-01,3.0982380952380955,1.9839188348764223,1.1143192603616732
rolling,6,Lasso,None,2017-09-01,3.075673684210526,2.3350451915988213,0.7406284926117048
rolling,6,Lasso,None,2017-10-01,3.065655,2.4381539618858183,0.6275010381141817
rolling,6,Lasso,None,2017-11-01,3.15159,2.724388003440786,0.427201996559214
rolling,6,Lasso,None,2017-12-01,3.30657619047619,2.749795594311756,0.5567805961644341
rolling,6,Lasso,None,2018-01-01,3.4621947368421053,2.9843219853706917,0.4778727514714136
rolling,6,Lasso,None,2018-02-01,3.6392136363636367,2.897998016176723,0.7412156201869138
rolling,6,Lasso,None,2018-03-01,3.934538095238095,3.0631283359075625,0.8714097593305326
rolling,6,Lasso,None,2018-04-01,4.20315,2.982297701118223,1.220852298881777
rolling,6,Lasso,None,2018-05-01,4.641321739130435,3.4442845056519062,1.1970372334785284
rolling,6,Lasso,None,2018-06-01,4.782921052631579,3.3778421691973852,1.4050788834341938
rolling,6,Lasso,None,2018-07-01,4.948788235294118,3.5594538096061754,1.3893344256879425
rolling,6,Lasso,None,2018-08-01,5.096627272727273,4.040562530991431,1.0560647417358417
rolling,6,Lasso,None,2018-09-01,5.116333333333333,4.032880880263871,1.0834524530694623
rolling,6,Lasso,None,2018-10-01,5.169666666666667,4.537141430251574,0.6325252364150931
rolling,6,Lasso,None,2018-11-01,5.220527777777778,4.414345763077233,0.8061820147005445
rolling,6,Lasso,None,2018-12-01,5.035757142857143,4.314760446510889,0.720996696346254
rolling,6,Lasso,None,2019-01-01,4.934044444444444,4.102891244282061,0.8311532001623831
rolling,6,Lasso,None,2019-02-01,4.7935,3.953115806588319,0.8403841934116807
rolling,6,Lasso,None,2019-03-01,4.410036842105264,3.712681534787607,0.6973553073176566
rolling,6,Lasso,None,2019-04-01,4.32444761904762,3.587956638209667,0.7364909808379534
rolling,6,Lasso,None,2019-05-01,4.088347826086957,3.5283444404016144,0.5600033856853424
rolling,6,Lasso,None,2019-06-01,4.01318,3.6981468512987243,0.31503314870127586
rolling,6,Lasso,None,2019-07-01,3.979216666666667,3.2538180500664904,0.7253986166001765
rolling,6,Lasso,None,2019-08-01,3.831255,3.4631849596835154,0.3680700403164847
rolling,6,Lasso,None,2019-09-01,3.672726315789474,3.0094180962802644,0.6633082195092097
rolling,6,Lasso,POSNEG,2016-01-01,2.51565,2.262615942990222,0.25303405700977777
rolling,6,Lasso,POSNEG,2016-02-01,2.5214052631578947,2.225667559260157,0.2957377038977378
rolling,6,Lasso,POSNEG,2016-03-01,2.517215,2.4393099432326126,0.07790505676738757
rolling,6,Lasso,POSNEG,2016-04-01,2.514826315789474,2.4957585320756954,0.019067783713778486
rolling,6,Lasso,POSNEG,2016-05-01,2.5058625,2.886663269657009,-0.38080076965700904
rolling,6,Lasso,POSNEG,2016-06-01,2.5015650000000003,2.9758852642643125,-0.4743202642643123
rolling,6,Lasso,POSNEG,2016-07-01,2.518775,2.554449454526587,-0.035674454526586796
rolling,6,Lasso,POSNEG,2016-08-01,2.527788888888889,2.767039878375635,-0.23925098948674606
rolling,6,Lasso,POSNEG,2016-09-01,2.51759375,2.770313031081982,-0.25271928108198205
rolling,6,Lasso,POSNEG,2016-10-01,2.535536363636364,2.574577847586092,-0.03904148394972795
rolling,6,Lasso,POSNEG,2016-11-01,2.5772411764705883,2.5093689453911328,0.0678722310794555
rolling,6,Lasso,POSNEG,2016-12-01,2.57815,2.7125887798525343,-0.13443877985253438
rolling,6,Lasso,POSNEG,2017-01-01,2.5543,2.999683145073995,-0.4453831450739951
rolling,6,Lasso,POSNEG,2017-02-01,2.5655,2.6850588952279915,-0.11955889522799135
rolling,6,Lasso,POSNEG,2017-03-01,2.553335294117648,2.5387321556535754,0.014603138464072796
rolling,6,Lasso,POSNEG,2017-04-01,2.5712,2.531160654023501,0.04003934597649916
rolling,6,Lasso,POSNEG,2017-05-01,2.65784,1.9320305372744189,0.7258094627255813
rolling,6,Lasso,POSNEG,2017-06-01,2.69046,2.157594225446898,0.5328657745531018
rolling,6,Lasso,POSNEG,2017-07-01,3.0855473684210524,2.16641046247154,0.9191369059495123
rolling,6,Lasso,POSNEG,2017-08-01,3.0982380952380955,2.0214241986512427,1.0768138965868528
rolling,6,Lasso,POSNEG,2017-09-01,3.075673684210526,2.3173570196978974,0.7583166645126287
rolling,6,Lasso,POSNEG,2017-10-01,3.065655,2.5008274214637476,0.5648275785362524
rolling,6,Lasso,POSNEG,2017-11-01,3.15159,2.8048289307957637,0.34676106920423644
rolling,6,Lasso,POSNEG,2017-12-01,3.30657619047619,2.7641430962440023,0.5424330942321878
rolling,6,Lasso,POSNEG,2018-01-01,3.4621947368421053,3.0401580001380952,0.4220367367040101
rolling,6,Lasso,POSNEG,2018-02-01,3.6392136363636367,2.9282712438122154,0.7109423925514213
rolling,6,Lasso,POSNEG,2018-03-01,3.934538095238095,3.047402111918408,0.8871359833196872
rolling,6,Lasso,POSNEG,2018-04-01,4.20315,3.083269920857031,1.1198800791429688
rolling,6,Lasso,POSNEG,2018-05-01,4.641321739130435,3.38638172162007,1.2549400175103647
rolling,6,Lasso,POSNEG,2018-06-01,4.782921052631579,3.3947805809517777,1.3881404716798014
rolling,6,Lasso,POSNEG,2018-07-01,4.948788235294118,3.586129966152113,1.3626582691420048
rolling,6,Lasso,POSNEG,2018-08-01,5.096627272727273,4.038803604591754,1.0578236681355184
rolling,6,Lasso,POSNEG,2018-09-01,5.116333333333333,4.000745457811185,1.1155878755221487
rolling,6,Lasso,POSNEG,2018-10-01,5.169666666666667,4.84190934191645,0.327757324750217
rolling,6,Lasso,POSNEG,2018-11-01,5.220527777777778,4.653198169549546,0.5673296082282322
rolling,6,Lasso,POSNEG,2018-12-01,5.035757142857143,4.475794522133869,0.5599626207232742
rolling,6,Lasso,POSNEG,2019-01-01,4.934044444444444,4.051134527221693,0.8829099172227508
rolling,6,Lasso,POSNEG,2019-02-01,4.7935,3.3646408522956204,1.4288591477043795
rolling,6,Lasso,POSNEG,2019-03-01,4.410036842105264,3.914231146746115,0.49580569535914876
rolling,6,Lasso,POSNEG,2019-04-01,4.32444761904762,3.8094659373469533,0.5149816817006672
rolling,6,Lasso,POSNEG,2019-05-01,4.088347826086957,3.657892625492684,0.430455200594273
rolling,6,Lasso,POSNEG,2019-06-01,4.01318,3.7184331957819774,0.2947468042180228
rolling,6,Lasso,POSNEG,2019-07-01,3.979216666666667,3.2399903328134614,0.7392263338532055
rolling,6,Lasso,POSNEG,2019-08-01,3.831255,3.4305754084459164,0.4006795915540837
rolling,6,Lasso,POSNEG,2019-09-01,3.672726315789474,3.1788038322169077,0.4939224835725664
rolling,6,Lasso,ToneMean,2016-01-01,2.51565,2.0687279536739975,0.4469220463260024
rolling,6,Lasso,ToneMean,2016-02-01,2.5214052631578947,2.216718628067238,0.30468663509065674
rolling,6,Lasso,ToneMean,2016-03-01,2.517215,2.4003870128027804,0.11682798719721976
rolling,6,Lasso,ToneMean,2016-04-01,2.514826315789474,2.5263974702077223,-0.011571154418248408
rolling,6,Lasso,ToneMean,2016-05-01,2.5058625,2.8441343636649217,-0.33827186366492157
rolling,6,Lasso,ToneMean,2016-06-01,2.5015650000000003,3.042601953949624,-0.5410369539496238
rolling,6,Lasso,ToneMean,2016-07-01,2.518775,2.5539527721216966,-0.03517777212169637
rolling,6,Lasso,ToneMean,2016-08-01,2.527788888888889,2.627710931856344,-0.09992204296745522
rolling,6,Lasso,ToneMean,2016-09-01,2.51759375,2.679420290205677,-0.1618265402056771
rolling,6,Lasso,ToneMean,2016-10-01,2.535536363636364,2.437513094617512,0.09802326901885206
rolling,6,Lasso,ToneMean,2016-11-01,2.5772411764705883,2.4829028253262857,0.09433835114430256
rolling,6,Lasso,ToneMean,2016-12-01,2.57815,2.799057361030052,-0.22090736103005204
rolling,6,Lasso,ToneMean,2017-01-01,2.5543,2.917606640795924,-0.363306640795924
rolling,6,Lasso,ToneMean,2017-02-01,2.5655,2.6270572839825133,-0.061557283982513145
rolling,6,Lasso,ToneMean,2017-03-01,2.553335294117648,2.529398046325399,0.02393724779224904
rolling,6,Lasso,ToneMean,2017-04-01,2.5712,2.5291481430412004,0.04205185695879976
rolling,6,Lasso,ToneMean,2017-05-01,2.65784,1.9370508064062824,0.7207891935937178
rolling,6,Lasso,ToneMean,2017-06-01,2.69046,2.1590306492814606,0.5314293507185393
rolling,6,Lasso,ToneMean,2017-07-01,3.0855473684210524,2.1644378262314543,0.9211095421895981
rolling,6,Lasso,ToneMean,2017-08-01,3.0982380952380955,2.0250766443064574,1.073161450931638
rolling,6,Lasso,ToneMean,2017-09-01,3.075673684210526,2.373608048268887,0.7020656359416391
rolling,6,Lasso,ToneMean,2017-10-01,3.065655,2.4984700499485832,0.5671849500514168
rolling,6,Lasso,ToneMean,2017-11-01,3.15159,2.80191771631006,0.34967228368993997
rolling,6,Lasso,ToneMean,2017-12-01,3.30657619047619,2.763059177882511,0.543517012593679
rolling,6,Lasso,ToneMean,2018-01-01,3.4621947368421053,3.040525711374519,0.42166902546758633
rolling,6,Lasso,ToneMean,2018-02-01,3.6392136363636367,2.9305994568341522,0.7086141795294845
rolling,6,Lasso,ToneMean,2018-03-01,3.934538095238095,3.0550048339598685,0.8795332612782265
rolling,6,Lasso,ToneMean,2018-04-01,4.20315,3.0668721460295387,1.1362778539704612
rolling,6,Lasso,ToneMean,2018-05-01,4.641321739130435,3.399122902936897,1.2421988361935377
rolling,6,Lasso,ToneMean,2018-06-01,4.782921052631579,3.4146126519361633,1.3683084006954158
rolling,6,Lasso,ToneMean,2018-07-01,4.948788235294118,3.57688719215913,1.3719010431349878
rolling,6,Lasso,ToneMean,2018-08-01,5.096627272727273,4.009444939256335,1.0871823334709374
rolling,6,Lasso,ToneMean,2018-09-01,5.116333333333333,3.964830109759476,1.1515032235738576
rolling,6,Lasso,ToneMean,2018-10-01,5.169666666666667,4.762633192894134,0.4070334737725334
rolling,6,Lasso,ToneMean,2018-11-01,5.220527777777778,4.662571072209175,0.5579567055686026
rolling,6,Lasso,ToneMean,2018-12-01,5.035757142857143,4.421081610500353,0.6146755323567898
rolling,6,Lasso,ToneMean,2019-01-01,4.934044444444444,3.9622316684313628,0.9718127760130812
rolling,6,Lasso,ToneMean,2019-02-01,4.7935,3.7452496036386327,1.0482503963613672
rolling,6,Lasso,ToneMean,2019-03-01,4.410036842105264,3.921769629986168,0.48826721211909563
rolling,6,Lasso,ToneMean,2019-04-01,4.32444761904762,3.857047485887486,0.4674001331601345
rolling,6,Lasso,ToneMean,2019-05-01,4.088347826086957,3.6012481885215193,0.4870996375654375
rolling,6,Lasso,ToneMean,2019-06-01,4.01318,3.703343796457721,0.30983620354227925
rolling,6,Lasso,ToneMean,2019-07-01,3.979216666666667,3.2785309092721704,0.7006857573944965
rolling,6,Lasso,ToneMean,2019-08-01,3.831255,3.4001232156900048,0.4311317843099953
rolling,6,Lasso,ToneMean,2019-09-01,3.672726315789474,3.225623895002053,0.447102420787421
rolling,6,OLS,NEG,2016-01-01,2.51565,2.0135577057722864,0.5020922942277135
rolling,6,OLS,NEG,2016-02-01,2.5214052631578947,2.1922603859559184,0.32914487720197627
rolling,6,OLS,NEG,2016-03-01,2.517215,2.427320351310012,0.08989464868998809
rolling,6,OLS,NEG,2016-04-01,2.514826315789474,2.543200807470508,-0.02837449168103401
rolling,6,OLS,NEG,2016-05-01,2.5058625,2.8154172823832972,-0.30955478238329714
rolling,6,OLS,NEG,2016-06-01,2.5015650000000003,3.068275920105746,-0.5667109201057459
rolling,6,OLS,NEG,2016-07-01,2.518775,2.579525956711641,-0.06075095671164066
rolling,6,OLS,NEG,2016-08-01,2.527788888888889,2.648332361545777,-0.12054347265688792
rolling,6,OLS,NEG,2016-09-01,2.51759375,2.7277900928769023,-0.21019634287690225
rolling,6,OLS,NEG,2016-10-01,2.535536363636364,2.4910238665092113,0.044512497127152884
rolling,6,OLS,NEG,2016-11-01,2.5772411764705883,2.4888577818145894,0.08838339465599887
rolling,6,OLS,NEG,2016-12-01,2.57815,2.726516022410811,-0.1483660224108112
rolling,6,OLS,NEG,2017-01-01,2.5543,2.967827637499545,-0.4135276374995449
rolling,6,OLS,NEG,2017-02-01,2.5655,2.631081643173903,-0.06558164317390291
rolling,6,OLS,NEG,2017-03-01,2.553335294117648,2.5309877420391973,0.02234755207845085
rolling,6,OLS,NEG,2017-04-01,2.5712,2.5270640146795915,0.04413598532040863
rolling,6,OLS,NEG,2017-05-01,2.65784,1.8783427773917416,0.7794972226082586
rolling,6,OLS,NEG,2017-06-01,2.69046,2.141811470189362,0.548648529810638
rolling,6,OLS,NEG,2017-07-01,3.0855473684210524,2.078275230244654,1.0072721381763983
rolling,6,OLS,NEG,2017-08-01,3.0982380952380955,1.897597367912057,1.2006407273260384
rolling,6,OLS,NEG,2017-09-01,3.075673684210526,2.35348521400847,0.722188470202056
rolling,6,OLS,NEG,2017-10-01,3.065655,2.4349545027353874,0.6307004972646126
rolling,6,OLS,NEG,2017-11-01,3.15159,2.779888344974678,0.37170165502532226
rolling,6,OLS,NEG,2017-12-01,3.30657619047619,2.7929463585671166,0.5136298319090735
rolling,6,OLS,NEG,2018-01-01,3.4621947368421053,3.0544854429658677,0.40770929387623767
rolling,6,OLS,NEG,2018-02-01,3.6392136363636367,2.9820981190808555,0.6571155172827812
rolling,6,OLS,NEG,2018-03-01,3.934538095238095,3.1398851339075318,0.7946529613305633
rolling,6,OLS,NEG,2018-04-01,4.20315,3.1327463082296476,1.0704036917703523
rolling,6,OLS,NEG,2018-05-01,4.641321739130435,3.5924327993670544,1.0488889397633803
rolling,6,OLS,NEG,2018-06-01,4.782921052631579,3.539352640271101,1.243568412360478
rolling,6,OLS,NEG,2018-07-01,4.948788235294118,3.663814530822245,1.2849737044718728
rolling,6,OLS,NEG,2018-08-01,5.096627272727273,4.098215296995337,0.9984119757319352
rolling,6,OLS,NEG,2018-09-01,5.116333333333333,4.051836253714395,1.0644970796189384
rolling,6,OLS,NEG,2018-10-01,5.169666666666667,4.609448755485422,0.5602179111812449
rolling,6,OLS,NEG,2018-11-01,5.220527777777778,4.432398962524146,0.7881288152536321
rolling,6,OLS,NEG,2018-12-01,5.035757142857143,4.464099496242145,0.5716576466149981
rolling,6,OLS,NEG,2019-01-01,4.934044444444444,4.056298878456344,0.8777455659880999
rolling,6,OLS,NEG,2019-02-01,4.7935,4.081629162984106,0.7118708370158942
rolling,6,OLS,NEG,2019-03-01,4.410036842105264,3.7481420560934655,0.6618947860117981
rolling,6,OLS,NEG,2019-04-01,4.32444761904762,3.6427481385142637,0.6816994805333567
rolling,6,OLS,NEG,2019-05-01,4.088347826086957,3.4867146098060378,0.601633216280919
rolling,6,OLS,NEG,2019-06-01,4.01318,3.7174938695850215,0.2956861304149787
rolling,6,OLS,NEG,2019-07-01,3.979216666666667,3.2920236181202496,0.6871930485464173
rolling,6,OLS,NEG,2019-08-01,3.831255,3.474193807262983,0.35706119273701686
rolling,6,OLS,NEG,2019-09-01,3.672726315789474,3.105756486538605,0.5669698292508691
rolling,6,OLS,None,2016-01-01,2.51565,2.008591762320438,0.507058237679562
rolling,6,OLS,None,2016-02-01,2.5214052631578947,2.1918107110975042,0.32959455206039046
rolling,6,OLS,None,2016-03-01,2.517215,2.4283322833332845,0.08888271666671566
rolling,6,OLS,None,2016-04-01,2.514826315789474,2.544763376872681,-0.02993706108320726
rolling,6,OLS,None,2016-05-01,2.5058625,2.8339354002080666,-0.32807290020806645
rolling,6,OLS,None,2016-06-01,2.5015650000000003,3.0848012850063338,-0.5832362850063335
rolling,6,OLS,None,2016-07-01,2.518775,2.5749812148407125,-0.05620621484071231
rolling,6,OLS,None,2016-08-01,2.527788888888889,2.62867204273286,-0.10088315384397095
rolling,6,OLS,None,2016-09-01,2.51759375,2.6879405463728063,-0.17034679637280625
rolling,6,OLS,None,2016-10-01,2.535536363636364,2.4360757170683254,0.09946064656803877
rolling,6,OLS,None,2016-11-01,2.5772411764705883,2.466594846002162,0.11064633046842642
rolling,6,OLS,None,2016-12-01,2.57815,2.800882623474407,-0.22273262347440692
rolling,6,OLS,None,2017-01-01,2.5543,2.944956875155456,-0.390656875155456
rolling,6,OLS,None,2017-02-01,2.5655,2.620385045236881,-0.05488504523688098
rolling,6,OLS,None,2017-03-01,2.553335294117648,2.533823604720403,0.019511689397245124
rolling,6,OLS,None,2017-04-01,2.5712,2.5380708624028134,0.03312913759718672
rolling,6,OLS,None,2017-05-01,2.65784,1.8846573747308448,0.7731826252691554
rolling,6,OLS,None,2017-06-01,2.69046,2.140415519608675,0.5500444803913247
rolling,6,OLS,None,2017-07-01,3.0855473684210524,2.070452233554947,1.0150951348661055
rolling,6,OLS,None,2017-08-01,3.0982380952380955,1.8865468120207107,1.2116912832173847
rolling,6,OLS,None,2017-09-01,3.075673684210526,2.315688486302278,0.7599851979082479
rolling,6,OLS,None,2017-10-01,3.065655,2.4223706527141506,0.6432843472858494
rolling,6,OLS,None,2017-11-01,3.15159,2.756114279168716,0.39547572083128424
rolling,6,OLS,None,2017-12-01,3.30657619047619,2.7754835079269555,0.5310926825492346
rolling,6,OLS,None,2018-01-01,3.4621947368421053,3.033335773968034,0.4288589628740711
rolling,6,OLS,None,2018-02-01,3.6392136363636367,2.9641201974248363,0.6750934389388004
rolling,6,OLS,None,2018-03-01,3.934538095238095,3.137500411374031,0.797037683864064
rolling,6,OLS,None,2018-04-01,4.20315,3.112576715997395,1.090573284002605
rolling,6,OLS,None,2018-05-01,4.641321739130435,3.599626789954209,1.0416949491762257
rolling,6,OLS,None,2018-06-01,4.782921052631579,3.5198166842137892,1.2631043684177898
rolling,6,OLS,None,2018-07-01,4.948788235294118,3.689482377458645,1.2593058578354728
rolling,6,OLS,None,2018-08-01,5.096627272727273,4.157924623110321,0.9387026496169515
rolling,6,OLS,None,2018-09-01,5.116333333333333,4.16096313074021,0.955370202593123
rolling,6,OLS,None,2018-10-01,5.169666666666667,4.610999561131541,0.5586671055351262
rolling,6,OLS,None,2018-11-01,5.220527777777778,4.448726433984358,0.7718013437934195
rolling,6,OLS,None,2018-12-01,5.035757142857143,4.393274075560289,0.6424830672968547
rolling,6,OLS,None,2019-01-01,4.934044444444444,4.184953416336309,0.7490910281081353
rolling,6,OLS,None,2019-02-01,4.7935,3.999077728345748,0.7944222716542519
rolling,6,OLS,None,2019-03-01,4.410036842105264,3.738502370890874,0.6715344712143896
rolling,6,OLS,None,2019-04-01,4.32444761904762,3.5889473791883124,0.735500239859308
rolling,6,OLS,None,2019-05-01,4.088347826086957,3.511510520078717,0.5768373060082399
rolling,6,OLS,None,2019-06-01,4.01318,3.744166399477768,0.2690136005222321
rolling,6,OLS,None,2019-07-01,3.979216666666667,3.283681337196956,0.6955353294697106
rolling,6,OLS,None,2019-08-01,3.831255,3.577855919009315,0.2533990809906852
rolling,6,OLS,None,2019-09-01,3.672726315789474,3.0549986163455194,0.6177276994439547
rolling,6,OLS,POSNEG,2016-01-01,2.51565,2.299787794147317,0.2158622058526829
rolling,6,OLS,POSNEG,2016-02-01,2.5214052631578947,2.234158643851656,0.28724661930623885
rolling,6,OLS,POSNEG,2016-03-01,2.517215,2.4668531371009683,0.050361862899031884
rolling,6,OLS,POSNEG,2016-04-01,2.514826315789474,2.5131252920471474,0.0017010237423265018
rolling,6,OLS,POSNEG,2016-05-01,2.5058625,2.927702318904123,-0.42183981890412303
rolling,6,OLS,POSNEG,2016-06-01,2.5015650000000003,2.9887509269804475,-0.48718592698044727
rolling,6,OLS,POSNEG,2016-07-01,2.518775,2.5549469182797253,-0.0361719182797251
rolling,6,OLS,POSNEG,2016-08-01,2.527788888888889,2.781278502829665,-0.25348961394077607
rolling,6,OLS,POSNEG,2016-09-01,2.51759375,2.79393438441898,-0.2763406344189798
rolling,6,OLS,POSNEG,2016-10-01,2.535536363636364,2.604384036769553,-0.06884767313318907
rolling,6,OLS,POSNEG,2016-11-01,2.5772411764705883,2.4989318335968145,0.07830934287377378
rolling,6,OLS,POSNEG,2016-12-01,2.57815,2.698114197099446,-0.11996419709944606
rolling,6,OLS,POSNEG,2017-01-01,2.5543,3.0553736873448565,-0.5010736873448565
rolling,6,OLS,POSNEG,2017-02-01,2.5655,2.7225007607538885,-0.15700076075388836
rolling,6,OLS,POSNEG,2017-03-01,2.553335294117648,2.547236084218505,0.006099209899143254
rolling,6,OLS,POSNEG,2017-04-01,2.5712,2.52873883314557,0.04246116685443013
rolling,6,OLS,POSNEG,2017-05-01,2.65784,1.8648902542350176,0.7929497457649826
rolling,6,OLS,POSNEG,2017-06-01,2.69046,2.1370405924274687,0.5534194075725312
rolling,6,OLS,POSNEG,2017-07-01,3.0855473684210524,2.0965593975077534,0.9889879709132989
rolling,6,OLS,POSNEG,2017-08-01,3.0982380952380955,1.9192839159569994,1.178954179281096
rolling,6,OLS,POSNEG,2017-09-01,3.075673684210526,2.2814661036841404,0.7942075805263857
rolling,6,OLS,POSNEG,2017-10-01,3.065655,2.4941283945829587,0.5715266054170414
rolling,6,OLS,POSNEG,2017-11-01,3.15159,2.869971753383859,0.2816182466161412
rolling,6,OLS,POSNEG,2017-12-01,3.30657619047619,2.800335625657497,0.5062405648186932
rolling,6,OLS,POSNEG,2018-01-01,3.4621947368421053,3.1068543146167262,0.3553404222253791
rolling,6,OLS,POSNEG,2018-02-01,3.6392136363636367,3.0085833062297467,0.63063033013389
rolling,6,OLS,POSNEG,2018-03-01,3.934538095238095,3.1224372902227744,0.8121008050153207
rolling,6,OLS,POSNEG,2018-04-01,4.20315,3.210859215135138,0.9922907848648621
rolling,6,OLS,POSNEG,2018-05-01,4.641321739130435,3.545032500072883,1.0962892390575516
rolling,6,OLS,POSNEG,2018-06-01,4.782921052631579,3.5267861473576567,1.2561349052739224
rolling,6,OLS,POSNEG,2018-07-01,4.948788235294118,3.710821563894182,1.2379666713999358
rolling,6,OLS,POSNEG,2018-08-01,5.096627272727273,4.144666435055844,0.9519608376714288
rolling,6,OLS,POSNEG,2018-09-01,5.116333333333333,4.106093183914414,1.0102401494189195
rolling,6,OLS,POSNEG,2018-10-01,5.169666666666667,4.911694441791575,0.2579722248750924
rolling,6,OLS,POSNEG,2018-11-01,5.220527777777778,4.680144236489463,0.5403835412883149
rolling,6,OLS,POSNEG,2018-12-01,5.035757142857143,4.573286828734848,0.462470314122295
rolling,6,OLS,POSNEG,2019-01-01,4.934044444444444,4.104085531580975,0.8299589128634688
rolling,6,OLS,POSNEG,2019-02-01,4.7935,3.4126522277251983,1.3808477722748016
rolling,6,OLS,POSNEG,2019-03-01,4.410036842105264,3.9509287561404705,0.45910808596479313
rolling,6,OLS,POSNEG,2019-04-01,4.32444761904762,3.8362802390241426,0.4881673800234778
rolling,6,OLS,POSNEG,2019-05-01,4.088347826086957,3.6379727263631585,0.4503750997237983
rolling,6,OLS,POSNEG,2019-06-01,4.01318,3.7170904911670846,0.2960895088329156
rolling,6,OLS,POSNEG,2019-07-01,3.979216666666667,3.2513520442071453,0.7278646224595215
rolling,6,OLS,POSNEG,2019-08-01,3.831255,3.4989426785712965,0.3323123214287036
rolling,6,OLS,POSNEG,2019-09-01,3.672726315789474,3.2164065418661316,0.45631977392334244
rolling,6,OLS,ToneMean,2016-01-01,2.51565,2.068126260116984,0.4475237398830161
rolling,6,OLS,ToneMean,2016-02-01,2.5214052631578947,2.2282934471437956,0.2931118160140991
rolling,6,OLS,ToneMean,2016-03-01,2.517215,2.4164864920658147,0.10072850793418553
rolling,6,OLS,ToneMean,2016-04-01,2.514826315789474,2.562906284137598,-0.04807996834812389
rolling,6,OLS,ToneMean,2016-05-01,2.5058625,2.8980643865026168,-0.39220188650261667
rolling,6,OLS,ToneMean,2016-06-01,2.5015650000000003,3.083111564429994,-0.5815465644299938
rolling,6,OLS,ToneMean,2016-07-01,2.518775,2.5660947799385347,-0.047319779938534534
rolling,6,OLS,ToneMean,2016-08-01,2.527788888888889,2.634354669465383,-0.10656578057649435
rolling,6,OLS,ToneMean,2016-09-01,2.51759375,2.679618236497807,-0.1620244864978071
rolling,6,OLS,ToneMean,2016-10-01,2.535536363636364,2.430948081806592,0.10458828182977209
rolling,6,OLS,ToneMean,2016-11-01,2.5772411764705883,2.463670615001449,0.11357056146913935
rolling,6,OLS,ToneMean,2016-12-01,2.57815,2.8241728142698683,-0.24602281426986838
rolling,6,OLS,ToneMean,2017-01-01,2.5543,2.9362758974459333,-0.3819758974459333
rolling,6,OLS,ToneMean,2017-02-01,2.5655,2.6213708631046324,-0.055870863104632296
rolling,6,OLS,ToneMean,2017-03-01,2.553335294117648,2.541057051792849,0.012278242324799127
rolling,6,OLS,ToneMean,2017-04-01,2.5712,2.5437002801403796,0.02749971985962052
rolling,6,OLS,ToneMean,2017-05-01,2.65784,1.8942311927981517,0.7636088072018485
rolling,6,OLS,ToneMean,2017-06-01,2.69046,2.149492785988839,0.540967214011161
rolling,6,OLS,ToneMean,2017-07-01,3.0855473684210524,2.102946125381126,0.9826012430399262
rolling,6,OLS,ToneMean,2017-08-01,3.0982380952380955,1.9247483841747648,1.1734897110633307
rolling,6,OLS,ToneMean,2017-09-01,3.075673684210526,2.3504590012109827,0.7252146829995434
rolling,6,OLS,ToneMean,2017-10-01,3.065655,2.4963458020120335,0.5693091979879665
rolling,6,OLS,ToneMean,2017-11-01,3.15159,2.864538401730211,0.2870515982697892
rolling,6,OLS,ToneMean,2017-12-01,3.30657619047619,2.7924674661076074,0.5141087243685827
rolling,6,OLS,ToneMean,2018-01-01,3.4621947368421053,3.10722898576556,0.3549657510765454
rolling,6,OLS,ToneMean,2018-02-01,3.6392136363636367,3.0124825289911024,0.6267311073725343
rolling,6,OLS,ToneMean,2018-03-01,3.934538095238095,3.128477479590982,0.8060606156471128
rolling,6,OLS,ToneMean,2018-04-01,4.20315,3.1922598562566513,1.0108901437433486
rolling,6,OLS,ToneMean,2018-05-01,4.641321739130435,3.553771671288001,1.0875500678424337
rolling,6,OLS,ToneMean,2018-06-01,4.782921052631579,3.562282889807952,1.2206381628236271
rolling,6,OLS,ToneMean,2018-07-01,4.948788235294118,3.7082440900122915,1.2405441452818264
rolling,6,OLS,ToneMean,2018-08-01,5.096627272727273,4.124266178958938,0.9723610937683347
rolling,6,OLS,ToneMean,2018-09-01,5.116333333333333,4.088948441220571,1.027384892112762
rolling,6,OLS,ToneMean,2018-10-01,5.169666666666667,4.852034015801129,0.31763265086553805
rolling,6,OLS,ToneMean,2018-11-01,5.220527777777778,4.711472412306598,0.5090553654711796
rolling,6,OLS,ToneMean,2018-12-01,5.035757142857143,4.505413715780337,0.5303434270768062
rolling,6,OLS,ToneMean,2019-01-01,4.934044444444444,4.037175980551618,0.8968684638928259
rolling,6,OLS,ToneMean,2019-02-01,4.7935,3.778033182931059,1.015466817068941
rolling,6,OLS,ToneMean,2019-03-01,4.410036842105264,3.96662827470983,0.44340856739543355
rolling,6,OLS,ToneMean,2019-04-01,4.32444761904762,3.8834626203516844,0.440984998695936
rolling,6,OLS,ToneMean,2019-05-01,4.088347826086957,3.5919399487574264,0.4964078773295304
rolling,6,OLS,ToneMean,2019-06-01,4.01318,3.6909180397971166,0.32226196020288356
rolling,6,OLS,ToneMean,2019-07-01,3.979216666666667,3.268511285777433,0.7107053808892339
rolling,6,OLS,ToneMean,2019-08-01,3.831255,3.4686018871272437,0.36265311287275637
rolling,6,OLS,ToneMean,2019-09-01,3.672726315789474,3.2578611246109737,0.4148651911785004
rolling,6,Ridge,NEG,2016-01-01,2.51565,2.018441650995538,0.49720834900446187
rolling,6,Ridge,NEG,2016-02-01,2.5214052631578947,2.190358868443056,0.33104639471483877
rolling,6,Ridge,NEG,2016-03-01,2.517215,2.4187150518707923,0.09849994812920793
rolling,6,Ridge,NEG,2016-04-01,2.514826315789474,2.534213087348501,-0.019386771559027238
rolling,6,Ridge,NEG,2016-05-01,2.5058625,2.8046405587372325,-0.2987780587372324
rolling,6,Ridge,NEG,2016-06-01,2.5015650000000003,3.054298218794767,-0.5527332187947667
rolling,6,Ridge,NEG,2016-07-01,2.518775,2.586886664213407,-0.06811166421340697
rolling,6,Ridge,NEG,2016-08-01,2.527788888888889,2.6575075212456345,-0.12971863235674563
rolling,6,Ridge,NEG,2016-09-01,2.51759375,2.7334774255952285,-0.21588367559522847
rolling,6,Ridge,NEG,2016-10-01,2.535536363636364,2.501853085828208,0.03368327780815594
rolling,6,Ridge,NEG,2016-11-01,2.5772411764705883,2.4986101852980673,0.07863099117252093
rolling,6,Ridge,NEG,2016-12-01,2.57815,2.7378768997052374,-0.15972689970523746
rolling,6,Ridge,NEG,2017-01-01,2.5543,2.9656656678029023,-0.4113656678029023
rolling,6,Ridge,NEG,2017-02-01,2.5655,2.6177704914490265,-0.0522704914490264
rolling,6,Ridge,NEG,2017-03-01,2.553335294117648,2.530471838971748,0.022863455145900158
rolling,6,Ridge,NEG,2017-04-01,2.5712,2.519585433462398,0.05161456653760199
rolling,6,Ridge,NEG,2017-05-01,2.65784,1.8990057137305834,0.7588342862694168
rolling,6,Ridge,NEG,2017-06-01,2.69046,2.1548403518204817,0.5356196481795181
rolling,6,Ridge,NEG,2017-07-01,3.0855473684210524,2.1001137250713535,0.9854336433496989
rolling,6,Ridge,NEG,2017-08-01,3.0982380952380955,1.925037949668315,1.1732001455697805
rolling,6,Ridge,NEG,2017-09-01,3.075673684210526,2.3609799495923873,0.7146937346181388
rolling,6,Ridge,NEG,2017-10-01,3.065655,2.4380379620774124,0.6276170379225876
rolling,6,Ridge,NEG,2017-11-01,3.15159,2.7709698085721852,0.3806201914278149
rolling,6,Ridge,NEG,2017-12-01,3.30657619047619,2.788136789727872,0.518439400748318
rolling,6,Ridge,NEG,2018-01-01,3.4621947368421053,3.0422036942911843,0.419991042550921
rolling,6,Ridge,NEG,2018-02-01,3.6392136363636367,2.9704901971323654,0.6687234392312713
rolling,6,Ridge,NEG,2018-03-01,3.934538095238095,3.1247289912347997,0.8098091040032953
rolling,6,Ridge,NEG,2018-04-01,4.20315,3.11119764134087,1.09195235865913
rolling,6,Ridge,NEG,2018-05-01,4.641321739130435,3.5633877057302032,1.0779340334002314
rolling,6,Ridge,NEG,2018-06-01,4.782921052631579,3.506589782117426,1.2763312705141532
rolling,6,Ridge,NEG,2018-07-01,4.948788235294118,3.6393685711649115,1.3094196641292064
rolling,6,Ridge,NEG,2018-08-01,5.096627272727273,4.066773824420278,1.0298534483069943
rolling,6,Ridge,NEG,2018-09-01,5.116333333333333,4.001812023724513,1.1145213096088202
rolling,6,Ridge,NEG,2018-10-01,5.169666666666667,4.568986185451985,0.600680481214682
rolling,6,Ridge,NEG,2018-11-01,5.220527777777778,4.404932776263514,0.8155950015142635
rolling,6,Ridge,NEG,2018-12-01,5.035757142857143,4.4114621999233465,0.6242949429337967
rolling,6,Ridge,NEG,2019-01-01,4.934044444444444,3.9984358372586515,0.9356086071857925
rolling,6,Ridge,NEG,2019-02-01,4.7935,4.048937451978524,0.7445625480214755
rolling,6,Ridge,NEG,2019-03-01,4.410036842105264,3.718074483352808,0.6919623587524555
rolling,6,Ridge,NEG,2019-04-01,4.32444761904762,3.630161030492443,0.6942865885551774
rolling,6,Ridge,NEG,2019-05-01,4.088347826086957,3.4703163410182345,0.6180314850687223
rolling,6,Ridge,NEG,2019-06-01,4.01318,3.700277068408413,0.3129029315915872
rolling,6,Ridge,NEG,2019-07-01,3.979216666666667,3.291356472647229,0.687860194019438
rolling,6,Ridge,NEG,2019-08-01,3.831255,3.4492998252431315,0.3819551747568686
rolling,6,Ridge,NEG,2019-09-01,3.672726315789474,3.1118974908391017,0.5608288249503723
rolling,6,Ridge,None,2016-01-01,2.51565,2.013784938525705,0.501865061474295
rolling,6,Ridge,None,2016-02-01,2.5214052631578947,2.19022874873891,0.3311765144189849
rolling,6,Ridge,None,2016-03-01,2.517215,2.4194826113931343,0.09773238860686595
rolling,6,Ridge,None,2016-04-01,2.514826315789474,2.5361941097769383,-0.021367793987464356
rolling,6,Ridge,None,2016-05-01,2.5058625,2.8226918328172146,-0.3168293328172145
rolling,6,Ridge,None,2016-06-01,2.5015650000000003,3.0694682559612545,-0.5679032559612542
rolling,6,Ridge,None,2016-07-01,2.518775,2.582543742737803,-0.06376874273780286
rolling,6,Ridge,None,2016-08-01,2.527788888888889,2.6383098729492174,-0.11052098406032851
rolling,6,Ridge,None,2016-09-01,2.51759375,2.694220604795272,-0.17662685479527207
rolling,6,Ridge,None,2016-10-01,2.535536363636364,2.447589021662302,0.08794734197406218
rolling,6,Ridge,None,2016-11-01,2.5772411764705883,2.476743484741705,0.10049769172888334
rolling,6,Ridge,None,2016-12-01,2.57815,2.8095365062338002,-0.2313865062338003
rolling,6,Ridge,None,2017-01-01,2.5543,2.943978592071322,-0.38967859207132216
rolling,6,Ridge,None,2017-02-01,2.5655,2.6074560806536105,-0.04195608065361034
rolling,6,Ridge,None,2017-03-01,2.553335294117648,2.5331804146005323,0.02015487951711581
rolling,6,Ridge,None,2017-04-01,2.5712,2.530385953807415,0.040814046192584996
rolling,6,Ridge,None,2017-05-01,2.65784,1.9055358625760324,0.7523041374239678
rolling,6,Ridge,None,2017-06-01,2.69046,2.1539179318711974,0.5365420681288025
rolling,6,Ridge,None,2017-07-01,3.0855473684210524,2.0932071839719173,0.9923401844491351
rolling,6,Ridge,None,2017-08-01,3.0982380952380955,1.9145679894568612,1.1836701057812342
rolling,6,Ridge,None,2017-09-01,3.075673684210526,2.3249759786486273,0.7506977055618989
rolling,6,Ridge,None,2017-10-01,3.065655,2.4257030389676313,0.6399519610323687
rolling,6,Ridge,None,2017-11-01,3.15159,2.748187320525837,0.403402679474163
rolling,6,Ridge,None,2017-12-01,3.30657619047619,2.7712954586645533,0.5352807318116368
rolling,6,Ridge,None,2018-01-01,3.4621947368421053,3.022240190362189,0.43995454647991616
rolling,6,Ridge,None,2018-02-01,3.6392136363636367,2.953220431503668,0.6859932048599688
rolling,6,Ridge,None,2018-03-01,3.934538095238095,3.1220025414811134,0.8125355537569816
rolling,6,Ridge,None,2018-04-01,4.20315,3.0910051179238653,1.1121448820761346
rolling,6,Ridge,None,2018-05-01,4.641321739130435,3.5699125112911703,1.0714092278392644
rolling,6,Ridge,None,2018-06-01,4.782921052631579,3.488300475630751,1.294620577000828
rolling,6,Ridge,None,2018-07-01,4.948788235294118,3.6616150870049813,1.2871731482891366
rolling,6,Ridge,None,2018-08-01,5.096627272727273,4.12381609724558,0.9728111754816924
rolling,6,Ridge,None,2018-09-01,5.116333333333333,4.1066888117511695,1.009644521582164
rolling,6,Ridge,None,2018-10-01,5.169666666666667,4.567916556309573,0.6017501103570941
rolling,6,Ridge,None,2018-11-01,5.220527777777778,4.41832749739126,0.8022002803865176
rolling,6,Ridge,None,2018-12-01,5.035757142857143,4.342150989823809,0.6936061530333344
rolling,6,Ridge,None,2019-01-01,4.934044444444444,4.1249194787571195,0.8091249656873245
rolling,6,Ridge,None,2019-02-01,4.7935,3.969427275331163,0.8240727246688371
rolling,6,Ridge,None,2019-03-01,4.410036842105264,3.7087654481764134,0.7012713939288502
rolling,6,Ridge,None,2019-04-01,4.32444761904762,3.576177860081451,0.7482697589661695
rolling,6,Ridge,None,2019-05-01,4.088347826086957,3.4943739832349263,0.5939738428520305
rolling,6,Ridge,None,2019-06-01,4.01318,3.727493226826079,0.285686773173921
rolling,6,Ridge,None,2019-07-01,3.979216666666667,3.2813694046541197,0.6978472620125471
rolling,6,Ridge,None,2019-08-01,3.831255,3.5555563092578,0.2756986907422001
rolling,6,Ridge,None,2019-09-01,3.672726315789474,3.0569324366697885,0.6157938791196855
rolling,6,Ridge,POSNEG,2016-01-01,2.51565,2.30026925119022,0.2153807488097801
rolling,6,Ridge,POSNEG,2016-02-01,2.5214052631578947,2.233611821814954,0.2877934413429406
rolling,6,Ridge,POSNEG,2016-03-01,2.517215,2.458715466385546,0.05849953361445426
rolling,6,Ridge,POSNEG,2016-04-01,2.514826315789474,2.5056397960128316,0.00918651977664231
rolling,6,Ridge,POSNEG,2016-05-01,2.5058625,2.919366571164749,-0.41350407116474885
rolling,6,Ridge,POSNEG,2016-06-01,2.5015650000000003,2.9741637258020637,-0.4725987258020634
rolling,6,Ridge,POSNEG,2016-07-01,2.518775,2.5626674735813335,-0.0438924735813333
rolling,6,Ridge,POSNEG,2016-08-01,2.527788888888889,2.7902135666885584,-0.2624246777996695
rolling,6,Ridge,POSNEG,2016-09-01,2.51759375,2.7997571137026886,-0.2821633637026886
rolling,6,Ridge,POSNEG,2016-10-01,2.535536363636364,2.6137765941795545,-0.0782402305431904
rolling,6,Ridge,POSNEG,2016-11-01,2.5772411764705883,2.510025998401404,0.06721517806918431
rolling,6,Ridge,POSNEG,2016-12-01,2.57815,2.7129653089724592,-0.1348153089724593
rolling,6,Ridge,POSNEG,2017-01-01,2.5543,3.053016056003189,-0.49871605600318913
rolling,6,Ridge,POSNEG,2017-02-01,2.5655,2.7088214776929043,-0.14332147769290415
rolling,6,Ridge,POSNEG,2017-03-01,2.553335294117648,2.5467917749661195,0.006543519151528621
rolling,6,Ridge,POSNEG,2017-04-01,2.5712,2.521423106228188,0.04977689377181216
rolling,6,Ridge,POSNEG,2017-05-01,2.65784,1.8855590840085803,0.7722809159914199
rolling,6,Ridge,POSNEG,2017-06-01,2.69046,2.1501045401374794,0.5403554598625204
rolling,6,Ridge,POSNEG,2017-07-01,3.0855473684210524,2.1196603935614053,0.965886974859647
rolling,6,Ridge,POSNEG,2017-08-01,3.0982380952380955,1.9480180433964647,1.1502200518416308
rolling,6,Ridge,POSNEG,2017-09-01,3.075673684210526,2.2902146540316752,0.7854590301788509
rolling,6,Ridge,POSNEG,2017-10-01,3.065655,2.498485868574969,0.5671691314250311
rolling,6,Ridge,POSNEG,2017-11-01,3.15159,2.860589182722576,0.29100081727742433
rolling,6,Ridge,POSNEG,2017-12-01,3.30657619047619,2.7948201525401575,0.5117560379360326
rolling,6,Ridge,POSNEG,2018-01-01,3.4621947368421053,3.095607493765668,0.3665872430764372
rolling,6,Ridge,POSNEG,2018-02-01,3.6392136363636367,2.998783630207199,0.6404300061564379
rolling,6,Ridge,POSNEG,2018-03-01,3.934538095238095,3.1081575902489575,0.8263805049891375
rolling,6,Ridge,POSNEG,2018-04-01,4.20315,3.1910324653449083,1.0121175346550917
rolling,6,Ridge,POSNEG,2018-05-01,4.641321739130435,3.51744393098523,1.1238778081452048
rolling,6,Ridge,POSNEG,2018-06-01,4.782921052631579,3.495533716652878,1.2873873359787011
rolling,6,Ridge,POSNEG,2018-07-01,4.948788235294118,3.6861738998673914,1.2626143354267265
rolling,6,Ridge,POSNEG,2018-08-01,5.096627272727273,4.110930544177963,0.9856967285493097
rolling,6,Ridge,POSNEG,2018-09-01,5.116333333333333,4.054768225580392,1.0615651077529416
rolling,6,Ridge,POSNEG,2018-10-01,5.169666666666667,4.870344051518925,0.2993226151477417
rolling,6,Ridge,POSNEG,2018-11-01,5.220527777777778,4.654288794003938,0.5662389837738395
rolling,6,Ridge,POSNEG,2018-12-01,5.035757142857143,4.524018049503694,0.5117390933534489
rolling,6,Ridge,POSNEG,2019-01-01,4.934044444444444,4.049093149618134,0.8849512948263101
rolling,6,Ridge,POSNEG,2019-02-01,4.7935,3.3750705319407115,1.4184294680592884
rolling,6,Ridge,POSNEG,2019-03-01,4.410036842105264,3.922312075300918,0.4877247668043454
rolling,6,Ridge,POSNEG,2019-04-01,4.32444761904762,3.8279739950755562,0.4964736239720642
rolling,6,Ridge,POSNEG,2019-05-01,4.088347826086957,3.624355685444521,0.46399214064243566
rolling,6,Ridge,POSNEG,2019-06-01,4.01318,3.699869392922741,0.3133106070772591
rolling,6,Ridge,POSNEG,2019-07-01,3.979216666666667,3.24873628938544,0.7304803772812267
rolling,6,Ridge,POSNEG,2019-08-01,3.831255,3.477968554183441,0.353286445816559
rolling,6,Ridge,POSNEG,2019-09-01,3.672726315789474,3.2329055541159275,0.43982076167354656
rolling,6,Ridge,ToneMean,2016-01-01,2.51565,2.0746685453258378,0.44098145467416217
rolling,6,Ridge,ToneMean,2016-02-01,2.5214052631578947,2.22739691848279,0.2940083446751047
rolling,6,Ridge,ToneMean,2016-03-01,2.517215,2.406743195807531,0.11047180419246905
rolling,6,Ridge,ToneMean,2016-04-01,2.514826315789474,2.5544902787907944,-0.03966396300132047
rolling,6,Ridge,ToneMean,2016-05-01,2.5058625,2.888869195971823,-0.3830066959718228
rolling,6,Ridge,ToneMean,2016-06-01,2.5015650000000003,3.0668643382840823,-0.5652993382840821
rolling,6,Ridge,ToneMean,2016-07-01,2.518775,2.5730567335462706,-0.054281733546270416
rolling,6,Ridge,ToneMean,2016-08-01,2.527788888888889,2.6447384430494485,-0.11694955416055963
rolling,6,Ridge,ToneMean,2016-09-01,2.51759375,2.685480696087638,-0.16788694608763777
rolling,6,Ridge,ToneMean,2016-10-01,2.535536363636364,2.4422819635614976,0.09325440007486652
rolling,6,Ridge,ToneMean,2016-11-01,2.5772411764705883,2.4734177100403283,0.10382346643025997
rolling,6,Ridge,ToneMean,2016-12-01,2.57815,2.8359547548042006,-0.2578047548042006
rolling,6,Ridge,ToneMean,2017-01-01,2.5543,2.9349706325442924,-0.38067063254429234
rolling,6,Ridge,ToneMean,2017-02-01,2.5655,2.608337653529954,-0.04283765352995372
rolling,6,Ridge,ToneMean,2017-03-01,2.553335294117648,2.5412699709974476,0.012065323120200588
rolling,6,Ridge,ToneMean,2017-04-01,2.5712,2.53660880382899,0.03459119617101036
rolling,6,Ridge,ToneMean,2017-05-01,2.65784,1.9159726054838035,0.7418673945161967
rolling,6,Ridge,ToneMean,2017-06-01,2.69046,2.163383277723282,0.5270767222767176
rolling,6,Ridge,ToneMean,2017-07-01,3.0855473684210524,2.1264631592379732,0.9590842091830791
rolling,6,Ridge,ToneMean,2017-08-01,3.0982380952380955,1.953002119670488,1.1452359755676074
rolling,6,Ridge,ToneMean,2017-09-01,3.075673684210526,2.359834937818504,0.7158387463920222
rolling,6,Ridge,ToneMean,2017-10-01,3.065655,2.4991090596448724,0.5665459403551276
rolling,6,Ridge,ToneMean,2017-11-01,3.15159,2.854121632519546,0.2974683674804539
rolling,6,Ridge,ToneMean,2017-12-01,3.30657619047619,2.7873063685233976,0.5192698219527925
rolling,6,Ridge,ToneMean,2018-01-01,3.4621947368421053,3.095444450994321,0.36675028584778424
rolling,6,Ridge,ToneMean,2018-02-01,3.6392136363636367,3.001879944718115,0.6373336916455217
rolling,6,Ridge,ToneMean,2018-03-01,3.934538095238095,3.1145267882850667,0.8200113069530284
rolling,6,Ridge,ToneMean,2018-04-01,4.20315,3.1722662496671394,1.0308837503328605
rolling,6,Ridge,ToneMean,2018-05-01,4.641321739130435,3.5261996360974064,1.1151221030330283
rolling,6,Ridge,ToneMean,2018-06-01,4.782921052631579,3.5313969806676537,1.2515240719639253
rolling,6,Ridge,ToneMean,2018-07-01,4.948788235294118,3.6816600181382446,1.2671282171558733
rolling,6,Ridge,ToneMean,2018-08-01,5.096627272727273,4.0907136699082045,1.005913602819068
rolling,6,Ridge,ToneMean,2018-09-01,5.116333333333333,4.037166959521922,1.079166373811411
rolling,6,Ridge,ToneMean,2018-10-01,5.169666666666667,4.810104714836665,0.3595619518300017
rolling,6,Ridge,ToneMean,2018-11-01,5.220527777777778,4.683934823116219,0.5365929546615593
rolling,6,Ridge,ToneMean,2018-12-01,5.035757142857143,4.457114223304204,0.578642919552939
rolling,6,Ridge,ToneMean,2019-01-01,4.934044444444444,3.9810869223367105,0.9529575221077335
rolling,6,Ridge,ToneMean,2019-02-01,4.7935,3.74746873791071,1.04603126208929
rolling,6,Ridge,ToneMean,2019-03-01,4.410036842105264,3.9349563318349983,0.4750805102702653
rolling,6,Ridge,ToneMean,2019-04-01,4.32444761904762,3.874056121986852,0.4503914970607683
rolling,6,Ridge,ToneMean,2019-05-01,4.088347826086957,3.576465702149143,0.5118821239378137
rolling,6,Ridge,ToneMean,2019-06-01,4.01318,3.6734823876426628,0.3396976123573374
rolling,6,Ridge,ToneMean,2019-07-01,3.979216666666667,3.2672638836620247,0.7119527830046422
rolling,6,Ridge,ToneMean,2019-08-01,3.831255,3.448858951610653,0.38239604838934715
rolling,6,Ridge,ToneMean,2019-09-01,3.672726315789474,3.274842223627998,0.39788409216147613
rolling,6,SVR,NEG,2016-01-01,2.51565,2.4554800055980004,0.06016999440199955
rolling,6,SVR,NEG,2016-02-01,2.5214052631578947,2.478984053472062,0.04242120968583274
rolling,6,SVR,NEG,2016-03-01,2.517215,2.520212228365209,-0.0029972283652086595
rolling,6,SVR,NEG,2016-04-01,2.514826315789474,2.587482738340532,-0.07265642255105798
rolling,6,SVR,NEG,2016-05-01,2.5058625,2.9322990654551244,-0.4264365654551243
rolling,6,SVR,NEG,2016-06-01,2.5015650000000003,2.7669344459973515,-0.26536944599735124
rolling,6,SVR,NEG,2016-07-01,2.518775,2.5692944482023137,-0.050519448202313466
rolling,6,SVR,NEG,2016-08-01,2.527788888888889,2.5621377907474314,-0.03434890185854256
rolling,6,SVR,NEG,2016-09-01,2.51759375,2.7456406050582656,-0.2280468550582655
rolling,6,SVR,NEG,2016-10-01,2.535536363636364,2.8140624161232095,-0.27852605248684537
rolling,6,SVR,NEG,2016-11-01,2.5772411764705883,2.310405058212514,0.2668361182580741
rolling,6,SVR,NEG,2016-12-01,2.57815,2.7358408550705646,-0.15769085507056468
rolling,6,SVR,NEG,2017-01-01,2.5543,2.7969765983909944,-0.24267659839099442
rolling,6,SVR,NEG,2017-02-01,2.5655,2.772396642800051,-0.20689664280005093
rolling,6,SVR,NEG,2017-03-01,2.553335294117648,2.4030929240973666,0.1502423700202815
rolling,6,SVR,NEG,2017-04-01,2.5712,2.696459388668802,-0.12525938866880182
rolling,6,SVR,NEG,2017-05-01,2.65784,2.3106280798200243,0.34721192017997593
rolling,6,SVR,NEG,2017-06-01,2.69046,2.5877176664873454,0.1027423335126545
rolling,6,SVR,NEG,2017-07-01,3.0855473684210524,2.512204665465707,0.5733427029553453
rolling,6,SVR,NEG,2017-08-01,3.0982380952380955,2.6928648021667496,0.40537329307134584
rolling,6,SVR,NEG,2017-09-01,3.075673684210526,2.7681750747552423,0.30749860945528384
rolling,6,SVR,NEG,2017-10-01,3.065655,2.8808615726950215,0.1847934273049785
rolling,6,SVR,NEG,2017-11-01,3.15159,2.7982412407565764,0.3533487592434237
rolling,6,SVR,NEG,2017-12-01,3.30657619047619,2.9564268855534603,0.3501493049227298
rolling,6,SVR,NEG,2018-01-01,3.4621947368421053,3.2372645753569085,0.22493016148519684
rolling,6,SVR,NEG,2018-02-01,3.6392136363636367,3.0370100492117187,0.602203587151918
rolling,6,SVR,NEG,2018-03-01,3.934538095238095,3.317755720973043,0.616782374265052
rolling,6,SVR,NEG,2018-04-01,4.20315,3.439603900485016,0.7635460995149841
rolling,6,SVR,NEG,2018-05-01,4.641321739130435,3.3202091802194897,1.321112558910945
rolling,6,SVR,NEG,2018-06-01,4.782921052631579,3.7325032829154146,1.0504177697161645
rolling,6,SVR,NEG,2018-07-01,4.948788235294118,3.7288891157759427,1.2198991195181752
rolling,6,SVR,NEG,2018-08-01,5.096627272727273,3.9339837920627847,1.1626434806644879
rolling,6,SVR,NEG,2018-09-01,5.116333333333333,3.7306947401507533,1.38563859318258
rolling,6,SVR,NEG,2018-10-01,5.169666666666667,4.537041840970429,0.6326248256962383
rolling,6,SVR,NEG,2018-11-01,5.220527777777778,4.960338773000187,0.2601890047775912
rolling,6,SVR,NEG,2018-12-01,5.035757142857143,4.275646328825427,0.7601108140317159
rolling,6,SVR,NEG,2019-01-01,4.934044444444444,3.090088185996106,1.8439562584483382
rolling,6,SVR,NEG,2019-02-01,4.7935,3.4410612026915697,1.3524387973084302
rolling,6,SVR,NEG,2019-03-01,4.410036842105264,3.50213889383566,0.9078979482696035
rolling,6,SVR,NEG,2019-04-01,4.32444761904762,3.838989319827022,0.48545829922059847
rolling,6,SVR,NEG,2019-05-01,4.088347826086957,3.769266424701109,0.31908140138584784
rolling,6,SVR,NEG,2019-06-01,4.01318,3.7371644684328635,0.27601553156713665
rolling,6,SVR,NEG,2019-07-01,3.979216666666667,3.5088337084993015,0.4703829581673653
rolling,6,SVR,NEG,2019-08-01,3.831255,3.1770713757167597,0.6541836242832404
rolling,6,SVR,NEG,2019-09-01,3.672726315789474,3.7077078351533643,-0.03498151936389027
rolling,6,SVR,None,2016-01-01,2.51565,2.40829317454409,0.10735682545591008
rolling,6,SVR,None,2016-02-01,2.5214052631578947,2.531871731768671,-0.010466468610776491
rolling,6,SVR,None,2016-03-01,2.517215,2.538279396121526,-0.021064396121525775
rolling,6,SVR,None,2016-04-01,2.514826315789474,2.61107473288267,-0.09624841709319609
rolling,6,SVR,None,2016-05-01,2.5058625,2.918365215435724,-0.4125027154357239
rolling,6,SVR,None,2016-06-01,2.5015650000000003,2.757008867466028,-0.25544386746602754
rolling,6,SVR,None,2016-07-01,2.518775,2.5706609928461472,-0.05188599284614703
rolling,6,SVR,None,2016-08-01,2.527788888888889,2.6308268918720605,-0.10303800298317167
rolling,6,SVR,None,2016-09-01,2.51759375,2.6225368883559903,-0.10494313835599023
rolling,6,SVR,None,2016-10-01,2.535536363636364,2.3823354309455698,0.15320093269079438
rolling,6,SVR,None,2016-11-01,2.5772411764705883,2.3252495745881196,0.2519916018824686
rolling,6,SVR,None,2016-12-01,2.57815,2.6938475925279275,-0.11569759252792755
rolling,6,SVR,None,2017-01-01,2.5543,2.925517814489183,-0.3712178144891829
rolling,6,SVR,None,2017-02-01,2.5655,2.662377718337502,-0.09687771833750203
rolling,6,SVR,None,2017-03-01,2.553335294117648,2.467809614854226,0.08552567926342203
rolling,6,SVR,None,2017-04-01,2.5712,2.671918921918344,-0.10071892191834397
rolling,6,SVR,None,2017-05-01,2.65784,2.324047091487048,0.3337929085129523
rolling,6,SVR,None,2017-06-01,2.69046,2.6357910392454564,0.054668960754543416
rolling,6,SVR,None,2017-07-01,3.0855473684210524,2.5354469054604856,0.5501004629605668
rolling,6,SVR,None,2017-08-01,3.0982380952380955,2.702995934316852,0.39524216092124353
rolling,6,SVR,None,2017-09-01,3.075673684210526,2.7320655306402695,0.34360815357025665
rolling,6,SVR,None,2017-10-01,3.065655,2.954367647383554,0.11128735261644618
rolling,6,SVR,None,2017-11-01,3.15159,2.8050276179049,0.34656238209510004
rolling,6,SVR,None,2017-12-01,3.30657619047619,3.050564493900714,0.25601169657547596
rolling,6,SVR,None,2018-01-01,3.4621947368421053,3.0861614378277373,0.376033299014368
rolling,6,SVR,None,2018-02-01,3.6392136363636367,3.034695369170062,0.6045182671935745
rolling,6,SVR,None,2018-03-01,3.934538095238095,3.3721460035350583,0.5623920917030367
rolling,6,SVR,None,2018-04-01,4.20315,3.482767834687685,0.7203821653123148
rolling,6,SVR,None,2018-05-01,4.641321739130435,3.234922019560696,1.4063997195697389
rolling,6,SVR,None,2018-06-01,4.782921052631579,3.714667927007177,1.068253125624402
rolling,6,SVR,None,2018-07-01,4.948788235294118,3.698595070711349,1.250193164582769
rolling,6,SVR,None,2018-08-01,5.096627272727273,4.138765715978762,0.9578615567485107
rolling,6,SVR,None,2018-09-01,5.116333333333333,4.019289439222012,1.0970438941113212
rolling,6,SVR,None,2018-10-01,5.169666666666667,4.571627322510969,0.5980393441556977
rolling,6,SVR,None,2018-11-01,5.220527777777778,5.032357414700653,0.1881703630771252
rolling,6,SVR,None,2018-12-01,5.035757142857143,4.5313424561601945,0.5044146866969488
rolling,6,SVR,None,2019-01-01,4.934044444444444,3.1099547031125745,1.8240897413318695
rolling,6,SVR,None,2019-02-01,4.7935,3.6481937813239753,1.1453062186760246
rolling,6,SVR,None,2019-03-01,4.410036842105264,3.497354505345716,0.9126823367595476
rolling,6,SVR,None,2019-04-01,4.32444761904762,3.9578694966800216,0.3665781223675988
rolling,6,SVR,None,2019-05-01,4.088347826086957,3.799630495810751,0.2887173302762056
rolling,6,SVR,None,2019-06-01,4.01318,3.787621781902231,0.2255582180977691
rolling,6,SVR,None,2019-07-01,3.979216666666667,3.425289784186554,0.5539268824801127
rolling,6,SVR,None,2019-08-01,3.831255,3.2134074773684604,0.6178475226315396
rolling,6,SVR,None,2019-09-01,3.672726315789474,3.7413786407249625,-0.06865232493548845
rolling,6,SVR,POSNEG,2016-01-01,2.51565,2.522635109294165,-0.0069851092941650705
rolling,6,SVR,POSNEG,2016-02-01,2.5214052631578947,2.4810625070699204,0.04034275608797433
rolling,6,SVR,POSNEG,2016-03-01,2.517215,2.5043479486630287,0.012867051336971524
rolling,6,SVR,POSNEG,2016-04-01,2.514826315789474,2.587662758156508,-0.07283644236703424
rolling,6,SVR,POSNEG,2016-05-01,2.5058625,2.9283554362947664,-0.42249293629476625
rolling,6,SVR,POSNEG,2016-06-01,2.5015650000000003,2.8116721168089156,-0.31010711680891534
rolling,6,SVR,POSNEG,2016-07-01,2.518775,2.5680202884590804,-0.04924528845908016
rolling,6,SVR,POSNEG,2016-08-01,2.527788888888889,2.562779508790305,-0.034990619901416053
rolling,6,SVR,POSNEG,2016-09-01,2.51759375,2.6712841903181186,-0.15369044031811852
rolling,6,SVR,POSNEG,2016-10-01,2.535536363636364,2.743313384830111,-0.20777702119374686
rolling,6,SVR,POSNEG,2016-11-01,2.5772411764705883,2.336856326365877,0.24038485010471122
rolling,6,SVR,POSNEG,2016-12-01,2.57815,2.7382003921622355,-0.1600503921622356
rolling,6,SVR,POSNEG,2017-01-01,2.5543,2.8208284221926943,-0.26652842219269424
rolling,6,SVR,POSNEG,2017-02-01,2.5655,2.715715050404375,-0.1502150504043751
rolling,6,SVR,POSNEG,2017-03-01,2.553335294117648,2.3787712270950276,0.1745640670226205
rolling,6,SVR,POSNEG,2017-04-01,2.5712,2.676261037253418,-0.10506103725341776
rolling,6,SVR,POSNEG,2017-05-01,2.65784,2.290808305456552,0.3670316945434484
rolling,6,SVR,POSNEG,2017-06-01,2.69046,2.5703518888795096,0.12010811112049025
rolling,6,SVR,POSNEG,2017-07-01,3.0855473684210524,2.5575942725757415,0.5279530958453109
rolling,6,SVR,POSNEG,2017-08-01,3.0982380952380955,2.7727776128232557,0.3254604824148397
rolling,6,SVR,POSNEG,2017-09-01,3.075673684210526,2.695688205498694,0.37998547871183197
rolling,6,SVR,POSNEG,2017-10-01,3.065655,2.945808703279634,0.11984629672036595
rolling,6,SVR,POSNEG,2017-11-01,3.15159,2.8613740877979947,0.2902159122020054
rolling,6,SVR,POSNEG,2017-12-01,3.30657619047619,2.830115215209454,0.47646097526673614
rolling,6,SVR,POSNEG,2018-01-01,3.4621947368421053,3.1520777160639746,0.31011702077813075
rolling,6,SVR,POSNEG,2018-02-01,3.6392136363636367,3.081322474068747,0.5578911622948897
rolling,6,SVR,POSNEG,2018-03-01,3.934538095238095,3.177598389167441,0.756939706070654
rolling,6,SVR,POSNEG,2018-04-01,4.20315,3.4537675349748485,0.7493824650251515
rolling,6,SVR,POSNEG,2018-05-01,4.641321739130435,3.235310057004475,1.4060116821259596
rolling,6,SVR,POSNEG,2018-06-01,4.782921052631579,3.6642148949908235,1.1187061576407555
rolling,6,SVR,POSNEG,2018-07-01,4.948788235294118,3.7539078247013187,1.1948804105927993
rolling,6,SVR,POSNEG,2018-08-01,5.096627272727273,3.9587750629780354,1.1378522097492372
rolling,6,SVR,POSNEG,2018-09-01,5.116333333333333,3.7139408931550424,1.402392440178291
rolling,6,SVR,POSNEG,2018-10-01,5.169666666666667,4.067312400692338,1.1023542659743288
rolling,6,SVR,POSNEG,2018-11-01,5.220527777777778,4.723156513776084,0.4973712640016936
rolling,6,SVR,POSNEG,2018-12-01,5.035757142857143,4.508192521851466,0.527564621005677
rolling,6,SVR,POSNEG,2019-01-01,4.934044444444444,3.142938409106837,1.7911060353376071
rolling,6,SVR,POSNEG,2019-02-01,4.7935,2.6353854079131036,2.1581145920868963
rolling,6,SVR,POSNEG,2019-03-01,4.410036842105264,3.4561708789474794,0.9538659631577842
rolling,6,SVR,POSNEG,2019-04-01,4.32444761904762,3.7994887601652496,0.5249588588823708
rolling,6,SVR,POSNEG,2019-05-01,4.088347826086957,3.7923207777820296,0.2960270483049272
rolling,6,SVR,POSNEG,2019-06-01,4.01318,3.5756719428640933,0.4375080571359069
rolling,6,SVR,POSNEG,2019-07-01,3.979216666666667,3.4733558772839,0.5058607893827669
rolling,6,SVR,POSNEG,2019-08-01,3.831255,3.245025498779696,0.5862295012203043
rolling,6,SVR,POSNEG,2019-09-01,3.672726315789474,3.6849344960352566,-0.012208180245782518
rolling,6,SVR,ToneMean,2016-01-01,2.51565,2.430748124537999,0.08490187546200101
rolling,6,SVR,ToneMean,2016-02-01,2.5214052631578947,2.471407940966868,0.049997322191026594
rolling,6,SVR,ToneMean,2016-03-01,2.517215,2.4859839736816536,0.031231026318346622
rolling,6,SVR,ToneMean,2016-04-01,2.514826315789474,2.5998839690742552,-0.08505765328478132
rolling,6,SVR,ToneMean,2016-05-01,2.5058625,2.9459702176090103,-0.44010771760901024
rolling,6,SVR,ToneMean,2016-06-01,2.5015650000000003,2.8121456156213407,-0.31058061562134043
rolling,6,SVR,ToneMean,2016-07-01,2.518775,2.574257200050603,-0.05548220005060278
rolling,6,SVR,ToneMean,2016-08-01,2.527788888888889,2.5965316597082904,-0.0687427708194015
rolling,6,SVR,ToneMean,2016-09-01,2.51759375,2.5984000652847543,-0.08080631528475424
rolling,6,SVR,ToneMean,2016-10-01,2.535536363636364,2.3953895292430207,0.1401468343933434
rolling,6,SVR,ToneMean,2016-11-01,2.5772411764705883,2.321142178829708,0.2560989976408803
rolling,6,SVR,ToneMean,2016-12-01,2.57815,2.7235435979298637,-0.14539359792986373
rolling,6,SVR,ToneMean,2017-01-01,2.5543,2.9500880159513727,-0.3957880159513727
rolling,6,SVR,ToneMean,2017-02-01,2.5655,2.616925948522872,-0.051425948522871856
rolling,6,SVR,ToneMean,2017-03-01,2.553335294117648,2.3808129171869776,0.17252237693067052
rolling,6,SVR,ToneMean,2017-04-01,2.5712,2.6978691642990813,-0.12666916429908115
rolling,6,SVR,ToneMean,2017-05-01,2.65784,2.326250265803195,0.33158973419680526
rolling,6,SVR,ToneMean,2017-06-01,2.69046,2.5840273920623,0.10643260793770004
rolling,6,SVR,ToneMean,2017-07-01,3.0855473684210524,2.559303310502349,0.5262440579187033
rolling,6,SVR,ToneMean,2017-08-01,3.0982380952380955,2.758724145608127,0.3395139496299686
rolling,6,SVR,ToneMean,2017-09-01,3.075673684210526,2.770874412430997,0.30479927177952915
rolling,6,SVR,ToneMean,2017-10-01,3.065655,2.982349507179638,0.08330549282036204
rolling,6,SVR,ToneMean,2017-11-01,3.15159,2.949268865369466,0.20232113463053425
rolling,6,SVR,ToneMean,2017-12-01,3.30657619047619,2.8251082341414917,0.4814679563346984
rolling,6,SVR,ToneMean,2018-01-01,3.4621947368421053,3.2058708239690197,0.25632391287308565
rolling,6,SVR,ToneMean,2018-02-01,3.6392136363636367,3.0429522120602703,0.5962614243033664
rolling,6,SVR,ToneMean,2018-03-01,3.934538095238095,3.149552598816185,0.7849854964219101
rolling,6,SVR,ToneMean,2018-04-01,4.20315,3.445871122276002,0.7572788777239978
rolling,6,SVR,ToneMean,2018-05-01,4.641321739130435,3.1894291218013273,1.4518926173291073
rolling,6,SVR,ToneMean,2018-06-01,4.782921052631579,3.8015686022592554,0.9813524503723237
rolling,6,SVR,ToneMean,2018-07-01,4.948788235294118,3.8126628793633777,1.1361253559307403
rolling,6,SVR,ToneMean,2018-08-01,5.096627272727273,4.147576779482302,0.9490504932449708
rolling,6,SVR,ToneMean,2018-09-01,5.116333333333333,3.838789998334215,1.2775433349991183
rolling,6,SVR,ToneMean,2018-10-01,5.169666666666667,4.112257567457339,1.0574090992093277
rolling,6,SVR,ToneMean,2018-11-01,5.220527777777778,4.647187870904772,0.5733399068730058
rolling,6,SVR,ToneMean,2018-12-01,5.035757142857143,4.642416956848558,0.39334018600858567
rolling,6,SVR,ToneMean,2019-01-01,4.934044444444444,3.015984654977194,1.9180597894672502
rolling,6,SVR,ToneMean,2019-02-01,4.7935,3.288143742917686,1.505356257082314
rolling,6,SVR,ToneMean,2019-03-01,4.410036842105264,3.4161439359725714,0.9938929061326922
rolling,6,SVR,ToneMean,2019-04-01,4.32444761904762,3.853783214066948,0.4706644049806723
rolling,6,SVR,ToneMean,2019-05-01,4.088347826086957,3.756602842310876,0.33174498377608064
rolling,6,SVR,ToneMean,2019-06-01,4.01318,3.7167840986227363,0.2963959013772639
rolling,6,SVR,ToneMean,2019-07-01,3.979216666666667,3.5071380834853727,0.47207858318129414
rolling,6,SVR,ToneMean,2019-08-01,3.831255,3.3254061480005443,0.5058488519994557
rolling,6,SVR,ToneMean,2019-09-01,3.672726315789474,3.706069262046899,-0.033342946257425066
